puzzleID, algorithm, difficulty, timeElapsed, guessCount
0, 0 - with algorithms, 1, 225.383000, 45
1, 0 - with algorithms, 1, 199.164000, 42
2, 0 - with algorithms, 1, 205.896000, 44
3, 0 - with algorithms, 1, 240.652000, 51
4, 0 - with algorithms, 1, 387.507000, 50
5, 0 - with algorithms, 1, 227.768000, 49
6, 0 - with algorithms, 1, 217.168000, 47
7, 0 - with algorithms, 1, 221.997000, 48
8, 0 - with algorithms, 1, 216.657000, 46
9, 0 - with algorithms, 1, 228.419000, 50
10, 0 - with algorithms, 1, 231.845000, 49
11, 0 - with algorithms, 1, 212.959000, 46
12, 0 - with algorithms, 1, 225.784000, 49
13, 0 - with algorithms, 1, 216.977000, 47
14, 0 - with algorithms, 1, 232.416000, 51
15, 0 - with algorithms, 1, 229.841000, 50
16, 0 - with algorithms, 1, 222.868000, 49
17, 0 - with algorithms, 1, 239.700000, 49
18, 0 - with algorithms, 1, 227.677000, 50
19, 0 - with algorithms, 1, 211.908000, 46
20, 0 - with algorithms, 1, 235.742000, 52
21, 0 - with algorithms, 1, 230.272000, 50
22, 0 - with algorithms, 1, 231.734000, 50
23, 0 - with algorithms, 1, 223.950000, 49
24, 0 - with algorithms, 1, 211.427000, 46
25, 0 - with algorithms, 1, 158.307000, 47
26, 0 - with algorithms, 1, 167.845000, 50
27, 0 - with algorithms, 1, 156.915000, 48
28, 0 - with algorithms, 1, 189.045000, 48
29, 0 - with algorithms, 1, 164.128000, 51
30, 0 - with algorithms, 1, 161.302000, 50
31, 0 - with algorithms, 1, 160.020000, 48
32, 0 - with algorithms, 1, 169.448000, 53
33, 0 - with algorithms, 1, 153.397000, 47
34, 0 - with algorithms, 1, 159.279000, 49
35, 0 - with algorithms, 1, 156.303000, 48
36, 0 - with algorithms, 1, 156.464000, 48
37, 0 - with algorithms, 1, 155.532000, 48
38, 0 - with algorithms, 1, 160.822000, 47
39, 0 - with algorithms, 1, 155.853000, 48
40, 0 - with algorithms, 1, 154.741000, 48
41, 0 - with algorithms, 1, 164.289000, 51
42, 0 - with algorithms, 1, 155.061000, 48
43, 0 - with algorithms, 1, 163.397000, 50
44, 0 - with algorithms, 1, 155.341000, 48
45, 0 - with algorithms, 1, 169.989000, 51
46, 0 - with algorithms, 1, 235.943000, 49
47, 0 - with algorithms, 1, 151.264000, 46
48, 0 - with algorithms, 1, 163.557000, 51
49, 0 - with algorithms, 1, 156.744000, 48
50, 0 - with algorithms, 1, 153.478000, 47
51, 0 - with algorithms, 1, 168.206000, 49
52, 0 - with algorithms, 1, 301.646000, 50
53, 0 - with algorithms, 1, 225.864000, 49
54, 0 - with algorithms, 1, 206.427000, 42
55, 0 - with algorithms, 1, 234.260000, 51
56, 0 - with algorithms, 1, 213.340000, 46
57, 0 - with algorithms, 1, 221.977000, 48
58, 0 - with algorithms, 1, 219.191000, 48
59, 0 - with algorithms, 1, 247.885000, 53
60, 0 - with algorithms, 1, 218.490000, 47
61, 0 - with algorithms, 1, 238.067000, 52
62, 0 - with algorithms, 1, 231.995000, 51
63, 0 - with algorithms, 1, 224.932000, 49
64, 0 - with algorithms, 1, 285.245000, 50
65, 0 - with algorithms, 1, 437.431000, 53
66, 0 - with algorithms, 1, 231.605000, 51
67, 0 - with algorithms, 1, 230.773000, 51
68, 0 - with algorithms, 1, 225.493000, 49
69, 0 - with algorithms, 1, 224.682000, 49
70, 0 - with algorithms, 1, 231.174000, 51
71, 0 - with algorithms, 1, 162.826000, 50
72, 0 - with algorithms, 1, 167.545000, 52
73, 0 - with algorithms, 1, 166.814000, 52
74, 0 - with algorithms, 1, 180.209000, 55
75, 0 - with algorithms, 1, 147.867000, 45
76, 0 - with algorithms, 1, 164.919000, 51
77, 0 - with algorithms, 1, 146.856000, 44
78, 0 - with algorithms, 1, 162.114000, 50
79, 0 - with algorithms, 1, 164.919000, 48
80, 0 - with algorithms, 1, 529.153000, 48
81, 0 - with algorithms, 1, 163.146000, 50
82, 0 - with algorithms, 1, 172.093000, 54
83, 0 - with algorithms, 1, 165.942000, 51
84, 0 - with algorithms, 1, 207.971000, 50
85, 0 - with algorithms, 1, 155.241000, 48
86, 0 - with algorithms, 1, 184.466000, 50
87, 0 - with algorithms, 1, 163.046000, 51
88, 0 - with algorithms, 1, 165.641000, 51
89, 0 - with algorithms, 1, 159.790000, 49
90, 0 - with algorithms, 1, 155.472000, 46
91, 0 - with algorithms, 1, 148.950000, 45
92, 0 - with algorithms, 1, 160.642000, 50
93, 0 - with algorithms, 1, 156.163000, 46
94, 0 - with algorithms, 1, 155.001000, 48
95, 0 - with algorithms, 1, 157.556000, 48
96, 0 - with algorithms, 1, 166.543000, 52
97, 0 - with algorithms, 1, 155.472000, 48
98, 0 - with algorithms, 1, 154.800000, 48
99, 0 - with algorithms, 1, 153.227000, 46
100, 0 - with algorithms, 1, 170.009000, 50
101, 0 - with algorithms, 1, 167.544000, 52
102, 0 - with algorithms, 1, 158.678000, 47
103, 0 - with algorithms, 1, 157.345000, 48
104, 0 - with algorithms, 1, 159.910000, 49
105, 0 - with algorithms, 1, 161.643000, 50
106, 0 - with algorithms, 1, 149.671000, 45
107, 0 - with algorithms, 1, 152.055000, 45
108, 0 - with algorithms, 1, 154.500000, 47
109, 0 - with algorithms, 1, 154.991000, 48
110, 0 - with algorithms, 1, 171.903000, 53
111, 0 - with algorithms, 1, 152.295000, 47
112, 0 - with algorithms, 1, 157.125000, 49
113, 0 - with algorithms, 1, 158.879000, 48
114, 0 - with algorithms, 1, 259.297000, 50
115, 0 - with algorithms, 1, 157.035000, 49
116, 0 - with algorithms, 1, 163.056000, 51
117, 0 - with algorithms, 1, 156.724000, 47
118, 0 - with algorithms, 1, 153.538000, 47
119, 0 - with algorithms, 1, 154.090000, 47
120, 0 - with algorithms, 1, 170.590000, 47
121, 0 - with algorithms, 1, 158.868000, 49
122, 0 - with algorithms, 1, 166.342000, 52
123, 0 - with algorithms, 1, 160.060000, 49
124, 0 - with algorithms, 1, 252.003000, 50
125, 0 - with algorithms, 1, 152.566000, 47
126, 0 - with algorithms, 1, 165.651000, 48
127, 0 - with algorithms, 1, 154.199000, 46
128, 0 - with algorithms, 1, 159.630000, 50
129, 0 - with algorithms, 1, 157.696000, 49
130, 0 - with algorithms, 1, 154.640000, 47
131, 0 - with algorithms, 1, 156.093000, 48
132, 0 - with algorithms, 1, 163.296000, 49
133, 0 - with algorithms, 1, 389.000000, 49
134, 0 - with algorithms, 1, 214.783000, 46
135, 0 - with algorithms, 1, 221.005000, 48
136, 0 - with algorithms, 1, 229.551000, 50
137, 0 - with algorithms, 1, 228.288000, 50
138, 0 - with algorithms, 1, 219.231000, 45
139, 0 - with algorithms, 1, 229.350000, 50
140, 0 - with algorithms, 1, 230.773000, 50
141, 0 - with algorithms, 1, 235.683000, 52
142, 0 - with algorithms, 1, 225.714000, 50
143, 0 - with algorithms, 1, 225.853000, 48
144, 0 - with algorithms, 1, 216.897000, 47
145, 0 - with algorithms, 1, 215.725000, 46
146, 0 - with algorithms, 1, 221.306000, 48
147, 0 - with algorithms, 1, 211.888000, 45
148, 0 - with algorithms, 1, 232.356000, 51
149, 0 - with algorithms, 1, 218.110000, 47
150, 0 - with algorithms, 1, 225.764000, 49
151, 0 - with algorithms, 1, 292.449000, 50
152, 0 - with algorithms, 1, 211.106000, 45
153, 0 - with algorithms, 1, 229.921000, 50
154, 0 - with algorithms, 1, 212.839000, 46
155, 0 - with algorithms, 1, 244.750000, 53
156, 0 - with algorithms, 1, 211.487000, 46
157, 0 - with algorithms, 1, 215.855000, 47
158, 0 - with algorithms, 1, 222.387000, 49
159, 0 - with algorithms, 1, 222.407000, 48
160, 0 - with algorithms, 1, 222.748000, 48
161, 0 - with algorithms, 1, 216.847000, 47
162, 0 - with algorithms, 1, 221.326000, 47
163, 0 - with algorithms, 1, 219.922000, 48
164, 0 - with algorithms, 1, 238.708000, 53
165, 0 - with algorithms, 1, 217.258000, 47
166, 0 - with algorithms, 1, 230.503000, 50
167, 0 - with algorithms, 1, 211.397000, 45
168, 0 - with algorithms, 1, 305.192000, 53
169, 0 - with algorithms, 1, 235.302000, 52
170, 0 - with algorithms, 1, 229.010000, 50
171, 0 - with algorithms, 1, 230.092000, 51
172, 0 - with algorithms, 1, 232.056000, 50
173, 0 - with algorithms, 1, 227.748000, 47
174, 0 - with algorithms, 1, 230.433000, 51
175, 0 - with algorithms, 1, 224.381000, 49
176, 0 - with algorithms, 1, 215.485000, 47
177, 0 - with algorithms, 1, 289.052000, 48
178, 0 - with algorithms, 1, 232.326000, 51
179, 0 - with algorithms, 1, 233.738000, 51
180, 0 - with algorithms, 1, 227.056000, 50
181, 0 - with algorithms, 1, 211.477000, 45
182, 0 - with algorithms, 1, 276.859000, 48
183, 0 - with algorithms, 1, 235.973000, 52
184, 0 - with algorithms, 1, 238.357000, 52
185, 0 - with algorithms, 1, 219.773000, 48
186, 0 - with algorithms, 1, 215.565000, 47
187, 0 - with algorithms, 1, 240.741000, 53
188, 0 - with algorithms, 1, 227.908000, 50
189, 0 - with algorithms, 1, 228.730000, 49
190, 0 - with algorithms, 1, 225.544000, 49
191, 0 - with algorithms, 1, 243.076000, 52
192, 0 - with algorithms, 1, 230.553000, 51
193, 0 - with algorithms, 1, 222.768000, 49
194, 0 - with algorithms, 1, 223.469000, 48
195, 0 - with algorithms, 1, 217.618000, 48
196, 0 - with algorithms, 1, 228.870000, 48
197, 0 - with algorithms, 1, 218.831000, 47
198, 0 - with algorithms, 1, 225.132000, 49
199, 0 - with algorithms, 1, 220.554000, 48
200, 0 - with algorithms, 1, 228.158000, 50
201, 0 - with algorithms, 1, 233.429000, 51
202, 0 - with algorithms, 1, 228.609000, 50
203, 0 - with algorithms, 1, 233.979000, 52
204, 0 - with algorithms, 1, 171.001000, 51
205, 0 - with algorithms, 1, 158.067000, 49
206, 0 - with algorithms, 1, 267.312000, 52
207, 0 - with algorithms, 1, 163.577000, 49
208, 0 - with algorithms, 1, 171.292000, 53
209, 0 - with algorithms, 1, 156.023000, 48
210, 0 - with algorithms, 1, 167.915000, 51
211, 0 - with algorithms, 1, 161.924000, 50
212, 0 - with algorithms, 1, 159.299000, 48
213, 0 - with algorithms, 1, 157.466000, 46
214, 0 - with algorithms, 1, 153.057000, 47
215, 0 - with algorithms, 1, 148.399000, 45
216, 0 - with algorithms, 1, 161.353000, 49
217, 0 - with algorithms, 1, 163.517000, 48
218, 0 - with algorithms, 1, 159.099000, 49
219, 0 - with algorithms, 1, 309.150000, 52
220, 0 - with algorithms, 1, 167.124000, 51
221, 0 - with algorithms, 1, 174.959000, 50
222, 0 - with algorithms, 1, 165.140000, 51
223, 0 - with algorithms, 1, 145.012000, 42
224, 0 - with algorithms, 1, 155.302000, 48
225, 0 - with algorithms, 1, 162.555000, 50
226, 0 - with algorithms, 1, 157.526000, 48
227, 0 - with algorithms, 1, 166.242000, 50
228, 0 - with algorithms, 1, 164.438000, 49
229, 0 - with algorithms, 1, 155.642000, 48
230, 0 - with algorithms, 1, 164.649000, 49
231, 0 - with algorithms, 1, 163.627000, 51
232, 0 - with algorithms, 1, 163.778000, 51
233, 0 - with algorithms, 1, 160.191000, 50
234, 0 - with algorithms, 1, 172.694000, 51
235, 0 - with algorithms, 1, 158.498000, 48
236, 0 - with algorithms, 1, 159.479000, 49
237, 0 - with algorithms, 1, 274.225000, 49
238, 0 - with algorithms, 1, 161.804000, 50
239, 0 - with algorithms, 1, 166.933000, 52
240, 0 - with algorithms, 1, 291.007000, 53
241, 0 - with algorithms, 1, 160.321000, 49
242, 0 - with algorithms, 1, 170.109000, 53
243, 0 - with algorithms, 1, 162.736000, 49
244, 0 - with algorithms, 1, 166.312000, 51
245, 0 - with algorithms, 1, 160.341000, 49
246, 0 - with algorithms, 1, 164.088000, 50
247, 0 - with algorithms, 1, 259.557000, 49
248, 0 - with algorithms, 1, 164.178000, 51
249, 0 - with algorithms, 1, 160.080000, 49
250, 0 - with algorithms, 1, 164.279000, 51
251, 0 - with algorithms, 1, 151.394000, 43
252, 0 - with algorithms, 1, 153.297000, 46
253, 0 - with algorithms, 1, 166.843000, 49
254, 0 - with algorithms, 1, 161.133000, 50
255, 0 - with algorithms, 1, 159.078000, 49
256, 0 - with algorithms, 1, 158.448000, 49
257, 0 - with algorithms, 1, 162.956000, 49
258, 0 - with algorithms, 1, 163.477000, 48
259, 0 - with algorithms, 1, 158.909000, 48
260, 0 - with algorithms, 1, 162.695000, 49
261, 0 - with algorithms, 1, 163.637000, 51
262, 0 - with algorithms, 1, 158.567000, 49
263, 0 - with algorithms, 1, 159.570000, 48
264, 0 - with algorithms, 1, 165.050000, 49
265, 0 - with algorithms, 1, 155.572000, 48
266, 0 - with algorithms, 1, 147.627000, 44
267, 0 - with algorithms, 1, 168.185000, 51
268, 0 - with algorithms, 1, 151.074000, 46
269, 0 - with algorithms, 1, 158.648000, 48
270, 0 - with algorithms, 1, 159.059000, 46
271, 0 - with algorithms, 1, 258.225000, 50
272, 0 - with algorithms, 1, 151.184000, 46
273, 0 - with algorithms, 1, 207.519000, 50
274, 0 - with algorithms, 1, 150.642000, 46
275, 0 - with algorithms, 1, 209.633000, 48
276, 0 - with algorithms, 1, 157.265000, 48
277, 0 - with algorithms, 1, 159.058000, 48
278, 0 - with algorithms, 1, 250.220000, 48
279, 0 - with algorithms, 1, 162.185000, 50
280, 0 - with algorithms, 1, 263.094000, 53
281, 0 - with algorithms, 1, 156.895000, 47
282, 0 - with algorithms, 1, 163.417000, 51
283, 0 - with algorithms, 1, 154.861000, 47
284, 0 - with algorithms, 1, 156.043000, 48
285, 0 - with algorithms, 1, 161.743000, 50
286, 0 - with algorithms, 1, 170.110000, 49
287, 0 - with algorithms, 1, 150.713000, 45
288, 0 - with algorithms, 1, 163.847000, 50
289, 0 - with algorithms, 1, 207.840000, 51
290, 0 - with algorithms, 1, 162.775000, 50
291, 0 - with algorithms, 1, 165.350000, 51
292, 0 - with algorithms, 1, 166.442000, 48
293, 0 - with algorithms, 1, 170.710000, 51
294, 0 - with algorithms, 1, 158.338000, 48
295, 0 - with algorithms, 1, 156.914000, 48
296, 0 - with algorithms, 1, 162.485000, 49
297, 0 - with algorithms, 1, 217.959000, 47
298, 0 - with algorithms, 1, 245.691000, 52
299, 0 - with algorithms, 1, 157.425000, 48
300, 0 - with algorithms, 1, 153.388000, 47
301, 0 - with algorithms, 1, 159.108000, 49
302, 0 - with algorithms, 1, 158.497000, 48
303, 0 - with algorithms, 1, 162.715000, 49
304, 0 - with algorithms, 1, 166.833000, 50
305, 0 - with algorithms, 1, 161.844000, 49
306, 0 - with algorithms, 1, 156.233000, 48
307, 0 - with algorithms, 1, 160.471000, 49
308, 0 - with algorithms, 1, 156.083000, 48
309, 0 - with algorithms, 1, 173.817000, 50
310, 0 - with algorithms, 1, 163.927000, 48
311, 0 - with algorithms, 1, 160.781000, 48
312, 0 - with algorithms, 1, 160.701000, 46
313, 0 - with algorithms, 1, 210.725000, 48
314, 0 - with algorithms, 1, 164.388000, 49
315, 0 - with algorithms, 1, 169.879000, 53
316, 0 - with algorithms, 1, 158.017000, 47
317, 0 - with algorithms, 1, 168.547000, 51
318, 0 - with algorithms, 1, 172.113000, 52
319, 0 - with algorithms, 1, 189.416000, 48
320, 0 - with algorithms, 1, 152.075000, 47
321, 0 - with algorithms, 1, 166.573000, 52
322, 0 - with algorithms, 1, 167.154000, 50
323, 0 - with algorithms, 1, 147.998000, 44
324, 0 - with algorithms, 1, 159.329000, 49
325, 0 - with algorithms, 1, 150.723000, 46
326, 0 - with algorithms, 1, 878.428000, 48
327, 0 - with algorithms, 1, 217.268000, 46
328, 0 - with algorithms, 1, 232.787000, 51
329, 0 - with algorithms, 1, 233.489000, 48
330, 0 - with algorithms, 1, 305.934000, 49
331, 0 - with algorithms, 1, 241.904000, 51
332, 0 - with algorithms, 1, 233.247000, 51
333, 0 - with algorithms, 1, 236.904000, 51
334, 0 - with algorithms, 1, 216.987000, 46
335, 0 - with algorithms, 1, 220.103000, 47
336, 0 - with algorithms, 1, 229.140000, 50
337, 0 - with algorithms, 1, 236.354000, 52
338, 0 - with algorithms, 1, 234.891000, 52
339, 0 - with algorithms, 1, 207.970000, 45
340, 0 - with algorithms, 1, 222.016000, 49
341, 0 - with algorithms, 1, 194.946000, 46
342, 0 - with algorithms, 1, 185.939000, 52
343, 0 - with algorithms, 1, 149.451000, 45
344, 0 - with algorithms, 1, 160.281000, 49
345, 0 - with algorithms, 1, 157.646000, 48
346, 0 - with algorithms, 1, 168.617000, 51
347, 0 - with algorithms, 1, 156.884000, 48
348, 0 - with algorithms, 1, 155.742000, 46
349, 0 - with algorithms, 1, 169.107000, 49
350, 0 - with algorithms, 1, 154.770000, 47
351, 0 - with algorithms, 1, 174.508000, 50
352, 0 - with algorithms, 1, 156.023000, 47
353, 0 - with algorithms, 1, 154.049000, 46
354, 0 - with algorithms, 1, 168.065000, 51
355, 0 - with algorithms, 1, 157.956000, 48
356, 0 - with algorithms, 1, 159.379000, 47
357, 0 - with algorithms, 1, 160.761000, 48
358, 0 - with algorithms, 1, 163.537000, 46
359, 0 - with algorithms, 1, 158.778000, 48
360, 0 - with algorithms, 1, 155.031000, 47
361, 0 - with algorithms, 1, 161.063000, 46
362, 0 - with algorithms, 1, 169.017000, 52
363, 0 - with algorithms, 1, 158.478000, 47
364, 0 - with algorithms, 1, 175.078000, 50
365, 0 - with algorithms, 1, 175.690000, 53
366, 0 - with algorithms, 1, 165.641000, 50
367, 0 - with algorithms, 1, 171.302000, 52
368, 0 - with algorithms, 1, 168.417000, 49
369, 0 - with algorithms, 1, 153.708000, 45
370, 0 - with algorithms, 1, 163.667000, 49
371, 0 - with algorithms, 1, 215.003000, 45
372, 0 - with algorithms, 1, 157.796000, 46
373, 0 - with algorithms, 1, 164.179000, 49
374, 0 - with algorithms, 1, 163.968000, 49
375, 0 - with algorithms, 1, 163.267000, 49
376, 0 - with algorithms, 1, 157.706000, 47
377, 0 - with algorithms, 1, 214.653000, 50
378, 0 - with algorithms, 1, 221.045000, 53
379, 0 - with algorithms, 1, 166.703000, 50
380, 0 - with algorithms, 1, 205.396000, 49
381, 0 - with algorithms, 1, 145.523000, 42
382, 0 - with algorithms, 1, 159.069000, 47
383, 0 - with algorithms, 1, 162.846000, 48
384, 0 - with algorithms, 1, 145.593000, 41
385, 0 - with algorithms, 1, 352.311000, 51
386, 0 - with algorithms, 1, 166.092000, 49
387, 0 - with algorithms, 1, 165.230000, 48
388, 0 - with algorithms, 1, 172.554000, 52
389, 0 - with algorithms, 1, 158.488000, 47
390, 0 - with algorithms, 1, 178.004000, 52
391, 0 - with algorithms, 1, 169.939000, 48
392, 0 - with algorithms, 1, 293.391000, 50
393, 0 - with algorithms, 1, 170.631000, 49
394, 0 - with algorithms, 1, 162.234000, 48
395, 0 - with algorithms, 1, 167.764000, 50
396, 0 - with algorithms, 1, 159.840000, 47
397, 0 - with algorithms, 1, 178.915000, 50
398, 0 - with algorithms, 1, 215.454000, 50
399, 0 - with algorithms, 1, 165.200000, 49
400, 0 - with algorithms, 1, 170.610000, 51
401, 0 - with algorithms, 1, 163.667000, 48
402, 0 - with algorithms, 1, 164.629000, 49
403, 0 - with algorithms, 1, 217.278000, 44
404, 0 - with algorithms, 1, 213.851000, 46
405, 0 - with algorithms, 1, 244.940000, 48
406, 0 - with algorithms, 1, 306.906000, 51
407, 0 - with algorithms, 1, 165.671000, 47
408, 0 - with algorithms, 1, 165.130000, 47
409, 0 - with algorithms, 1, 155.011000, 45
410, 0 - with algorithms, 1, 162.305000, 47
411, 0 - with algorithms, 1, 179.767000, 53
412, 0 - with algorithms, 1, 171.602000, 51
413, 0 - with algorithms, 1, 159.129000, 45
414, 0 - with algorithms, 1, 173.025000, 49
415, 0 - with algorithms, 1, 261.361000, 52
416, 0 - with algorithms, 1, 167.374000, 49
417, 0 - with algorithms, 1, 174.658000, 51
418, 0 - with algorithms, 1, 170.981000, 47
419, 0 - with algorithms, 1, 337.874000, 47
420, 0 - with algorithms, 1, 169.067000, 48
421, 0 - with algorithms, 1, 167.023000, 49
422, 0 - with algorithms, 1, 164.289000, 48
423, 0 - with algorithms, 1, 167.154000, 46
424, 0 - with algorithms, 1, 170.160000, 49
425, 0 - with algorithms, 1, 176.942000, 48
426, 0 - with algorithms, 1, 162.125000, 47
427, 0 - with algorithms, 1, 161.974000, 47
428, 0 - with algorithms, 1, 174.638000, 51
429, 0 - with algorithms, 1, 189.646000, 52
430, 0 - with algorithms, 1, 174.097000, 51
431, 0 - with algorithms, 1, 169.067000, 49
432, 0 - with algorithms, 1, 165.321000, 47
433, 0 - with algorithms, 1, 175.569000, 51
434, 0 - with algorithms, 1, 177.653000, 51
435, 0 - with algorithms, 1, 182.151000, 51
436, 0 - with algorithms, 1, 165.691000, 48
437, 0 - with algorithms, 1, 177.052000, 51
438, 0 - with algorithms, 1, 178.615000, 50
439, 0 - with algorithms, 1, 185.839000, 53
440, 0 - with algorithms, 1, 170.350000, 47
441, 0 - with algorithms, 1, 184.687000, 50
442, 0 - with algorithms, 1, 168.706000, 49
443, 0 - with algorithms, 1, 339.157000, 50
444, 0 - with algorithms, 1, 170.069000, 49
445, 0 - with algorithms, 1, 164.799000, 47
446, 0 - with algorithms, 1, 186.059000, 50
447, 0 - with algorithms, 1, 177.664000, 49
448, 0 - with algorithms, 1, 174.838000, 50
449, 0 - with algorithms, 1, 163.878000, 47
450, 0 - with algorithms, 1, 181.931000, 51
451, 0 - with algorithms, 1, 178.976000, 52
452, 0 - with algorithms, 1, 238.116000, 52
453, 0 - with algorithms, 1, 179.136000, 50
454, 0 - with algorithms, 1, 175.339000, 51
455, 0 - with algorithms, 1, 173.536000, 50
456, 0 - with algorithms, 1, 174.768000, 50
457, 0 - with algorithms, 1, 175.058000, 51
458, 0 - with algorithms, 1, 174.357000, 51
459, 0 - with algorithms, 1, 165.651000, 47
460, 0 - with algorithms, 1, 171.592000, 50
461, 0 - with algorithms, 1, 160.882000, 46
462, 0 - with algorithms, 1, 171.432000, 50
463, 0 - with algorithms, 1, 159.139000, 44
464, 0 - with algorithms, 1, 163.997000, 47
465, 0 - with algorithms, 1, 159.159000, 45
466, 0 - with algorithms, 1, 169.238000, 48
467, 0 - with algorithms, 1, 171.632000, 50
468, 0 - with algorithms, 1, 178.204000, 52
469, 0 - with algorithms, 1, 174.568000, 49
470, 0 - with algorithms, 1, 175.910000, 51
471, 0 - with algorithms, 1, 177.032000, 50
472, 0 - with algorithms, 1, 165.110000, 47
473, 0 - with algorithms, 1, 173.276000, 50
474, 0 - with algorithms, 1, 171.291000, 46
475, 0 - with algorithms, 1, 181.841000, 47
476, 0 - with algorithms, 1, 175.329000, 47
477, 0 - with algorithms, 1, 160.652000, 45
478, 0 - with algorithms, 1, 161.233000, 46
479, 0 - with algorithms, 1, 167.264000, 48
480, 0 - with algorithms, 1, 165.701000, 47
481, 0 - with algorithms, 1, 172.103000, 50
482, 0 - with algorithms, 1, 171.231000, 49
483, 0 - with algorithms, 1, 166.242000, 47
484, 0 - with algorithms, 1, 266.821000, 51
485, 0 - with algorithms, 1, 178.985000, 51
486, 0 - with algorithms, 1, 170.359000, 49
487, 0 - with algorithms, 1, 286.779000, 52
488, 0 - with algorithms, 1, 183.264000, 49
489, 0 - with algorithms, 1, 164.198000, 47
490, 0 - with algorithms, 1, 161.934000, 44
491, 0 - with algorithms, 1, 173.566000, 47
492, 0 - with algorithms, 1, 177.844000, 51
493, 0 - with algorithms, 1, 169.367000, 48
494, 0 - with algorithms, 1, 282.871000, 51
495, 0 - with algorithms, 1, 167.144000, 46
496, 0 - with algorithms, 1, 181.020000, 49
497, 0 - with algorithms, 1, 169.588000, 45
498, 0 - with algorithms, 1, 176.582000, 51
499, 0 - with algorithms, 1, 176.611000, 51
500, 0 - with algorithms, 1, 174.959000, 49
501, 0 - with algorithms, 1, 168.516000, 48
502, 0 - with algorithms, 1, 181.521000, 48
503, 0 - with algorithms, 1, 169.378000, 47
504, 0 - with algorithms, 1, 170.099000, 48
505, 0 - with algorithms, 1, 161.003000, 46
506, 0 - with algorithms, 1, 176.822000, 51
507, 0 - with algorithms, 1, 181.180000, 52
508, 0 - with algorithms, 1, 181.070000, 51
509, 0 - with algorithms, 1, 183.505000, 51
510, 0 - with algorithms, 1, 174.026000, 50
511, 0 - with algorithms, 1, 172.453000, 49
512, 0 - with algorithms, 1, 170.009000, 48
513, 0 - with algorithms, 1, 303.800000, 52
514, 0 - with algorithms, 1, 195.277000, 54
515, 0 - with algorithms, 1, 170.760000, 49
516, 0 - with algorithms, 1, 166.783000, 47
517, 0 - with algorithms, 1, 173.406000, 50
518, 0 - with algorithms, 1, 349.255000, 53
519, 0 - with algorithms, 1, 187.221000, 51
520, 0 - with algorithms, 1, 166.402000, 47
521, 0 - with algorithms, 1, 168.777000, 48
522, 0 - with algorithms, 1, 179.116000, 52
523, 0 - with algorithms, 1, 175.229000, 50
524, 0 - with algorithms, 1, 170.710000, 49
525, 0 - with algorithms, 1, 183.644000, 49
526, 0 - with algorithms, 1, 179.657000, 47
527, 0 - with algorithms, 1, 182.623000, 46
528, 0 - with algorithms, 1, 171.922000, 46
529, 0 - with algorithms, 1, 166.713000, 47
530, 0 - with algorithms, 1, 164.108000, 47
531, 0 - with algorithms, 1, 179.557000, 47
532, 0 - with algorithms, 1, 178.254000, 51
533, 0 - with algorithms, 1, 284.093000, 48
534, 0 - with algorithms, 1, 165.861000, 47
535, 0 - with algorithms, 1, 167.795000, 47
536, 0 - with algorithms, 1, 157.095000, 43
537, 0 - with algorithms, 1, 182.202000, 47
538, 0 - with algorithms, 1, 178.114000, 51
539, 0 - with algorithms, 1, 173.225000, 49
540, 0 - with algorithms, 1, 176.341000, 49
541, 0 - with algorithms, 1, 178.465000, 51
542, 0 - with algorithms, 1, 165.470000, 45
543, 0 - with algorithms, 1, 173.616000, 45
544, 0 - with algorithms, 1, 169.438000, 48
545, 0 - with algorithms, 1, 174.868000, 50
546, 0 - with algorithms, 1, 176.261000, 49
547, 0 - with algorithms, 1, 179.807000, 50
548, 0 - with algorithms, 1, 171.602000, 48
549, 0 - with algorithms, 1, 352.712000, 52
550, 0 - with algorithms, 1, 179.878000, 51
551, 0 - with algorithms, 1, 163.607000, 46
552, 0 - with algorithms, 1, 175.279000, 49
553, 0 - with algorithms, 1, 172.123000, 49
554, 0 - with algorithms, 1, 176.782000, 49
555, 0 - with algorithms, 1, 190.948000, 52
556, 0 - with algorithms, 1, 181.310000, 52
557, 0 - with algorithms, 1, 163.637000, 46
558, 0 - with algorithms, 1, 179.647000, 52
559, 0 - with algorithms, 1, 1340.025000, 113
560, 0 - with algorithms, 1, 185.618000, 50
561, 0 - with algorithms, 1, 163.387000, 45
562, 0 - with algorithms, 1, 167.745000, 47
563, 0 - with algorithms, 1, 185.358000, 49
564, 0 - with algorithms, 1, 183.003000, 52
565, 0 - with algorithms, 1, 179.417000, 51
566, 0 - with algorithms, 1, 187.201000, 54
567, 0 - with algorithms, 1, 172.253000, 48
568, 0 - with algorithms, 1, 182.333000, 52
569, 0 - with algorithms, 1, 184.366000, 50
570, 0 - with algorithms, 1, 180.018000, 51
571, 0 - with algorithms, 1, 177.283000, 51
572, 0 - with algorithms, 1, 167.845000, 47
573, 0 - with algorithms, 1, 165.150000, 47
574, 0 - with algorithms, 1, 187.151000, 53
575, 0 - with algorithms, 1, 175.480000, 48
576, 0 - with algorithms, 1, 193.333000, 50
577, 0 - with algorithms, 1, 193.924000, 49
578, 0 - with algorithms, 1, 173.836000, 50
579, 0 - with algorithms, 1, 172.103000, 49
580, 0 - with algorithms, 1, 176.792000, 48
581, 0 - with algorithms, 1, 229.300000, 50
582, 0 - with algorithms, 1, 170.550000, 48
583, 0 - with algorithms, 1, 166.132000, 46
584, 0 - with algorithms, 1, 264.777000, 48
585, 0 - with algorithms, 1, 162.165000, 45
586, 0 - with algorithms, 1, 177.292000, 49
587, 0 - with algorithms, 1, 175.399000, 50
588, 0 - with algorithms, 1, 169.618000, 47
589, 0 - with algorithms, 1, 174.087000, 49
590, 0 - with algorithms, 1, 182.282000, 50
591, 0 - with algorithms, 1, 177.303000, 50
592, 0 - with algorithms, 1, 184.176000, 50
593, 0 - with algorithms, 1, 179.417000, 49
594, 0 - with algorithms, 1, 185.077000, 53
595, 0 - with algorithms, 1, 185.839000, 52
596, 0 - with algorithms, 1, 172.834000, 49
597, 0 - with algorithms, 1, 175.509000, 50
598, 0 - with algorithms, 1, 179.808000, 45
599, 0 - with algorithms, 1, 172.814000, 49
600, 0 - with algorithms, 2, 179.246000, 51
601, 0 - with algorithms, 2, 266.160000, 48
602, 0 - with algorithms, 2, 177.774000, 50
603, 0 - with algorithms, 2, 172.765000, 49
604, 0 - with algorithms, 2, 185.127000, 49
605, 0 - with algorithms, 2, 178.034000, 50
606, 0 - with algorithms, 2, 170.070000, 47
607, 0 - with algorithms, 2, 188.634000, 50
608, 0 - with algorithms, 2, 318.908000, 51
609, 0 - with algorithms, 2, 178.815000, 50
610, 0 - with algorithms, 2, 182.373000, 49
611, 0 - with algorithms, 2, 182.633000, 51
612, 0 - with algorithms, 2, 534.723000, 67
613, 0 - with algorithms, 2, 167.234000, 47
614, 0 - with algorithms, 2, 177.333000, 49
615, 0 - with algorithms, 2, 178.755000, 48
616, 0 - with algorithms, 2, 297.399000, 51
617, 0 - with algorithms, 2, 180.258000, 51
618, 0 - with algorithms, 2, 184.116000, 52
619, 0 - with algorithms, 2, 186.250000, 53
620, 0 - with algorithms, 2, 329.839000, 51
621, 0 - with algorithms, 2, 175.299000, 49
622, 0 - with algorithms, 2, 184.476000, 52
623, 0 - with algorithms, 2, 180.709000, 51
624, 0 - with algorithms, 2, 191.800000, 49
625, 0 - with algorithms, 2, 197.290000, 52
626, 0 - with algorithms, 2, 178.525000, 49
627, 0 - with algorithms, 2, 181.961000, 52
628, 0 - with algorithms, 2, 168.466000, 46
629, 0 - with algorithms, 2, 179.167000, 50
630, 0 - with algorithms, 2, 181.251000, 51
631, 0 - with algorithms, 2, 168.446000, 47
632, 0 - with algorithms, 2, 307.498000, 48
633, 0 - with algorithms, 2, 183.013000, 52
634, 0 - with algorithms, 2, 165.150000, 46
635, 0 - with algorithms, 2, 849.334000, 64
636, 0 - with algorithms, 2, 184.476000, 51
637, 0 - with algorithms, 2, 181.410000, 49
638, 0 - with algorithms, 2, 164.579000, 43
639, 0 - with algorithms, 2, 181.090000, 51
640, 0 - with algorithms, 2, 184.847000, 52
641, 0 - with algorithms, 2, 173.545000, 48
642, 0 - with algorithms, 2, 222.267000, 47
643, 0 - with algorithms, 2, 368.071000, 53
644, 0 - with algorithms, 2, 176.481000, 48
645, 0 - with algorithms, 2, 299.392000, 53
646, 0 - with algorithms, 2, 186.390000, 53
647, 0 - with algorithms, 2, 186.400000, 52
648, 0 - with algorithms, 2, 178.234000, 49
649, 0 - with algorithms, 2, 152.466000, 41
650, 0 - with algorithms, 2, 175.519000, 49
651, 0 - with algorithms, 2, 267.312000, 49
652, 0 - with algorithms, 2, 172.524000, 48
653, 0 - with algorithms, 2, 194.986000, 53
654, 0 - with algorithms, 2, 188.464000, 53
655, 0 - with algorithms, 2, 189.175000, 52
656, 0 - with algorithms, 2, 174.577000, 49
657, 0 - with algorithms, 2, 187.962000, 53
658, 0 - with algorithms, 2, 352.201000, 54
659, 0 - with algorithms, 2, 191.079000, 54
660, 0 - with algorithms, 2, 179.818000, 51
661, 0 - with algorithms, 2, 481.354000, 69
662, 0 - with algorithms, 2, 204.584000, 56
663, 0 - with algorithms, 2, 243.287000, 55
664, 0 - with algorithms, 2, 173.626000, 49
665, 0 - with algorithms, 2, 186.470000, 52
666, 0 - with algorithms, 2, 181.821000, 52
667, 0 - with algorithms, 2, 297.148000, 49
668, 0 - with algorithms, 2, 182.182000, 52
669, 0 - with algorithms, 2, 268.984000, 51
670, 0 - with algorithms, 2, 170.560000, 48
671, 0 - with algorithms, 2, 270.327000, 52
672, 0 - with algorithms, 2, 261.441000, 49
673, 0 - with algorithms, 2, 186.560000, 52
674, 0 - with algorithms, 2, 276.499000, 50
675, 0 - with algorithms, 2, 173.616000, 49
676, 0 - with algorithms, 2, 178.825000, 47
677, 0 - with algorithms, 2, 315.983000, 51
678, 0 - with algorithms, 2, 172.163000, 48
679, 0 - with algorithms, 2, 176.511000, 49
680, 0 - with algorithms, 2, 190.658000, 54
681, 0 - with algorithms, 2, 297.147000, 51
682, 0 - with algorithms, 2, 301.586000, 53
683, 0 - with algorithms, 2, 193.353000, 54
684, 0 - with algorithms, 2, 344.516000, 54
685, 0 - with algorithms, 2, 320.130000, 49
686, 0 - with algorithms, 2, 195.928000, 54
687, 0 - with algorithms, 2, 176.541000, 50
688, 0 - with algorithms, 2, 193.283000, 55
689, 0 - with algorithms, 2, 177.873000, 50
690, 0 - with algorithms, 2, 174.297000, 49
691, 0 - with algorithms, 2, 183.485000, 52
692, 0 - with algorithms, 2, 252.855000, 50
693, 0 - with algorithms, 2, 177.363000, 50
694, 0 - with algorithms, 2, 178.695000, 50
695, 0 - with algorithms, 2, 180.660000, 51
696, 0 - with algorithms, 2, 181.842000, 51
697, 0 - with algorithms, 2, 173.366000, 49
698, 0 - with algorithms, 2, 176.201000, 50
699, 0 - with algorithms, 2, 190.888000, 54
700, 0 - with algorithms, 2, 292.098000, 49
701, 0 - with algorithms, 2, 370.675000, 54
702, 0 - with algorithms, 2, 303.690000, 55
703, 0 - with algorithms, 2, 177.543000, 50
704, 0 - with algorithms, 2, 170.941000, 47
705, 0 - with algorithms, 2, 486.473000, 53
706, 0 - with algorithms, 2, 341.851000, 53
707, 0 - with algorithms, 2, 306.164000, 51
708, 0 - with algorithms, 2, 184.627000, 51
709, 0 - with algorithms, 2, 177.183000, 50
710, 0 - with algorithms, 2, 189.255000, 53
711, 0 - with algorithms, 2, 325.330000, 52
712, 0 - with algorithms, 2, 287.600000, 51
713, 0 - with algorithms, 2, 516.690000, 53
714, 0 - with algorithms, 2, 295.615000, 49
715, 0 - with algorithms, 2, 204.073000, 51
716, 0 - with algorithms, 2, 240.191000, 50
717, 0 - with algorithms, 2, 360.597000, 52
718, 0 - with algorithms, 2, 275.537000, 51
719, 0 - with algorithms, 2, 178.354000, 49
720, 0 - with algorithms, 2, 239.519000, 50
721, 0 - with algorithms, 2, 347.692000, 51
722, 0 - with algorithms, 2, 373.010000, 52
723, 0 - with algorithms, 2, 335.640000, 53
724, 0 - with algorithms, 2, 423.695000, 52
725, 0 - with algorithms, 2, 361.889000, 52
726, 0 - with algorithms, 2, 344.928000, 49
727, 0 - with algorithms, 2, 418.024000, 55
728, 0 - with algorithms, 2, 405.932000, 52
729, 0 - with algorithms, 2, 285.937000, 49
730, 0 - with algorithms, 2, 363.172000, 53
731, 0 - with algorithms, 2, 447.610000, 54
732, 0 - with algorithms, 2, 220.144000, 46
733, 0 - with algorithms, 2, 484.299000, 55
734, 0 - with algorithms, 2, 186.630000, 53
735, 0 - with algorithms, 2, 384.892000, 51
736, 0 - with algorithms, 2, 589.977000, 71
737, 0 - with algorithms, 2, 343.374000, 50
738, 0 - with algorithms, 2, 324.148000, 50
739, 0 - with algorithms, 2, 189.135000, 53
740, 0 - with algorithms, 2, 556.264000, 54
741, 0 - with algorithms, 2, 322.926000, 53
742, 0 - with algorithms, 2, 305.613000, 50
743, 0 - with algorithms, 2, 175.340000, 49
744, 0 - with algorithms, 2, 181.641000, 51
745, 0 - with algorithms, 2, 192.351000, 55
746, 0 - with algorithms, 2, 183.304000, 51
747, 0 - with algorithms, 2, 297.178000, 53
748, 0 - with algorithms, 2, 187.342000, 52
749, 0 - with algorithms, 2, 229.862000, 51
750, 0 - with algorithms, 2, 746.120000, 84
751, 0 - with algorithms, 2, 215.475000, 55
752, 0 - with algorithms, 2, 458.631000, 50
753, 0 - with algorithms, 2, 444.755000, 51
754, 0 - with algorithms, 2, 180.288000, 49
755, 0 - with algorithms, 2, 474.039000, 57
756, 0 - with algorithms, 2, 310.112000, 52
757, 0 - with algorithms, 2, 176.672000, 49
758, 0 - with algorithms, 2, 270.218000, 46
759, 0 - with algorithms, 2, 189.195000, 53
760, 0 - with algorithms, 2, 474.000000, 53
761, 0 - with algorithms, 2, 339.346000, 47
762, 0 - with algorithms, 2, 299.993000, 52
763, 0 - with algorithms, 2, 436.850000, 50
764, 0 - with algorithms, 2, 481.023000, 53
765, 0 - with algorithms, 2, 179.157000, 49
766, 0 - with algorithms, 2, 548.409000, 56
767, 0 - with algorithms, 2, 324.159000, 48
768, 0 - with algorithms, 2, 372.148000, 55
769, 0 - with algorithms, 2, 295.385000, 54
770, 0 - with algorithms, 2, 352.231000, 52
771, 0 - with algorithms, 2, 563.798000, 52
772, 0 - with algorithms, 2, 236.093000, 52
773, 0 - with algorithms, 2, 418.145000, 57
774, 0 - with algorithms, 2, 1294.349000, 120
775, 0 - with algorithms, 2, 328.457000, 52
776, 0 - with algorithms, 2, 307.067000, 51
777, 0 - with algorithms, 2, 192.962000, 53
778, 0 - with algorithms, 2, 362.600000, 55
779, 0 - with algorithms, 2, 195.036000, 55
780, 0 - with algorithms, 2, 1722.863000, 96
781, 0 - with algorithms, 2, 194.746000, 50
782, 0 - with algorithms, 2, 404.449000, 55
783, 0 - with algorithms, 2, 179.396000, 50
784, 0 - with algorithms, 2, 724.950000, 57
785, 0 - with algorithms, 2, 479.059000, 56
786, 0 - with algorithms, 2, 328.286000, 53
787, 0 - with algorithms, 2, 366.207000, 53
788, 0 - with algorithms, 2, 374.824000, 53
789, 0 - with algorithms, 2, 192.983000, 53
790, 0 - with algorithms, 2, 293.120000, 52
791, 0 - with algorithms, 2, 298.760000, 51
792, 0 - with algorithms, 2, 509.556000, 54
793, 0 - with algorithms, 2, 329.177000, 52
794, 0 - with algorithms, 2, 297.909000, 49
795, 0 - with algorithms, 2, 187.151000, 52
796, 0 - with algorithms, 2, 280.065000, 52
797, 0 - with algorithms, 2, 310.372000, 48
798, 0 - with algorithms, 2, 500.099000, 54
799, 0 - with algorithms, 2, 315.653000, 51
800, 0 - with algorithms, 2, 449.083000, 52
801, 0 - with algorithms, 2, 297.078000, 47
802, 0 - with algorithms, 2, 340.980000, 51
803, 0 - with algorithms, 2, 520.126000, 52
804, 0 - with algorithms, 2, 329.398000, 54
805, 0 - with algorithms, 2, 269.405000, 49
806, 0 - with algorithms, 2, 181.721000, 50
807, 0 - with algorithms, 2, 187.161000, 52
808, 0 - with algorithms, 2, 284.585000, 54
809, 0 - with algorithms, 2, 302.788000, 51
810, 0 - with algorithms, 2, 281.919000, 53
811, 0 - with algorithms, 2, 236.704000, 50
812, 0 - with algorithms, 2, 183.134000, 51
813, 0 - with algorithms, 2, 323.978000, 50
814, 0 - with algorithms, 2, 311.795000, 50
815, 0 - with algorithms, 2, 182.824000, 52
816, 0 - with algorithms, 2, 496.823000, 54
817, 0 - with algorithms, 2, 218.400000, 48
818, 0 - with algorithms, 2, 372.029000, 54
819, 0 - with algorithms, 2, 334.779000, 53
820, 0 - with algorithms, 2, 195.657000, 53
821, 0 - with algorithms, 2, 718.909000, 52
822, 0 - with algorithms, 2, 187.962000, 53
823, 0 - with algorithms, 2, 240.812000, 55
824, 0 - with algorithms, 2, 301.505000, 50
825, 0 - with algorithms, 2, 688.041000, 52
826, 0 - with algorithms, 2, 178.825000, 49
827, 0 - with algorithms, 2, 387.036000, 54
828, 0 - with algorithms, 2, 294.022000, 52
829, 0 - with algorithms, 2, 416.592000, 54
830, 0 - with algorithms, 2, 186.770000, 52
831, 0 - with algorithms, 2, 521.028000, 57
832, 0 - with algorithms, 2, 498.686000, 54
833, 0 - with algorithms, 2, 300.334000, 50
834, 0 - with algorithms, 2, 190.197000, 53
835, 0 - with algorithms, 2, 337.994000, 51
836, 0 - with algorithms, 2, 313.248000, 51
837, 0 - with algorithms, 2, 390.623000, 54
838, 0 - with algorithms, 2, 285.206000, 52
839, 0 - with algorithms, 2, 309.531000, 51
840, 0 - with algorithms, 2, 374.092000, 52
841, 0 - with algorithms, 2, 380.264000, 51
842, 0 - with algorithms, 2, 293.410000, 52
843, 0 - with algorithms, 2, 271.730000, 48
844, 0 - with algorithms, 2, 185.258000, 51
845, 0 - with algorithms, 2, 333.276000, 52
846, 0 - with algorithms, 2, 305.634000, 52
847, 0 - with algorithms, 2, 332.284000, 51
848, 0 - with algorithms, 2, 503.856000, 54
849, 0 - with algorithms, 2, 332.264000, 49
850, 0 - with algorithms, 2, 272.632000, 55
851, 0 - with algorithms, 2, 326.763000, 52
852, 0 - with algorithms, 2, 1394.507000, 142
853, 0 - with algorithms, 2, 245.120000, 55
854, 0 - with algorithms, 2, 197.150000, 54
855, 0 - with algorithms, 2, 283.873000, 46
856, 0 - with algorithms, 2, 453.622000, 54
857, 0 - with algorithms, 2, 297.959000, 52
858, 0 - with algorithms, 2, 397.616000, 52
859, 0 - with algorithms, 2, 184.947000, 51
860, 0 - with algorithms, 2, 375.104000, 51
861, 0 - with algorithms, 2, 356.670000, 50
862, 0 - with algorithms, 2, 346.560000, 46
863, 0 - with algorithms, 2, 185.799000, 52
864, 0 - with algorithms, 2, 316.284000, 50
865, 0 - with algorithms, 2, 190.417000, 50
866, 0 - with algorithms, 2, 234.059000, 53
867, 0 - with algorithms, 2, 331.532000, 51
868, 0 - with algorithms, 2, 383.530000, 53
869, 0 - with algorithms, 2, 216.316000, 56
870, 0 - with algorithms, 2, 317.666000, 52
871, 0 - with algorithms, 2, 463.830000, 53
872, 0 - with algorithms, 2, 304.973000, 53
873, 0 - with algorithms, 2, 232.637000, 48
874, 0 - with algorithms, 2, 296.827000, 51
875, 0 - with algorithms, 2, 298.741000, 47
876, 0 - with algorithms, 2, 642.596000, 74
877, 0 - with algorithms, 2, 341.882000, 51
878, 0 - with algorithms, 2, 234.139000, 51
879, 0 - with algorithms, 2, 361.158000, 55
880, 0 - with algorithms, 2, 321.925000, 54
881, 0 - with algorithms, 2, 293.420000, 54
882, 0 - with algorithms, 2, 712.167000, 53
883, 0 - with algorithms, 2, 188.273000, 52
884, 0 - with algorithms, 2, 462.388000, 55
885, 0 - with algorithms, 2, 205.866000, 53
886, 0 - with algorithms, 2, 316.064000, 51
887, 0 - with algorithms, 2, 185.719000, 51
888, 0 - with algorithms, 2, 172.374000, 47
889, 0 - with algorithms, 2, 291.798000, 51
890, 0 - with algorithms, 2, 385.444000, 52
891, 0 - with algorithms, 2, 265.869000, 53
892, 0 - with algorithms, 2, 312.226000, 50
893, 0 - with algorithms, 2, 437.701000, 54
894, 0 - with algorithms, 2, 177.844000, 48
895, 0 - with algorithms, 2, 238.027000, 52
896, 0 - with algorithms, 2, 344.457000, 54
897, 0 - with algorithms, 2, 306.165000, 51
898, 0 - with algorithms, 2, 181.881000, 47
899, 0 - with algorithms, 2, 350.057000, 51
900, 0 - with algorithms, 2, 423.936000, 52
901, 0 - with algorithms, 2, 183.465000, 51
902, 0 - with algorithms, 2, 189.716000, 53
903, 0 - with algorithms, 2, 346.120000, 54
904, 0 - with algorithms, 2, 255.950000, 54
905, 0 - with algorithms, 2, 361.628000, 53
906, 0 - with algorithms, 2, 181.961000, 48
907, 0 - with algorithms, 2, 348.444000, 52
908, 0 - with algorithms, 2, 391.335000, 54
909, 0 - with algorithms, 2, 407.825000, 53
910, 0 - with algorithms, 2, 187.342000, 52
911, 0 - with algorithms, 2, 557.026000, 52
912, 0 - with algorithms, 2, 473.048000, 55
913, 0 - with algorithms, 2, 274.946000, 51
914, 0 - with algorithms, 2, 647.986000, 53
915, 0 - with algorithms, 2, 189.616000, 52
916, 0 - with algorithms, 2, 190.417000, 53
917, 0 - with algorithms, 2, 394.440000, 50
918, 0 - with algorithms, 2, 180.979000, 50
919, 0 - with algorithms, 2, 401.433000, 56
920, 0 - with algorithms, 2, 192.611000, 53
921, 0 - with algorithms, 2, 475.964000, 53
922, 0 - with algorithms, 2, 306.225000, 55
923, 0 - with algorithms, 2, 336.702000, 54
924, 0 - with algorithms, 2, 759.936000, 54
925, 0 - with algorithms, 2, 282.270000, 50
926, 0 - with algorithms, 2, 559.560000, 72
927, 0 - with algorithms, 2, 376.556000, 56
928, 0 - with algorithms, 2, 335.360000, 52
929, 0 - with algorithms, 2, 182.182000, 50
930, 0 - with algorithms, 2, 194.224000, 54
931, 0 - with algorithms, 2, 181.441000, 49
932, 0 - with algorithms, 2, 295.154000, 54
933, 0 - with algorithms, 2, 288.631000, 50
934, 0 - with algorithms, 2, 184.677000, 49
935, 0 - with algorithms, 2, 517.942000, 54
936, 0 - with algorithms, 2, 320.892000, 53
937, 0 - with algorithms, 2, 469.081000, 54
938, 0 - with algorithms, 2, 1589.804000, 89
939, 0 - with algorithms, 2, 233.368000, 49
940, 0 - with algorithms, 2, 460.935000, 54
941, 0 - with algorithms, 2, 460.313000, 53
942, 0 - with algorithms, 2, 274.606000, 48
943, 0 - with algorithms, 2, 184.045000, 51
944, 0 - with algorithms, 2, 399.500000, 53
945, 0 - with algorithms, 2, 287.430000, 51
946, 0 - with algorithms, 2, 186.180000, 52
947, 0 - with algorithms, 2, 188.884000, 52
948, 0 - with algorithms, 2, 183.444000, 51
949, 0 - with algorithms, 2, 506.300000, 52
950, 0 - with algorithms, 2, 196.789000, 55
951, 0 - with algorithms, 2, 291.086000, 51
952, 0 - with algorithms, 2, 335.339000, 53
953, 0 - with algorithms, 2, 284.745000, 52
954, 0 - with algorithms, 2, 361.308000, 50
955, 0 - with algorithms, 2, 314.681000, 53
956, 0 - with algorithms, 2, 251.743000, 52
957, 0 - with algorithms, 2, 494.028000, 50
958, 0 - with algorithms, 2, 585.930000, 51
959, 0 - with algorithms, 2, 455.034000, 52
960, 0 - with algorithms, 2, 1222.905000, 54
961, 0 - with algorithms, 2, 278.903000, 52
962, 0 - with algorithms, 2, 355.637000, 53
963, 0 - with algorithms, 2, 267.572000, 52
964, 0 - with algorithms, 2, 256.040000, 50
965, 0 - with algorithms, 2, 402.265000, 47
966, 0 - with algorithms, 2, 406.032000, 52
967, 0 - with algorithms, 2, 274.466000, 54
968, 0 - with algorithms, 2, 594.906000, 55
969, 0 - with algorithms, 2, 1616.674000, 163
970, 0 - with algorithms, 2, 251.111000, 50
971, 0 - with algorithms, 2, 415.039000, 50
972, 0 - with algorithms, 2, 252.073000, 50
973, 0 - with algorithms, 2, 390.072000, 51
974, 0 - with algorithms, 2, 512.162000, 52
975, 0 - with algorithms, 2, 258.966000, 52
976, 0 - with algorithms, 2, 255.259000, 51
977, 0 - with algorithms, 2, 622.448000, 53
978, 0 - with algorithms, 2, 459.433000, 52
979, 0 - with algorithms, 2, 521.569000, 53
980, 0 - with algorithms, 2, 494.428000, 52
981, 0 - with algorithms, 2, 719.240000, 51
982, 0 - with algorithms, 2, 196.378000, 56
983, 0 - with algorithms, 2, 260.539000, 52
984, 0 - with algorithms, 2, 241.783000, 49
985, 0 - with algorithms, 2, 342.793000, 52
986, 0 - with algorithms, 2, 301.316000, 52
987, 0 - with algorithms, 2, 174.758000, 49
988, 0 - with algorithms, 2, 341.341000, 53
989, 0 - with algorithms, 2, 300.945000, 51
990, 0 - with algorithms, 2, 321.343000, 51
991, 0 - with algorithms, 2, 432.471000, 50
992, 0 - with algorithms, 2, 330.480000, 52
993, 0 - with algorithms, 2, 185.027000, 50
994, 0 - with algorithms, 2, 228.810000, 50
995, 0 - with algorithms, 2, 297.107000, 51
996, 0 - with algorithms, 2, 180.639000, 51
997, 0 - with algorithms, 2, 294.793000, 53
998, 0 - with algorithms, 2, 341.681000, 52
999, 0 - with algorithms, 2, 310.253000, 55
1000, 0 - with algorithms, 2, 390.403000, 52
1001, 0 - with algorithms, 2, 331.062000, 53
1002, 0 - with algorithms, 2, 192.371000, 49
1003, 0 - with algorithms, 2, 310.062000, 51
1004, 0 - with algorithms, 2, 295.675000, 55
1005, 0 - with algorithms, 2, 337.263000, 52
1006, 0 - with algorithms, 2, 179.096000, 50
1007, 0 - with algorithms, 2, 315.432000, 56
1008, 0 - with algorithms, 2, 189.846000, 54
1009, 0 - with algorithms, 2, 187.702000, 52
1010, 0 - with algorithms, 2, 244.959000, 53
1011, 0 - with algorithms, 2, 262.873000, 53
1012, 0 - with algorithms, 2, 400.672000, 53
1013, 0 - with algorithms, 2, 186.430000, 52
1014, 0 - with algorithms, 2, 178.385000, 50
1015, 0 - with algorithms, 2, 299.762000, 52
1016, 0 - with algorithms, 2, 337.033000, 51
1017, 0 - with algorithms, 2, 194.254000, 52
1018, 0 - with algorithms, 2, 191.600000, 51
1019, 0 - with algorithms, 2, 421.270000, 51
1020, 0 - with algorithms, 2, 386.024000, 55
1021, 0 - with algorithms, 2, 345.218000, 51
1022, 0 - with algorithms, 2, 345.639000, 50
1023, 0 - with algorithms, 2, 361.448000, 51
1024, 0 - with algorithms, 2, 316.223000, 54
1025, 0 - with algorithms, 2, 300.374000, 52
1026, 0 - with algorithms, 2, 185.578000, 50
1027, 0 - with algorithms, 2, 745.108000, 54
1028, 0 - with algorithms, 2, 176.602000, 48
1029, 0 - with algorithms, 2, 363.682000, 52
1030, 0 - with algorithms, 2, 330.681000, 50
1031, 0 - with algorithms, 2, 311.334000, 53
1032, 0 - with algorithms, 2, 384.151000, 50
1033, 0 - with algorithms, 2, 198.472000, 56
1034, 0 - with algorithms, 2, 247.675000, 52
1035, 0 - with algorithms, 2, 401.824000, 51
1036, 0 - with algorithms, 2, 235.833000, 51
1037, 0 - with algorithms, 2, 287.610000, 52
1038, 0 - with algorithms, 2, 457.068000, 65
1039, 0 - with algorithms, 2, 356.078000, 54
1040, 0 - with algorithms, 2, 302.007000, 54
1041, 0 - with algorithms, 2, 366.979000, 52
1042, 0 - with algorithms, 2, 185.869000, 52
1043, 0 - with algorithms, 2, 303.029000, 51
1044, 0 - with algorithms, 2, 356.369000, 53
1045, 0 - with algorithms, 2, 429.446000, 48
1046, 0 - with algorithms, 2, 427.553000, 53
1047, 0 - with algorithms, 2, 546.766000, 54
1048, 0 - with algorithms, 2, 181.130000, 51
1049, 0 - with algorithms, 2, 192.942000, 51
1050, 0 - with algorithms, 2, 369.444000, 53
1051, 0 - with algorithms, 2, 305.373000, 51
1052, 0 - with algorithms, 2, 449.734000, 69
1053, 0 - with algorithms, 2, 327.515000, 53
1054, 0 - with algorithms, 2, 168.707000, 46
1055, 0 - with algorithms, 2, 196.259000, 55
1056, 0 - with algorithms, 2, 475.723000, 53
1057, 0 - with algorithms, 2, 239.369000, 53
1058, 0 - with algorithms, 2, 183.815000, 51
1059, 0 - with algorithms, 2, 186.440000, 52
1060, 0 - with algorithms, 2, 447.069000, 67
1061, 0 - with algorithms, 2, 177.253000, 49
1062, 0 - with algorithms, 2, 322.756000, 52
1063, 0 - with algorithms, 2, 233.097000, 51
1064, 0 - with algorithms, 2, 449.974000, 55
1065, 0 - with algorithms, 2, 402.947000, 52
1066, 0 - with algorithms, 2, 483.387000, 51
1067, 0 - with algorithms, 2, 305.494000, 51
1068, 0 - with algorithms, 2, 244.839000, 55
1069, 0 - with algorithms, 2, 344.617000, 49
1070, 0 - with algorithms, 2, 321.754000, 53
1071, 0 - with algorithms, 2, 173.936000, 48
1072, 0 - with algorithms, 2, 357.331000, 53
1073, 0 - with algorithms, 2, 783.581000, 79
1074, 0 - with algorithms, 2, 336.502000, 51
1075, 0 - with algorithms, 2, 193.403000, 53
1076, 0 - with algorithms, 2, 306.745000, 52
1077, 0 - with algorithms, 2, 338.977000, 53
1078, 0 - with algorithms, 2, 424.466000, 53
1079, 0 - with algorithms, 2, 203.181000, 55
1080, 0 - with algorithms, 2, 230.874000, 49
1081, 0 - with algorithms, 2, 321.964000, 51
1082, 0 - with algorithms, 2, 199.184000, 56
1083, 0 - with algorithms, 2, 364.614000, 51
1084, 0 - with algorithms, 2, 570.410000, 55
1085, 0 - with algorithms, 2, 283.642000, 52
1086, 0 - with algorithms, 2, 438.613000, 52
1087, 0 - with algorithms, 2, 313.148000, 51
1088, 0 - with algorithms, 2, 370.244000, 50
1089, 0 - with algorithms, 2, 213.891000, 46
1090, 0 - with algorithms, 2, 300.935000, 51
1091, 0 - with algorithms, 2, 226.695000, 51
1092, 0 - with algorithms, 2, 291.296000, 51
1093, 0 - with algorithms, 2, 331.322000, 54
1094, 0 - with algorithms, 2, 460.264000, 55
1095, 0 - with algorithms, 2, 352.191000, 51
1096, 0 - with algorithms, 2, 502.272000, 49
1097, 0 - with algorithms, 2, 311.214000, 50
1098, 0 - with algorithms, 2, 374.493000, 54
1099, 0 - with algorithms, 2, 274.516000, 51
1100, 0 - with algorithms, 2, 310.983000, 51
1101, 0 - with algorithms, 2, 566.073000, 54
1102, 0 - with algorithms, 2, 395.241000, 53
1103, 0 - with algorithms, 2, 430.659000, 54
1104, 0 - with algorithms, 2, 334.968000, 51
1105, 0 - with algorithms, 2, 349.015000, 53
1106, 0 - with algorithms, 2, 296.056000, 51
1107, 0 - with algorithms, 2, 256.392000, 55
1108, 0 - with algorithms, 2, 321.283000, 54
1109, 0 - with algorithms, 2, 294.032000, 50
1110, 0 - with algorithms, 2, 192.932000, 52
1111, 0 - with algorithms, 2, 485.772000, 52
1112, 0 - with algorithms, 2, 282.049000, 53
1113, 0 - with algorithms, 2, 389.070000, 50
1114, 0 - with algorithms, 2, 349.426000, 53
1115, 0 - with algorithms, 2, 392.837000, 52
1116, 0 - with algorithms, 2, 322.505000, 53
1117, 0 - with algorithms, 2, 426.340000, 53
1118, 0 - with algorithms, 2, 434.826000, 54
1119, 0 - with algorithms, 2, 350.618000, 52
1120, 0 - with algorithms, 2, 384.522000, 53
1121, 0 - with algorithms, 2, 314.641000, 51
1122, 0 - with algorithms, 2, 438.252000, 53
1123, 0 - with algorithms, 2, 486.002000, 52
1124, 0 - with algorithms, 2, 190.257000, 52
1125, 0 - with algorithms, 2, 297.659000, 51
1126, 0 - with algorithms, 2, 190.948000, 51
1127, 0 - with algorithms, 2, 469.512000, 53
1128, 0 - with algorithms, 2, 351.811000, 54
1129, 0 - with algorithms, 2, 538.029000, 54
1130, 0 - with algorithms, 2, 278.332000, 47
1131, 0 - with algorithms, 2, 198.863000, 53
1132, 0 - with algorithms, 2, 354.445000, 50
1133, 0 - with algorithms, 2, 177.132000, 48
1134, 0 - with algorithms, 2, 297.959000, 52
1135, 0 - with algorithms, 2, 1434.733000, 142
1136, 0 - with algorithms, 2, 311.505000, 48
1137, 0 - with algorithms, 2, 303.580000, 54
1138, 0 - with algorithms, 2, 193.653000, 53
1139, 0 - with algorithms, 2, 303.199000, 54
1140, 0 - with algorithms, 2, 296.366000, 51
1141, 0 - with algorithms, 2, 286.688000, 51
1142, 0 - with algorithms, 2, 177.884000, 48
1143, 0 - with algorithms, 2, 355.337000, 51
1144, 0 - with algorithms, 2, 496.732000, 52
1145, 0 - with algorithms, 2, 246.322000, 53
1146, 0 - with algorithms, 2, 310.893000, 52
1147, 0 - with algorithms, 2, 291.768000, 54
1148, 0 - with algorithms, 2, 286.638000, 55
1149, 0 - with algorithms, 2, 971.804000, 77
1150, 0 - with algorithms, 2, 184.557000, 46
1151, 0 - with algorithms, 2, 291.016000, 52
1152, 0 - with algorithms, 2, 188.884000, 53
1153, 0 - with algorithms, 2, 508.545000, 53
1154, 0 - with algorithms, 2, 342.213000, 51
1155, 0 - with algorithms, 2, 454.603000, 53
1156, 0 - with algorithms, 2, 322.195000, 53
1157, 0 - with algorithms, 2, 324.409000, 55
1158, 0 - with algorithms, 2, 361.488000, 53
1159, 0 - with algorithms, 2, 483.397000, 53
1160, 0 - with algorithms, 2, 193.313000, 51
1161, 0 - with algorithms, 2, 365.296000, 56
1162, 0 - with algorithms, 2, 387.707000, 50
1163, 0 - with algorithms, 2, 348.644000, 52
1164, 0 - with algorithms, 2, 318.588000, 53
1165, 0 - with algorithms, 2, 210.265000, 55
1166, 0 - with algorithms, 2, 268.233000, 49
1167, 0 - with algorithms, 2, 288.011000, 51
1168, 0 - with algorithms, 2, 358.052000, 54
1169, 0 - with algorithms, 2, 421.160000, 53
1170, 0 - with algorithms, 2, 185.037000, 50
1171, 0 - with algorithms, 2, 336.952000, 53
1172, 0 - with algorithms, 2, 292.369000, 51
1173, 0 - with algorithms, 2, 396.564000, 53
1174, 0 - with algorithms, 2, 197.270000, 52
1175, 0 - with algorithms, 2, 319.820000, 49
1176, 0 - with algorithms, 2, 186.369000, 51
1177, 0 - with algorithms, 2, 303.780000, 52
1178, 0 - with algorithms, 2, 620.525000, 54
1179, 0 - with algorithms, 2, 351.119000, 54
1180, 0 - with algorithms, 2, 317.165000, 51
1181, 0 - with algorithms, 2, 334.407000, 51
1182, 0 - with algorithms, 2, 290.315000, 51
1183, 0 - with algorithms, 2, 206.548000, 54
1184, 0 - with algorithms, 2, 324.970000, 53
1185, 0 - with algorithms, 2, 393.849000, 56
1186, 0 - with algorithms, 2, 286.427000, 50
1187, 0 - with algorithms, 2, 314.660000, 51
1188, 0 - with algorithms, 2, 333.626000, 51
1189, 0 - with algorithms, 2, 198.482000, 55
1190, 0 - with algorithms, 2, 378.090000, 55
1191, 0 - with algorithms, 2, 359.816000, 51
1192, 0 - with algorithms, 2, 422.924000, 54
1193, 0 - with algorithms, 2, 185.298000, 51
1194, 0 - with algorithms, 2, 305.744000, 53
1195, 0 - with algorithms, 2, 410.110000, 55
1196, 0 - with algorithms, 2, 310.883000, 52
1197, 0 - with algorithms, 2, 358.512000, 47
1198, 0 - with algorithms, 2, 333.987000, 54
1199, 0 - with algorithms, 2, 387.998000, 53
1200, 0 - with algorithms, 218, 386.896000, 40
1201, 0 - with algorithms, 3, 1478.955000, 154
1202, 0 - with algorithms, 3, 418.956000, 55
1203, 0 - with algorithms, 3, 447.540000, 53
1204, 0 - with algorithms, 3, 199.645000, 55
1205, 0 - with algorithms, 3, 357.091000, 49
1206, 0 - with algorithms, 3, 237.014000, 51
1207, 0 - with algorithms, 3, 320.782000, 52
1208, 0 - with algorithms, 3, 471.254000, 54
1209, 0 - with algorithms, 3, 394.771000, 54
1210, 0 - with algorithms, 3, 318.507000, 52
1211, 0 - with algorithms, 3, 325.972000, 56
1212, 0 - with algorithms, 3, 451.437000, 51
1213, 0 - with algorithms, 3, 390.072000, 54
1214, 0 - with algorithms, 3, 698.391000, 56
1215, 0 - with algorithms, 3, 329.498000, 54
1216, 0 - with algorithms, 3, 593.033000, 55
1217, 0 - with algorithms, 3, 746.061000, 79
1218, 0 - with algorithms, 3, 791.295000, 56
1219, 0 - with algorithms, 3, 315.242000, 55
1220, 0 - with algorithms, 3, 834.315000, 56
1221, 0 - with algorithms, 3, 510.678000, 55
1222, 0 - with algorithms, 3, 396.063000, 50
1223, 0 - with algorithms, 3, 342.483000, 51
1224, 0 - with algorithms, 3, 406.623000, 51
1225, 0 - with algorithms, 3, 482.756000, 54
1226, 0 - with algorithms, 3, 339.598000, 52
1227, 0 - with algorithms, 3, 418.395000, 56
1228, 0 - with algorithms, 3, 394.139000, 55
1229, 0 - with algorithms, 3, 217.368000, 57
1230, 0 - with algorithms, 3, 367.309000, 55
1231, 0 - with algorithms, 3, 358.673000, 57
1232, 0 - with algorithms, 3, 704.602000, 58
1233, 0 - with algorithms, 3, 402.285000, 53
1234, 0 - with algorithms, 3, 501.150000, 53
1235, 0 - with algorithms, 3, 543.530000, 53
1236, 0 - with algorithms, 3, 438.443000, 54
1237, 0 - with algorithms, 3, 541.466000, 55
1238, 0 - with algorithms, 3, 526.137000, 54
1239, 0 - with algorithms, 3, 527.951000, 53
1240, 0 - with algorithms, 3, 364.284000, 52
1241, 0 - with algorithms, 3, 545.173000, 55
1242, 0 - with algorithms, 3, 467.828000, 52
1243, 0 - with algorithms, 3, 327.144000, 51
1244, 0 - with algorithms, 3, 284.584000, 46
1245, 0 - with algorithms, 3, 535.424000, 55
1246, 0 - with algorithms, 3, 1338.211000, 156
1247, 0 - with algorithms, 3, 634.000000, 56
1248, 0 - with algorithms, 3, 555.362000, 55
1249, 0 - with algorithms, 3, 246.583000, 52
1250, 0 - with algorithms, 3, 323.597000, 51
1251, 0 - with algorithms, 3, 230.202000, 52
1252, 0 - with algorithms, 3, 472.436000, 52
1253, 0 - with algorithms, 3, 334.669000, 53
1254, 0 - with algorithms, 3, 373.260000, 53
1255, 0 - with algorithms, 3, 304.932000, 49
1256, 0 - with algorithms, 3, 337.133000, 51
1257, 0 - with algorithms, 3, 332.444000, 53
1258, 0 - with algorithms, 3, 373.651000, 53
1259, 0 - with algorithms, 3, 856.136000, 55
1260, 0 - with algorithms, 3, 343.274000, 55
1261, 0 - with algorithms, 3, 388.800000, 56
1262, 0 - with algorithms, 3, 333.786000, 52
1263, 0 - with algorithms, 3, 288.742000, 53
1264, 0 - with algorithms, 3, 1480.208000, 117
1265, 0 - with algorithms, 3, 327.495000, 57
1266, 0 - with algorithms, 3, 695.766000, 56
1267, 0 - with algorithms, 3, 1697.706000, 129
1268, 0 - with algorithms, 3, 486.654000, 54
1269, 0 - with algorithms, 3, 264.496000, 55
1270, 0 - with algorithms, 3, 296.316000, 52
1271, 0 - with algorithms, 3, 305.053000, 52
1272, 0 - with algorithms, 3, 448.552000, 56
1273, 0 - with algorithms, 3, 1383.106000, 53
1274, 0 - with algorithms, 3, 580.800000, 75
1275, 0 - with algorithms, 3, 415.911000, 55
1276, 0 - with algorithms, 3, 430.839000, 55
1277, 0 - with algorithms, 3, 425.087000, 53
1278, 0 - with algorithms, 3, 295.836000, 51
1279, 0 - with algorithms, 3, 298.981000, 55
1280, 0 - with algorithms, 3, 1770.853000, 126
1281, 0 - with algorithms, 3, 944.603000, 56
1282, 0 - with algorithms, 3, 448.622000, 55
1283, 0 - with algorithms, 3, 429.727000, 56
1284, 0 - with algorithms, 3, 437.711000, 53
1285, 0 - with algorithms, 3, 382.578000, 54
1286, 0 - with algorithms, 3, 333.706000, 52
1287, 0 - with algorithms, 3, 370.906000, 54
1288, 0 - with algorithms, 3, 197.781000, 55
1289, 0 - with algorithms, 3, 397.657000, 51
1290, 0 - with algorithms, 3, 329.217000, 53
1291, 0 - with algorithms, 3, 418.806000, 54
1292, 0 - with algorithms, 3, 843.844000, 57
1293, 0 - with algorithms, 3, 468.419000, 54
1294, 0 - with algorithms, 3, 517.141000, 57
1295, 0 - with algorithms, 3, 521.329000, 58
1296, 0 - with algorithms, 3, 460.064000, 54
1297, 0 - with algorithms, 3, 292.509000, 53
1298, 0 - with algorithms, 3, 1247.361000, 93
1299, 0 - with algorithms, 3, 531.968000, 58
1300, 0 - with algorithms, 3, 338.275000, 50
1301, 0 - with algorithms, 3, 1298.947000, 93
1302, 0 - with algorithms, 3, 861.296000, 55
1303, 0 - with algorithms, 3, 1849.691000, 105
1304, 0 - with algorithms, 3, 361.678000, 52
1305, 0 - with algorithms, 3, 406.873000, 53
1306, 0 - with algorithms, 3, 552.507000, 56
1307, 0 - with algorithms, 3, 261.541000, 51
1308, 0 - with algorithms, 3, 417.393000, 56
1309, 0 - with algorithms, 3, 645.782000, 53
1310, 0 - with algorithms, 3, 401.694000, 53
1311, 0 - with algorithms, 3, 994.286000, 71
1312, 0 - with algorithms, 3, 560.762000, 52
1313, 0 - with algorithms, 3, 318.378000, 54
1314, 0 - with algorithms, 3, 849.875000, 85
1315, 0 - with algorithms, 3, 744.327000, 67
1316, 0 - with algorithms, 3, 1638.375000, 122
1317, 0 - with algorithms, 3, 430.999000, 52
1318, 0 - with algorithms, 3, 632.757000, 54
1319, 0 - with algorithms, 3, 426.801000, 56
1320, 0 - with algorithms, 3, 448.903000, 54
1321, 0 - with algorithms, 3, 303.229000, 53
1322, 0 - with algorithms, 3, 322.395000, 53
1323, 0 - with algorithms, 3, 407.405000, 55
1324, 0 - with algorithms, 3, 2733.260000, 168
1325, 0 - with algorithms, 3, 471.796000, 54
1326, 0 - with algorithms, 3, 398.217000, 54
1327, 0 - with algorithms, 3, 753.044000, 54
1328, 0 - with algorithms, 3, 913.384000, 83
1329, 0 - with algorithms, 3, 426.971000, 54
1330, 0 - with algorithms, 3, 816.172000, 80
1331, 0 - with algorithms, 3, 3764.354000, 201
1332, 0 - with algorithms, 3, 336.381000, 51
1333, 0 - with algorithms, 3, 398.998000, 53
1334, 0 - with algorithms, 3, 390.833000, 53
1335, 0 - with algorithms, 3, 439.995000, 55
1336, 0 - with algorithms, 3, 1205.022000, 93
1337, 0 - with algorithms, 3, 417.563000, 53
1338, 0 - with algorithms, 3, 480.351000, 54
1339, 0 - with algorithms, 3, 387.377000, 53
1340, 0 - with algorithms, 3, 885.832000, 81
1341, 0 - with algorithms, 3, 524.344000, 53
1342, 0 - with algorithms, 3, 958.138000, 95
1343, 0 - with algorithms, 3, 467.618000, 56
1344, 0 - with algorithms, 3, 1124.721000, 53
1345, 0 - with algorithms, 3, 395.722000, 54
1346, 0 - with algorithms, 3, 490.741000, 51
1347, 0 - with algorithms, 3, 414.508000, 54
1348, 0 - with algorithms, 3, 307.777000, 51
1349, 0 - with algorithms, 3, 1698.006000, 76
1350, 0 - with algorithms, 3, 574.388000, 55
1351, 0 - with algorithms, 3, 345.618000, 50
1352, 0 - with algorithms, 3, 435.598000, 53
1353, 0 - with algorithms, 3, 482.736000, 52
1354, 0 - with algorithms, 3, 270.448000, 48
1355, 0 - with algorithms, 3, 316.483000, 57
1356, 0 - with algorithms, 3, 367.339000, 54
1357, 0 - with algorithms, 3, 518.323000, 67
1358, 0 - with algorithms, 3, 541.015000, 54
1359, 0 - with algorithms, 3, 538.571000, 53
1360, 0 - with algorithms, 3, 423.735000, 54
1361, 0 - with algorithms, 3, 426.029000, 54
1362, 0 - with algorithms, 3, 425.659000, 53
1363, 0 - with algorithms, 3, 317.656000, 52
1364, 0 - with algorithms, 3, 816.843000, 54
1365, 0 - with algorithms, 3, 699.252000, 57
1366, 0 - with algorithms, 3, 341.370000, 53
1367, 0 - with algorithms, 3, 424.035000, 54
1368, 0 - with algorithms, 3, 247.835000, 55
1369, 0 - with algorithms, 3, 388.359000, 55
1370, 0 - with algorithms, 3, 629.983000, 55
1371, 0 - with algorithms, 3, 400.251000, 55
1372, 0 - with algorithms, 3, 597.331000, 54
1373, 0 - with algorithms, 3, 3161.404000, 134
1374, 0 - with algorithms, 3, 406.332000, 55
1375, 0 - with algorithms, 3, 547.177000, 52
1376, 0 - with algorithms, 3, 402.335000, 53
1377, 0 - with algorithms, 3, 537.519000, 55
1378, 0 - with algorithms, 3, 432.872000, 50
1379, 0 - with algorithms, 3, 1128.558000, 84
1380, 0 - with algorithms, 3, 827.163000, 57
1381, 0 - with algorithms, 3, 328.577000, 52
1382, 0 - with algorithms, 3, 501.121000, 54
1383, 0 - with algorithms, 3, 356.308000, 51
1384, 0 - with algorithms, 3, 372.980000, 54
1385, 0 - with algorithms, 3, 855.415000, 54
1386, 0 - with algorithms, 3, 2040.900000, 55
1387, 0 - with algorithms, 3, 702.599000, 54
1388, 0 - with algorithms, 3, 565.812000, 55
1389, 0 - with algorithms, 3, 364.544000, 53
1390, 0 - with algorithms, 3, 256.361000, 56
1391, 0 - with algorithms, 3, 320.742000, 51
1392, 0 - with algorithms, 3, 328.557000, 51
1393, 0 - with algorithms, 3, 490.330000, 53
1394, 0 - with algorithms, 3, 319.990000, 54
1395, 0 - with algorithms, 3, 386.084000, 52
1396, 0 - with algorithms, 3, 416.762000, 55
1397, 0 - with algorithms, 3, 539.102000, 78
1398, 0 - with algorithms, 3, 358.704000, 54
1399, 0 - with algorithms, 3, 330.150000, 54
1400, 0 - with algorithms, 3, 507.012000, 56
1401, 0 - with algorithms, 3, 1296.764000, 86
1402, 0 - with algorithms, 3, 1348.751000, 83
1403, 0 - with algorithms, 3, 439.615000, 52
1404, 0 - with algorithms, 3, 354.956000, 54
1405, 0 - with algorithms, 3, 601.950000, 54
1406, 0 - with algorithms, 3, 332.164000, 52
1407, 0 - with algorithms, 3, 465.734000, 54
1408, 0 - with algorithms, 3, 189.786000, 53
1409, 0 - with algorithms, 3, 934.604000, 54
1410, 0 - with algorithms, 3, 349.916000, 55
1411, 0 - with algorithms, 3, 383.570000, 49
1412, 0 - with algorithms, 3, 427.011000, 57
1413, 0 - with algorithms, 3, 485.120000, 56
1414, 0 - with algorithms, 3, 323.377000, 54
1415, 0 - with algorithms, 3, 377.518000, 52
1416, 0 - with algorithms, 3, 433.724000, 54
1417, 0 - with algorithms, 3, 318.338000, 54
1418, 0 - with algorithms, 3, 401.884000, 53
1419, 0 - with algorithms, 3, 246.512000, 51
1420, 0 - with algorithms, 3, 329.238000, 53
1421, 0 - with algorithms, 3, 416.732000, 55
1422, 0 - with algorithms, 3, 448.702000, 54
1423, 0 - with algorithms, 3, 305.283000, 51
1424, 0 - with algorithms, 3, 1001.730000, 53
1425, 0 - with algorithms, 3, 3309.141000, 270
1426, 0 - with algorithms, 3, 579.417000, 54
1427, 0 - with algorithms, 3, 314.420000, 51
1428, 0 - with algorithms, 3, 389.561000, 55
1429, 0 - with algorithms, 3, 537.028000, 55
1430, 0 - with algorithms, 3, 483.377000, 54
1431, 0 - with algorithms, 3, 356.910000, 53
1432, 0 - with algorithms, 3, 423.535000, 54
1433, 0 - with algorithms, 3, 480.612000, 54
1434, 0 - with algorithms, 3, 804.771000, 112
1435, 0 - with algorithms, 3, 445.126000, 55
1436, 0 - with algorithms, 3, 505.769000, 56
1437, 0 - with algorithms, 3, 1444.671000, 82
1438, 0 - with algorithms, 3, 376.256000, 53
1439, 0 - with algorithms, 3, 599.636000, 55
1440, 0 - with algorithms, 3, 346.250000, 54
1441, 0 - with algorithms, 3, 454.934000, 53
1442, 0 - with algorithms, 3, 346.711000, 55
1443, 0 - with algorithms, 3, 362.821000, 52
1444, 0 - with algorithms, 3, 330.941000, 53
1445, 0 - with algorithms, 3, 443.964000, 53
1446, 0 - with algorithms, 3, 382.447000, 54
1447, 0 - with algorithms, 3, 339.708000, 52
1448, 0 - with algorithms, 3, 200.035000, 55
1449, 0 - with algorithms, 3, 1286.194000, 111
1450, 0 - with algorithms, 3, 2202.543000, 176
1451, 0 - with algorithms, 3, 584.196000, 78
1452, 0 - with algorithms, 3, 407.484000, 55
1453, 0 - with algorithms, 3, 348.013000, 53
1454, 0 - with algorithms, 3, 348.404000, 51
1455, 0 - with algorithms, 3, 464.252000, 56
1456, 0 - with algorithms, 3, 449.003000, 54
1457, 0 - with algorithms, 3, 346.440000, 54
1458, 0 - with algorithms, 3, 361.058000, 55
1459, 0 - with algorithms, 3, 1294.229000, 85
1460, 0 - with algorithms, 3, 371.417000, 52
1461, 0 - with algorithms, 3, 322.756000, 53
1462, 0 - with algorithms, 3, 822.725000, 76
1463, 0 - with algorithms, 3, 492.424000, 55
1464, 0 - with algorithms, 3, 464.431000, 54
1465, 0 - with algorithms, 3, 806.133000, 52
1466, 0 - with algorithms, 3, 1146.412000, 59
1467, 0 - with algorithms, 3, 483.527000, 52
1468, 0 - with algorithms, 3, 610.115000, 54
1469, 0 - with algorithms, 3, 293.811000, 52
1470, 0 - with algorithms, 3, 563.387000, 54
1471, 0 - with algorithms, 3, 635.332000, 51
1472, 0 - with algorithms, 3, 335.720000, 48
1473, 0 - with algorithms, 3, 601.890000, 55
1474, 0 - with algorithms, 3, 997.852000, 109
1475, 0 - with algorithms, 3, 363.742000, 50
1476, 0 - with algorithms, 3, 485.471000, 54
1477, 0 - with algorithms, 3, 415.981000, 54
1478, 0 - with algorithms, 3, 1032.809000, 68
1479, 0 - with algorithms, 3, 445.185000, 50
1480, 0 - with algorithms, 3, 531.077000, 56
1481, 0 - with algorithms, 3, 279.695000, 56
1482, 0 - with algorithms, 3, 389.531000, 53
1483, 0 - with algorithms, 3, 352.451000, 52
1484, 0 - with algorithms, 3, 320.341000, 51
1485, 0 - with algorithms, 3, 428.444000, 54
1486, 0 - with algorithms, 3, 432.211000, 51
1487, 0 - with algorithms, 3, 395.793000, 53
1488, 0 - with algorithms, 3, 756.910000, 82
1489, 0 - with algorithms, 3, 198.673000, 55
1490, 0 - with algorithms, 3, 334.568000, 51
1491, 0 - with algorithms, 3, 402.455000, 53
1492, 0 - with algorithms, 3, 563.788000, 55
1493, 0 - with algorithms, 3, 511.049000, 57
1494, 0 - with algorithms, 3, 306.846000, 51
1495, 0 - with algorithms, 3, 469.701000, 51
1496, 0 - with algorithms, 3, 686.779000, 58
1497, 0 - with algorithms, 3, 431.880000, 55
1498, 0 - with algorithms, 3, 350.408000, 55
1499, 0 - with algorithms, 3, 401.093000, 54
1500, 0 - with algorithms, 3, 853.682000, 53
1501, 0 - with algorithms, 3, 259.327000, 51
1502, 0 - with algorithms, 3, 939.062000, 76
1503, 0 - with algorithms, 3, 431.600000, 55
1504, 0 - with algorithms, 3, 844.004000, 50
1505, 0 - with algorithms, 3, 312.065000, 53
1506, 0 - with algorithms, 3, 565.952000, 55
1507, 0 - with algorithms, 3, 338.415000, 49
1508, 0 - with algorithms, 3, 1525.403000, 93
1509, 0 - with algorithms, 3, 465.413000, 52
1510, 0 - with algorithms, 3, 348.935000, 51
1511, 0 - with algorithms, 3, 607.290000, 56
1512, 0 - with algorithms, 3, 513.494000, 56
1513, 0 - with algorithms, 3, 420.319000, 53
1514, 0 - with algorithms, 3, 434.806000, 56
1515, 0 - with algorithms, 3, 424.567000, 56
1516, 0 - with algorithms, 3, 355.437000, 53
1517, 0 - with algorithms, 3, 418.315000, 54
1518, 0 - with algorithms, 3, 463.489000, 55
1519, 0 - with algorithms, 3, 369.223000, 52
1520, 0 - with algorithms, 3, 803.969000, 80
1521, 0 - with algorithms, 3, 499.938000, 53
1522, 0 - with algorithms, 3, 383.690000, 54
1523, 0 - with algorithms, 3, 836.219000, 53
1524, 0 - with algorithms, 3, 427.682000, 52
1525, 0 - with algorithms, 3, 667.422000, 75
1526, 0 - with algorithms, 3, 575.009000, 58
1527, 0 - with algorithms, 3, 369.874000, 55
1528, 0 - with algorithms, 3, 611.067000, 52
1529, 0 - with algorithms, 3, 427.913000, 56
1530, 0 - with algorithms, 3, 335.420000, 51
1531, 0 - with algorithms, 3, 430.448000, 51
1532, 0 - with algorithms, 3, 326.132000, 52
1533, 0 - with algorithms, 3, 394.200000, 53
1534, 0 - with algorithms, 3, 331.341000, 57
1535, 0 - with algorithms, 3, 413.626000, 55
1536, 0 - with algorithms, 3, 830.819000, 54
1537, 0 - with algorithms, 3, 478.188000, 53
1538, 0 - with algorithms, 3, 583.475000, 54
1539, 0 - with algorithms, 3, 365.496000, 53
1540, 0 - with algorithms, 3, 673.824000, 54
1541, 0 - with algorithms, 3, 348.264000, 55
1542, 0 - with algorithms, 3, 384.542000, 51
1543, 0 - with algorithms, 3, 262.393000, 54
1544, 0 - with algorithms, 3, 411.171000, 55
1545, 0 - with algorithms, 3, 609.143000, 53
1546, 0 - with algorithms, 3, 710.734000, 79
1547, 0 - with algorithms, 3, 325.981000, 54
1548, 0 - with algorithms, 3, 325.020000, 55
1549, 0 - with algorithms, 3, 456.237000, 52
1550, 0 - with algorithms, 3, 613.963000, 53
1551, 0 - with algorithms, 3, 713.258000, 54
1552, 0 - with algorithms, 3, 336.151000, 52
1553, 0 - with algorithms, 3, 778.231000, 56
1554, 0 - with algorithms, 3, 646.433000, 54
1555, 0 - with algorithms, 3, 335.740000, 52
1556, 0 - with algorithms, 3, 355.237000, 51
1557, 0 - with algorithms, 3, 449.443000, 54
1558, 0 - with algorithms, 3, 1309.097000, 83
1559, 0 - with algorithms, 3, 516.008000, 55
1560, 0 - with algorithms, 3, 541.556000, 55
1561, 0 - with algorithms, 3, 408.246000, 55
1562, 0 - with algorithms, 3, 663.946000, 66
1563, 0 - with algorithms, 3, 213.681000, 55
1564, 0 - with algorithms, 3, 393.899000, 55
1565, 0 - with algorithms, 3, 1144.227000, 131
1566, 0 - with algorithms, 3, 443.974000, 56
1567, 0 - with algorithms, 3, 668.655000, 58
1568, 0 - with algorithms, 3, 646.613000, 72
1569, 0 - with algorithms, 3, 364.805000, 56
1570, 0 - with algorithms, 3, 312.977000, 53
1571, 0 - with algorithms, 3, 313.097000, 50
1572, 0 - with algorithms, 3, 1166.349000, 119
1573, 0 - with algorithms, 3, 307.357000, 50
1574, 0 - with algorithms, 3, 255.009000, 52
1575, 0 - with algorithms, 3, 443.612000, 51
1576, 0 - with algorithms, 3, 364.003000, 54
1577, 0 - with algorithms, 3, 656.652000, 56
1578, 0 - with algorithms, 3, 439.545000, 47
1579, 0 - with algorithms, 3, 397.285000, 55
1580, 0 - with algorithms, 3, 414.558000, 53
1581, 0 - with algorithms, 3, 458.541000, 51
1582, 0 - with algorithms, 3, 1014.674000, 121
1583, 0 - with algorithms, 3, 501.462000, 55
1584, 0 - with algorithms, 3, 380.494000, 54
1585, 0 - with algorithms, 3, 362.050000, 51
1586, 0 - with algorithms, 3, 505.178000, 52
1587, 0 - with algorithms, 3, 734.098000, 54
1588, 0 - with algorithms, 3, 355.056000, 51
1589, 0 - with algorithms, 3, 490.981000, 54
1590, 0 - with algorithms, 3, 392.617000, 53
1591, 0 - with algorithms, 3, 455.185000, 54
1592, 0 - with algorithms, 3, 830.418000, 69
1593, 0 - with algorithms, 3, 393.418000, 55
1594, 0 - with algorithms, 3, 627.568000, 54
1595, 0 - with algorithms, 3, 417.945000, 54
1596, 0 - with algorithms, 3, 488.607000, 53
1597, 0 - with algorithms, 3, 960.082000, 82
1598, 0 - with algorithms, 3, 313.068000, 51
1599, 0 - with algorithms, 3, 341.571000, 52
1600, 0 - with algorithms, 3, 518.523000, 55
1601, 0 - with algorithms, 3, 536.547000, 53
1602, 0 - with algorithms, 3, 627.397000, 68
1603, 0 - with algorithms, 3, 334.257000, 50
1604, 0 - with algorithms, 3, 323.086000, 52
1605, 0 - with algorithms, 3, 253.726000, 53
1606, 0 - with algorithms, 3, 594.055000, 54
1607, 0 - with algorithms, 3, 503.034000, 52
1608, 0 - with algorithms, 3, 1205.573000, 81
1609, 0 - with algorithms, 3, 383.690000, 52
1610, 0 - with algorithms, 3, 351.299000, 54
1611, 0 - with algorithms, 3, 1562.352000, 129
1612, 0 - with algorithms, 3, 379.973000, 54
1613, 0 - with algorithms, 3, 370.235000, 55
1614, 0 - with algorithms, 3, 514.015000, 54
1615, 0 - with algorithms, 3, 441.147000, 54
1616, 0 - with algorithms, 3, 416.342000, 54
1617, 0 - with algorithms, 3, 361.759000, 52
1618, 0 - with algorithms, 3, 434.936000, 56
1619, 0 - with algorithms, 3, 522.972000, 52
1620, 0 - with algorithms, 3, 335.640000, 50
1621, 0 - with algorithms, 3, 523.483000, 55
1622, 0 - with algorithms, 3, 537.428000, 51
1623, 0 - with algorithms, 3, 617.529000, 53
1624, 0 - with algorithms, 3, 411.202000, 52
1625, 0 - with algorithms, 3, 201.959000, 53
1626, 0 - with algorithms, 3, 347.703000, 55
1627, 0 - with algorithms, 3, 566.503000, 55
1628, 0 - with algorithms, 3, 484.930000, 54
1629, 0 - with algorithms, 3, 468.159000, 55
1630, 0 - with algorithms, 3, 388.579000, 53
1631, 0 - with algorithms, 3, 401.374000, 53
1632, 0 - with algorithms, 3, 1317.022000, 114
1633, 0 - with algorithms, 3, 311.906000, 53
1634, 0 - with algorithms, 3, 441.829000, 54
1635, 0 - with algorithms, 3, 377.819000, 49
1636, 0 - with algorithms, 3, 516.860000, 52
1637, 0 - with algorithms, 3, 353.704000, 53
1638, 0 - with algorithms, 3, 345.448000, 54
1639, 0 - with algorithms, 3, 389.621000, 52
1640, 0 - with algorithms, 3, 504.867000, 53
1641, 0 - with algorithms, 3, 499.488000, 56
1642, 0 - with algorithms, 3, 949.051000, 95
1643, 0 - with algorithms, 3, 335.259000, 54
1644, 0 - with algorithms, 3, 921.830000, 83
1645, 0 - with algorithms, 3, 577.874000, 54
1646, 0 - with algorithms, 3, 509.115000, 54
1647, 0 - with algorithms, 3, 426.130000, 52
1648, 0 - with algorithms, 3, 457.418000, 55
1649, 0 - with algorithms, 3, 455.685000, 54
1650, 0 - with algorithms, 3, 311.846000, 54
1651, 0 - with algorithms, 3, 589.467000, 71
1652, 0 - with algorithms, 3, 292.489000, 51
1653, 0 - with algorithms, 3, 350.689000, 53
1654, 0 - with algorithms, 3, 346.411000, 52
1655, 0 - with algorithms, 3, 483.788000, 53
1656, 0 - with algorithms, 3, 458.741000, 53
1657, 0 - with algorithms, 3, 300.894000, 55
1658, 0 - with algorithms, 3, 1226.683000, 73
1659, 0 - with algorithms, 3, 365.466000, 54
1660, 0 - with algorithms, 3, 362.610000, 52
1661, 0 - with algorithms, 3, 347.462000, 51
1662, 0 - with algorithms, 3, 469.691000, 55
1663, 0 - with algorithms, 3, 717.707000, 82
1664, 0 - with algorithms, 3, 640.582000, 56
1665, 0 - with algorithms, 3, 459.422000, 51
1666, 0 - with algorithms, 3, 1923.240000, 133
1667, 0 - with algorithms, 3, 470.583000, 52
1668, 0 - with algorithms, 3, 313.819000, 55
1669, 0 - with algorithms, 3, 371.938000, 54
1670, 0 - with algorithms, 3, 418.536000, 53
1671, 0 - with algorithms, 3, 401.294000, 56
1672, 0 - with algorithms, 3, 446.828000, 56
1673, 0 - with algorithms, 3, 630.192000, 56
1674, 0 - with algorithms, 3, 503.656000, 54
1675, 0 - with algorithms, 3, 482.996000, 54
1676, 0 - with algorithms, 3, 363.151000, 51
1677, 0 - with algorithms, 3, 855.826000, 87
1678, 0 - with algorithms, 3, 319.811000, 51
1679, 0 - with algorithms, 3, 837.271000, 81
1680, 0 - with algorithms, 3, 599.826000, 56
1681, 0 - with algorithms, 3, 446.628000, 53
1682, 0 - with algorithms, 3, 376.226000, 53
1683, 0 - with algorithms, 3, 328.937000, 52
1684, 0 - with algorithms, 3, 612.830000, 57
1685, 0 - with algorithms, 3, 920.899000, 51
1686, 0 - with algorithms, 3, 1049.960000, 104
1687, 0 - with algorithms, 3, 328.226000, 53
1688, 0 - with algorithms, 3, 336.141000, 50
1689, 0 - with algorithms, 3, 371.748000, 55
1690, 0 - with algorithms, 3, 774.624000, 78
1691, 0 - with algorithms, 3, 1904.084000, 183
1692, 0 - with algorithms, 3, 361.188000, 52
1693, 0 - with algorithms, 3, 495.981000, 53
1694, 0 - with algorithms, 3, 418.205000, 54
1695, 0 - with algorithms, 3, 320.732000, 52
1696, 0 - with algorithms, 3, 484.469000, 56
1697, 0 - with algorithms, 3, 681.700000, 79
1698, 0 - with algorithms, 3, 610.726000, 55
1699, 0 - with algorithms, 3, 454.743000, 54
1700, 0 - with algorithms, 3, 312.526000, 53
1701, 0 - with algorithms, 3, 1077.573000, 74
1702, 0 - with algorithms, 3, 278.372000, 46
1703, 0 - with algorithms, 3, 335.359000, 54
1704, 0 - with algorithms, 3, 409.619000, 49
1705, 0 - with algorithms, 3, 1114.452000, 127
1706, 0 - with algorithms, 3, 512.141000, 56
1707, 0 - with algorithms, 3, 425.128000, 56
1708, 0 - with algorithms, 3, 357.030000, 53
1709, 0 - with algorithms, 3, 391.896000, 53
1710, 0 - with algorithms, 3, 386.235000, 52
1711, 0 - with algorithms, 3, 381.115000, 52
1712, 0 - with algorithms, 3, 488.286000, 54
1713, 0 - with algorithms, 3, 405.561000, 55
1714, 0 - with algorithms, 3, 382.087000, 54
1715, 0 - with algorithms, 3, 949.532000, 58
1716, 0 - with algorithms, 3, 433.153000, 51
1717, 0 - with algorithms, 3, 354.525000, 53
1718, 0 - with algorithms, 3, 426.691000, 55
1719, 0 - with algorithms, 3, 205.475000, 55
1720, 0 - with algorithms, 3, 350.959000, 51
1721, 0 - with algorithms, 3, 396.775000, 54
1722, 0 - with algorithms, 3, 348.754000, 53
1723, 0 - with algorithms, 3, 403.608000, 53
1724, 0 - with algorithms, 3, 663.735000, 52
1725, 0 - with algorithms, 3, 1120.533000, 126
1726, 0 - with algorithms, 3, 461.266000, 55
1727, 0 - with algorithms, 3, 379.923000, 54
1728, 0 - with algorithms, 3, 721.695000, 54
1729, 0 - with algorithms, 3, 714.100000, 75
1730, 0 - with algorithms, 3, 342.813000, 51
1731, 0 - with algorithms, 3, 641.915000, 57
1732, 0 - with algorithms, 3, 342.973000, 53
1733, 0 - with algorithms, 3, 974.169000, 78
1734, 0 - with algorithms, 3, 539.943000, 56
1735, 0 - with algorithms, 3, 794.311000, 78
1736, 0 - with algorithms, 3, 495.190000, 55
1737, 0 - with algorithms, 3, 409.569000, 50
1738, 0 - with algorithms, 3, 1265.155000, 124
1739, 0 - with algorithms, 3, 347.613000, 53
1740, 0 - with algorithms, 3, 402.085000, 54
1741, 0 - with algorithms, 3, 1439.762000, 93
1742, 0 - with algorithms, 3, 315.031000, 52
1743, 0 - with algorithms, 3, 490.691000, 53
1744, 0 - with algorithms, 3, 492.324000, 54
1745, 0 - with algorithms, 3, 2871.479000, 238
1746, 0 - with algorithms, 3, 513.283000, 47
1747, 0 - with algorithms, 3, 385.313000, 54
1748, 0 - with algorithms, 3, 341.611000, 54
1749, 0 - with algorithms, 3, 448.041000, 51
1750, 0 - with algorithms, 3, 451.828000, 54
1751, 0 - with algorithms, 3, 352.061000, 51
1752, 0 - with algorithms, 3, 1530.322000, 117
1753, 0 - with algorithms, 3, 478.759000, 55
1754, 0 - with algorithms, 3, 364.394000, 55
1755, 0 - with algorithms, 3, 352.822000, 55
1756, 0 - with algorithms, 3, 553.168000, 53
1757, 0 - with algorithms, 3, 349.165000, 51
1758, 0 - with algorithms, 3, 361.669000, 52
1759, 0 - with algorithms, 3, 392.627000, 53
1760, 0 - with algorithms, 3, 349.496000, 51
1761, 0 - with algorithms, 3, 589.536000, 53
1762, 0 - with algorithms, 3, 341.341000, 50
1763, 0 - with algorithms, 3, 347.262000, 56
1764, 0 - with algorithms, 3, 2254.491000, 166
1765, 0 - with algorithms, 3, 341.430000, 56
1766, 0 - with algorithms, 3, 597.170000, 55
1767, 0 - with algorithms, 3, 415.410000, 52
1768, 0 - with algorithms, 3, 334.337000, 52
1769, 0 - with algorithms, 3, 465.593000, 54
1770, 0 - with algorithms, 3, 356.189000, 52
1771, 0 - with algorithms, 3, 421.110000, 50
1772, 0 - with algorithms, 3, 319.640000, 52
1773, 0 - with algorithms, 3, 588.725000, 58
1774, 0 - with algorithms, 3, 310.162000, 52
1775, 0 - with algorithms, 3, 361.117000, 55
1776, 0 - with algorithms, 3, 467.938000, 52
1777, 0 - with algorithms, 3, 389.391000, 53
1778, 0 - with algorithms, 3, 897.134000, 94
1779, 0 - with algorithms, 3, 3322.014000, 225
1780, 0 - with algorithms, 3, 338.676000, 53
1781, 0 - with algorithms, 3, 346.099000, 53
1782, 0 - with algorithms, 3, 339.357000, 50
1783, 0 - with algorithms, 3, 440.276000, 52
1784, 0 - with algorithms, 3, 343.264000, 52
1785, 0 - with algorithms, 3, 404.519000, 55
1786, 0 - with algorithms, 3, 536.888000, 53
1787, 0 - with algorithms, 3, 536.397000, 54
1788, 0 - with algorithms, 3, 431.009000, 54
1789, 0 - with algorithms, 3, 381.236000, 53
1790, 0 - with algorithms, 3, 917.983000, 57
1791, 0 - with algorithms, 3, 675.097000, 52
1792, 0 - with algorithms, 3, 376.356000, 55
1793, 0 - with algorithms, 3, 323.016000, 52
1794, 0 - with algorithms, 3, 596.078000, 53
1795, 0 - with algorithms, 3, 382.608000, 55
1796, 0 - with algorithms, 3, 1644.436000, 56
1797, 0 - with algorithms, 3, 392.718000, 53
1798, 0 - with algorithms, 3, 495.430000, 54
1799, 0 - with algorithms, 3, 552.627000, 54
1800, 0 - with algorithms, 218, 582.032000, 37
1801, 0 - with algorithms, 4, 596.069000, 57
1802, 0 - with algorithms, 4, 989.467000, 85
1803, 0 - with algorithms, 4, 480.852000, 55
1804, 0 - with algorithms, 4, 3325.170000, 219
1805, 0 - with algorithms, 4, 497.524000, 54
1806, 0 - with algorithms, 4, 479.560000, 56
1807, 0 - with algorithms, 4, 687.610000, 55
1808, 0 - with algorithms, 4, 882.055000, 87
1809, 0 - with algorithms, 4, 487.275000, 57
1810, 0 - with algorithms, 4, 790.995000, 52
1811, 0 - with algorithms, 4, 641.374000, 53
1812, 0 - with algorithms, 4, 651.472000, 57
1813, 0 - with algorithms, 4, 2700.528000, 139
1814, 0 - with algorithms, 4, 317.065000, 53
1815, 0 - with algorithms, 4, 863.370000, 56
1816, 0 - with algorithms, 4, 495.220000, 55
1817, 0 - with algorithms, 4, 656.532000, 56
1818, 0 - with algorithms, 4, 605.145000, 54
1819, 0 - with algorithms, 4, 1616.524000, 115
1820, 0 - with algorithms, 4, 394.240000, 53
1821, 0 - with algorithms, 4, 531.327000, 54
1822, 0 - with algorithms, 4, 3656.222000, 231
1823, 0 - with algorithms, 4, 530.245000, 56
1824, 0 - with algorithms, 4, 1691.625000, 86
1825, 0 - with algorithms, 4, 609.684000, 57
1826, 0 - with algorithms, 4, 1551.562000, 97
1827, 0 - with algorithms, 4, 383.880000, 54
1828, 0 - with algorithms, 4, 1194.712000, 98
1829, 0 - with algorithms, 4, 3108.544000, 223
1830, 0 - with algorithms, 4, 351.620000, 54
1831, 0 - with algorithms, 4, 1259.204000, 95
1832, 0 - with algorithms, 4, 1525.864000, 55
1833, 0 - with algorithms, 4, 346.050000, 53
1834, 0 - with algorithms, 4, 1024.132000, 94
1835, 0 - with algorithms, 4, 555.433000, 54
1836, 0 - with algorithms, 4, 589.176000, 54
1837, 0 - with algorithms, 4, 402.045000, 55
1838, 0 - with algorithms, 4, 486.553000, 53
1839, 0 - with algorithms, 4, 406.152000, 52
1840, 0 - with algorithms, 4, 523.032000, 55
1841, 0 - with algorithms, 4, 996.190000, 58
1842, 0 - with algorithms, 4, 586.250000, 57
1843, 0 - with algorithms, 4, 1068.105000, 79
1844, 0 - with algorithms, 4, 484.530000, 55
1845, 0 - with algorithms, 4, 723.268000, 57
1846, 0 - with algorithms, 4, 360.236000, 52
1847, 0 - with algorithms, 4, 418.165000, 52
1848, 0 - with algorithms, 4, 535.284000, 55
1849, 0 - with algorithms, 4, 614.934000, 53
1850, 0 - with algorithms, 4, 363.823000, 55
1851, 0 - with algorithms, 4, 659.999000, 58
1852, 0 - with algorithms, 4, 1037.727000, 56
1853, 0 - with algorithms, 4, 849.354000, 78
1854, 0 - with algorithms, 4, 1057.545000, 88
1855, 0 - with algorithms, 4, 608.382000, 56
1856, 0 - with algorithms, 4, 712.016000, 56
1857, 0 - with algorithms, 4, 759.736000, 55
1858, 0 - with algorithms, 4, 1540.010000, 103
1859, 0 - with algorithms, 4, 461.737000, 56
1860, 0 - with algorithms, 4, 808.287000, 54
1861, 0 - with algorithms, 4, 1071.371000, 82
1862, 0 - with algorithms, 4, 1466.302000, 137
1863, 0 - with algorithms, 4, 620.254000, 55
1864, 0 - with algorithms, 4, 625.384000, 54
1865, 0 - with algorithms, 4, 1512.308000, 120
1866, 0 - with algorithms, 4, 524.945000, 58
1867, 0 - with algorithms, 4, 1095.896000, 95
1868, 0 - with algorithms, 4, 428.485000, 55
1869, 0 - with algorithms, 4, 477.637000, 54
1870, 0 - with algorithms, 4, 1257.580000, 57
1871, 0 - with algorithms, 4, 342.743000, 53
1872, 0 - with algorithms, 4, 623.029000, 56
1873, 0 - with algorithms, 4, 635.012000, 56
1874, 0 - with algorithms, 4, 581.762000, 56
1875, 0 - with algorithms, 4, 1992.740000, 148
1876, 0 - with algorithms, 4, 631.055000, 56
1877, 0 - with algorithms, 4, 1127.405000, 57
1878, 0 - with algorithms, 4, 469.701000, 57
1879, 0 - with algorithms, 4, 341.420000, 56
1880, 0 - with algorithms, 4, 590.578000, 55
1881, 0 - with algorithms, 4, 462.058000, 56
1882, 0 - with algorithms, 4, 501.872000, 57
1883, 0 - with algorithms, 4, 519.095000, 56
1884, 0 - with algorithms, 4, 366.859000, 58
1885, 0 - with algorithms, 4, 1446.645000, 86
1886, 0 - with algorithms, 4, 540.755000, 55
1887, 0 - with algorithms, 4, 1278.920000, 54
1888, 0 - with algorithms, 4, 425.339000, 56
1889, 0 - with algorithms, 4, 436.769000, 54
1890, 0 - with algorithms, 4, 399.319000, 56
1891, 0 - with algorithms, 4, 2283.856000, 148
1892, 0 - with algorithms, 4, 387.367000, 54
1893, 0 - with algorithms, 4, 2846.953000, 169
1894, 0 - with algorithms, 4, 1929.963000, 162
1895, 0 - with algorithms, 4, 1011.248000, 55
1896, 0 - with algorithms, 4, 502.062000, 57
1897, 0 - with algorithms, 4, 552.537000, 54
1898, 0 - with algorithms, 4, 432.211000, 57
1899, 0 - with algorithms, 4, 598.002000, 56
1900, 0 - with algorithms, 4, 960.653000, 55
1901, 0 - with algorithms, 4, 722.145000, 82
1902, 0 - with algorithms, 4, 476.184000, 53
1903, 0 - with algorithms, 4, 580.961000, 53
1904, 0 - with algorithms, 4, 2505.812000, 103
1905, 0 - with algorithms, 4, 1659.795000, 74
1906, 0 - with algorithms, 4, 571.803000, 58
1907, 0 - with algorithms, 4, 518.463000, 57
1908, 0 - with algorithms, 4, 771.578000, 56
1909, 0 - with algorithms, 4, 621.957000, 58
1910, 0 - with algorithms, 4, 520.256000, 54
1911, 0 - with algorithms, 4, 3644.500000, 264
1912, 0 - with algorithms, 4, 461.906000, 53
1913, 0 - with algorithms, 4, 412.695000, 53
1914, 0 - with algorithms, 4, 820.199000, 57
1915, 0 - with algorithms, 4, 532.839000, 56
1916, 0 - with algorithms, 4, 511.671000, 56
1917, 0 - with algorithms, 4, 588.956000, 55
1918, 0 - with algorithms, 4, 424.286000, 55
1919, 0 - with algorithms, 4, 675.728000, 55
1920, 0 - with algorithms, 4, 510.548000, 56
1921, 0 - with algorithms, 4, 373.301000, 53
1922, 0 - with algorithms, 4, 465.473000, 55
1923, 0 - with algorithms, 4, 444.514000, 55
1924, 0 - with algorithms, 4, 848.392000, 57
1925, 0 - with algorithms, 4, 344.246000, 54
1926, 0 - with algorithms, 4, 372.920000, 55
1927, 0 - with algorithms, 4, 587.512000, 53
1928, 0 - with algorithms, 4, 488.176000, 53
1929, 0 - with algorithms, 4, 979.218000, 57
1930, 0 - with algorithms, 4, 301.305000, 54
1931, 0 - with algorithms, 4, 844.505000, 89
1932, 0 - with algorithms, 4, 2057.341000, 137
1933, 0 - with algorithms, 4, 427.573000, 54
1934, 0 - with algorithms, 4, 463.660000, 56
1935, 0 - with algorithms, 4, 386.445000, 53
1936, 0 - with algorithms, 4, 537.449000, 54
1937, 0 - with algorithms, 4, 622.749000, 55
1938, 0 - with algorithms, 4, 466.024000, 52
1939, 0 - with algorithms, 4, 1801.451000, 152
1940, 0 - with algorithms, 4, 436.530000, 55
1941, 0 - with algorithms, 4, 445.186000, 52
1942, 0 - with algorithms, 4, 2057.231000, 203
1943, 0 - with algorithms, 4, 576.833000, 58
1944, 0 - with algorithms, 4, 1280.563000, 54
1945, 0 - with algorithms, 4, 1204.360000, 55
1946, 0 - with algorithms, 4, 455.104000, 54
1947, 0 - with algorithms, 4, 449.082000, 57
1948, 0 - with algorithms, 4, 399.470000, 54
1949, 0 - with algorithms, 4, 2033.897000, 117
1950, 0 - with algorithms, 4, 1688.920000, 117
1951, 0 - with algorithms, 4, 380.694000, 53
1952, 0 - with algorithms, 4, 519.566000, 54
1953, 0 - with algorithms, 4, 2212.532000, 157
1954, 0 - with algorithms, 4, 777.930000, 55
1955, 0 - with algorithms, 4, 420.449000, 52
1956, 0 - with algorithms, 4, 608.161000, 57
1957, 0 - with algorithms, 4, 410.109000, 53
1958, 0 - with algorithms, 4, 779.984000, 52
1959, 0 - with algorithms, 4, 348.234000, 55
1960, 0 - with algorithms, 4, 413.226000, 54
1961, 0 - with algorithms, 4, 520.827000, 54
1962, 0 - with algorithms, 4, 602.010000, 56
1963, 0 - with algorithms, 4, 352.942000, 53
1964, 0 - with algorithms, 4, 319.520000, 54
1965, 0 - with algorithms, 4, 513.954000, 54
1966, 0 - with algorithms, 4, 456.216000, 55
1967, 0 - with algorithms, 4, 543.249000, 56
1968, 0 - with algorithms, 4, 439.615000, 55
1969, 0 - with algorithms, 4, 325.852000, 51
1970, 0 - with algorithms, 4, 3378.450000, 257
1971, 0 - with algorithms, 4, 914.537000, 75
1972, 0 - with algorithms, 4, 629.341000, 55
1973, 0 - with algorithms, 4, 722.295000, 56
1974, 0 - with algorithms, 4, 678.784000, 57
1975, 0 - with algorithms, 4, 499.067000, 57
1976, 0 - with algorithms, 4, 401.263000, 54
1977, 0 - with algorithms, 4, 3874.391000, 310
1978, 0 - with algorithms, 4, 550.913000, 51
1979, 0 - with algorithms, 4, 707.809000, 54
1980, 0 - with algorithms, 4, 1110.193000, 71
1981, 0 - with algorithms, 4, 1593.440000, 149
1982, 0 - with algorithms, 4, 2501.594000, 150
1983, 0 - with algorithms, 4, 445.406000, 56
1984, 0 - with algorithms, 4, 1013.452000, 87
1985, 0 - with algorithms, 4, 1761.416000, 143
1986, 0 - with algorithms, 4, 668.124000, 53
1987, 0 - with algorithms, 4, 390.754000, 53
1988, 0 - with algorithms, 4, 1220.791000, 58
1989, 0 - with algorithms, 4, 919.015000, 82
1990, 0 - with algorithms, 4, 417.534000, 53
1991, 0 - with algorithms, 4, 703.089000, 56
1992, 0 - with algorithms, 4, 415.851000, 54
1993, 0 - with algorithms, 4, 2462.011000, 179
1994, 0 - with algorithms, 4, 1898.604000, 144
1995, 0 - with algorithms, 4, 1728.554000, 108
1996, 0 - with algorithms, 4, 777.198000, 57
1997, 0 - with algorithms, 4, 997.222000, 96
1998, 0 - with algorithms, 4, 628.088000, 55
1999, 0 - with algorithms, 4, 402.605000, 53
2000, 0 - with algorithms, 4, 611.558000, 54
2001, 0 - with algorithms, 4, 1274.111000, 56
2002, 0 - with algorithms, 4, 360.747000, 57
2003, 0 - with algorithms, 4, 459.964000, 58
2004, 0 - with algorithms, 4, 1541.112000, 128
2005, 0 - with algorithms, 4, 345.448000, 52
2006, 0 - with algorithms, 4, 620.024000, 57
2007, 0 - with algorithms, 4, 846.669000, 104
2008, 0 - with algorithms, 4, 604.535000, 54
2009, 0 - with algorithms, 4, 1455.952000, 122
2010, 0 - with algorithms, 4, 487.155000, 55
2011, 0 - with algorithms, 4, 415.550000, 54
2012, 0 - with algorithms, 4, 779.443000, 56
2013, 0 - with algorithms, 4, 319.159000, 56
2014, 0 - with algorithms, 4, 449.093000, 54
2015, 0 - with algorithms, 4, 636.304000, 55
2016, 0 - with algorithms, 4, 753.094000, 53
2017, 0 - with algorithms, 4, 1504.323000, 108
2018, 0 - with algorithms, 4, 425.509000, 55
2019, 0 - with algorithms, 4, 602.721000, 55
2020, 0 - with algorithms, 4, 1650.538000, 135
2021, 0 - with algorithms, 4, 1690.302000, 126
2022, 0 - with algorithms, 4, 621.066000, 54
2023, 0 - with algorithms, 4, 370.134000, 54
2024, 0 - with algorithms, 4, 544.331000, 55
2025, 0 - with algorithms, 4, 472.326000, 52
2026, 0 - with algorithms, 4, 914.357000, 85
2027, 0 - with algorithms, 4, 526.599000, 51
2028, 0 - with algorithms, 4, 627.989000, 54
2029, 0 - with algorithms, 4, 438.503000, 55
2030, 0 - with algorithms, 4, 2123.696000, 79
2031, 0 - with algorithms, 4, 655.951000, 54
2032, 0 - with algorithms, 4, 475.453000, 54
2033, 0 - with algorithms, 4, 468.319000, 56
2034, 0 - with algorithms, 4, 364.444000, 54
2035, 0 - with algorithms, 4, 405.732000, 56
2036, 0 - with algorithms, 4, 1250.977000, 56
2037, 0 - with algorithms, 4, 440.677000, 55
2038, 0 - with algorithms, 4, 990.318000, 100
2039, 0 - with algorithms, 4, 1560.659000, 116
2040, 0 - with algorithms, 4, 1010.707000, 55
2041, 0 - with algorithms, 4, 2440.921000, 155
2042, 0 - with algorithms, 4, 366.798000, 54
2043, 0 - with algorithms, 4, 410.962000, 55
2044, 0 - with algorithms, 4, 2035.650000, 93
2045, 0 - with algorithms, 4, 691.939000, 56
2046, 0 - with algorithms, 4, 502.393000, 55
2047, 0 - with algorithms, 4, 779.263000, 56
2048, 0 - with algorithms, 4, 538.611000, 56
2049, 0 - with algorithms, 4, 459.062000, 54
2050, 0 - with algorithms, 4, 4535.092000, 237
2051, 0 - with algorithms, 4, 423.896000, 55
2052, 0 - with algorithms, 4, 516.319000, 54
2053, 0 - with algorithms, 4, 793.980000, 55
2054, 0 - with algorithms, 4, 730.541000, 51
2055, 0 - with algorithms, 4, 437.080000, 54
2056, 0 - with algorithms, 4, 2412.197000, 179
2057, 0 - with algorithms, 4, 536.627000, 55
2058, 0 - with algorithms, 4, 494.898000, 54
2059, 0 - with algorithms, 4, 404.178000, 54
2060, 0 - with algorithms, 4, 568.958000, 56
2061, 0 - with algorithms, 4, 509.366000, 56
2062, 0 - with algorithms, 4, 597.532000, 53
2063, 0 - with algorithms, 4, 381.746000, 54
2064, 0 - with algorithms, 4, 365.146000, 55
2065, 0 - with algorithms, 4, 606.809000, 55
2066, 0 - with algorithms, 4, 1099.644000, 75
2067, 0 - with algorithms, 4, 564.469000, 55
2068, 0 - with algorithms, 4, 381.255000, 55
2069, 0 - with algorithms, 4, 491.433000, 55
2070, 0 - with algorithms, 4, 568.507000, 55
2071, 0 - with algorithms, 4, 413.206000, 54
2072, 0 - with algorithms, 4, 1506.507000, 131
2073, 0 - with algorithms, 4, 1362.608000, 125
2074, 0 - with algorithms, 4, 512.442000, 54
2075, 0 - with algorithms, 4, 1033.981000, 54
2076, 0 - with algorithms, 4, 3311.595000, 333
2077, 0 - with algorithms, 4, 724.379000, 56
2078, 0 - with algorithms, 4, 408.497000, 53
2079, 0 - with algorithms, 4, 427.453000, 54
2080, 0 - with algorithms, 4, 545.654000, 54
2081, 0 - with algorithms, 4, 396.484000, 54
2082, 0 - with algorithms, 4, 391.955000, 53
2083, 0 - with algorithms, 4, 1186.266000, 90
2084, 0 - with algorithms, 4, 561.724000, 56
2085, 0 - with algorithms, 4, 434.635000, 54
2086, 0 - with algorithms, 4, 377.559000, 53
2087, 0 - with algorithms, 4, 498.225000, 55
2088, 0 - with algorithms, 4, 522.971000, 57
2089, 0 - with algorithms, 4, 1143.416000, 58
2090, 0 - with algorithms, 4, 357.070000, 54
2091, 0 - with algorithms, 4, 524.594000, 52
2092, 0 - with algorithms, 4, 1161.680000, 86
2093, 0 - with algorithms, 4, 464.632000, 57
2094, 0 - with algorithms, 4, 629.421000, 54
2095, 0 - with algorithms, 4, 368.301000, 54
2096, 0 - with algorithms, 4, 549.111000, 57
2097, 0 - with algorithms, 4, 1141.442000, 55
2098, 0 - with algorithms, 4, 521.599000, 56
2099, 0 - with algorithms, 4, 2765.441000, 182
2100, 0 - with algorithms, 4, 6189.145000, 297
2101, 0 - with algorithms, 4, 426.831000, 54
2102, 0 - with algorithms, 4, 747.653000, 54
2103, 0 - with algorithms, 4, 421.300000, 53
2104, 0 - with algorithms, 4, 2120.410000, 94
2105, 0 - with algorithms, 4, 1053.497000, 82
2106, 0 - with algorithms, 4, 508.514000, 57
2107, 0 - with algorithms, 4, 475.412000, 58
2108, 0 - with algorithms, 4, 821.592000, 80
2109, 0 - with algorithms, 4, 1983.242000, 146
2110, 0 - with algorithms, 4, 964.300000, 56
2111, 0 - with algorithms, 4, 446.598000, 54
2112, 0 - with algorithms, 4, 414.989000, 53
2113, 0 - with algorithms, 4, 1134.259000, 110
2114, 0 - with algorithms, 4, 542.918000, 56
2115, 0 - with algorithms, 4, 590.718000, 56
2116, 0 - with algorithms, 4, 999.726000, 78
2117, 0 - with algorithms, 4, 413.907000, 56
2118, 0 - with algorithms, 4, 454.183000, 54
2119, 0 - with algorithms, 4, 1351.827000, 57
2120, 0 - with algorithms, 4, 607.029000, 55
2121, 0 - with algorithms, 4, 801.815000, 55
2122, 0 - with algorithms, 4, 466.335000, 56
2123, 0 - with algorithms, 4, 658.637000, 57
2124, 0 - with algorithms, 4, 796.114000, 54
2125, 0 - with algorithms, 4, 1099.113000, 82
2126, 0 - with algorithms, 4, 1349.913000, 104
2127, 0 - with algorithms, 4, 1724.837000, 132
2128, 0 - with algorithms, 4, 354.164000, 51
2129, 0 - with algorithms, 4, 639.230000, 77
2130, 0 - with algorithms, 4, 385.323000, 56
2131, 0 - with algorithms, 4, 1632.524000, 126
2132, 0 - with algorithms, 4, 1823.803000, 91
2133, 0 - with algorithms, 4, 544.442000, 53
2134, 0 - with algorithms, 4, 592.092000, 53
2135, 0 - with algorithms, 4, 466.245000, 55
2136, 0 - with algorithms, 4, 557.817000, 54
2137, 0 - with algorithms, 4, 492.124000, 53
2138, 0 - with algorithms, 4, 405.551000, 55
2139, 0 - with algorithms, 4, 1203.319000, 98
2140, 0 - with algorithms, 4, 871.346000, 70
2141, 0 - with algorithms, 4, 433.012000, 55
2142, 0 - with algorithms, 4, 603.323000, 55
2143, 0 - with algorithms, 4, 2325.484000, 188
2144, 0 - with algorithms, 4, 419.187000, 56
2145, 0 - with algorithms, 4, 935.585000, 83
2146, 0 - with algorithms, 4, 684.294000, 56
2147, 0 - with algorithms, 4, 445.365000, 54
2148, 0 - with algorithms, 4, 600.557000, 53
2149, 0 - with algorithms, 4, 1515.174000, 101
2150, 0 - with algorithms, 4, 948.741000, 59
2151, 0 - with algorithms, 4, 622.348000, 55
2152, 0 - with algorithms, 4, 439.255000, 55
2153, 0 - with algorithms, 4, 688.983000, 53
2154, 0 - with algorithms, 4, 519.184000, 54
2155, 0 - with algorithms, 4, 541.256000, 53
2156, 0 - with algorithms, 4, 339.307000, 53
2157, 0 - with algorithms, 4, 455.435000, 55
2158, 0 - with algorithms, 4, 531.798000, 69
2159, 0 - with algorithms, 4, 397.526000, 52
2160, 0 - with algorithms, 4, 773.752000, 74
2161, 0 - with algorithms, 4, 821.412000, 79
2162, 0 - with algorithms, 4, 1530.332000, 97
2163, 0 - with algorithms, 4, 605.236000, 54
2164, 0 - with algorithms, 4, 1772.837000, 154
2165, 0 - with algorithms, 4, 408.948000, 56
2166, 0 - with algorithms, 4, 370.145000, 55
2167, 0 - with algorithms, 4, 458.620000, 55
2168, 0 - with algorithms, 4, 452.780000, 57
2169, 0 - with algorithms, 4, 781.577000, 55
2170, 0 - with algorithms, 4, 987.202000, 84
2171, 0 - with algorithms, 4, 620.554000, 53
2172, 0 - with algorithms, 4, 476.724000, 53
2173, 0 - with algorithms, 4, 636.114000, 56
2174, 0 - with algorithms, 4, 590.779000, 52
2175, 0 - with algorithms, 4, 702.178000, 55
2176, 0 - with algorithms, 4, 1700.391000, 125
2177, 0 - with algorithms, 4, 438.303000, 54
2178, 0 - with algorithms, 4, 590.288000, 56
2179, 0 - with algorithms, 4, 427.322000, 53
2180, 0 - with algorithms, 4, 717.677000, 57
2181, 0 - with algorithms, 4, 513.884000, 56
2182, 0 - with algorithms, 4, 1533.358000, 131
2183, 0 - with algorithms, 4, 466.195000, 52
2184, 0 - with algorithms, 4, 1399.326000, 97
2185, 0 - with algorithms, 4, 437.030000, 53
2186, 0 - with algorithms, 4, 608.522000, 56
2187, 0 - with algorithms, 4, 321.023000, 54
2188, 0 - with algorithms, 4, 390.823000, 55
2189, 0 - with algorithms, 4, 319.830000, 52
2190, 0 - with algorithms, 4, 445.275000, 56
2191, 0 - with algorithms, 4, 426.831000, 54
2192, 0 - with algorithms, 4, 560.101000, 56
2193, 0 - with algorithms, 4, 344.627000, 56
2194, 0 - with algorithms, 4, 521.478000, 56
2195, 0 - with algorithms, 4, 452.369000, 57
2196, 0 - with algorithms, 4, 417.604000, 54
2197, 0 - with algorithms, 4, 1289.140000, 112
2198, 0 - with algorithms, 4, 533.712000, 57
2199, 0 - with algorithms, 4, 756.720000, 56
2200, 0 - with algorithms, 4, 409.559000, 52
2201, 0 - with algorithms, 4, 353.984000, 54
2202, 0 - with algorithms, 4, 412.935000, 54
2203, 0 - with algorithms, 4, 991.921000, 55
2204, 0 - with algorithms, 4, 751.070000, 56
2205, 0 - with algorithms, 4, 4505.767000, 215
2206, 0 - with algorithms, 4, 620.925000, 69
2207, 0 - with algorithms, 4, 400.842000, 58
2208, 0 - with algorithms, 4, 429.385000, 54
2209, 0 - with algorithms, 4, 567.115000, 57
2210, 0 - with algorithms, 4, 454.804000, 55
2211, 0 - with algorithms, 4, 471.816000, 55
2212, 0 - with algorithms, 4, 1155.599000, 80
2213, 0 - with algorithms, 4, 488.227000, 56
2214, 0 - with algorithms, 4, 2144.785000, 193
2215, 0 - with algorithms, 4, 1125.132000, 86
2216, 0 - with algorithms, 4, 412.894000, 55
2217, 0 - with algorithms, 4, 692.550000, 51
2218, 0 - with algorithms, 4, 1099.403000, 53
2219, 0 - with algorithms, 4, 365.596000, 56
2220, 0 - with algorithms, 4, 433.784000, 54
2221, 0 - with algorithms, 4, 1859.179000, 95
2222, 0 - with algorithms, 4, 467.377000, 57
2223, 0 - with algorithms, 4, 751.490000, 56
2224, 0 - with algorithms, 4, 649.750000, 56
2225, 0 - with algorithms, 4, 1124.119000, 55
2226, 0 - with algorithms, 4, 481.003000, 54
2227, 0 - with algorithms, 4, 540.714000, 57
2228, 0 - with algorithms, 4, 1300.391000, 137
2229, 0 - with algorithms, 4, 506.441000, 55
2230, 0 - with algorithms, 4, 1585.646000, 104
2231, 0 - with algorithms, 4, 2817.508000, 219
2232, 0 - with algorithms, 4, 785.424000, 86
2233, 0 - with algorithms, 4, 400.913000, 55
2234, 0 - with algorithms, 4, 698.631000, 56
2235, 0 - with algorithms, 4, 651.923000, 56
2236, 0 - with algorithms, 4, 428.845000, 53
2237, 0 - with algorithms, 4, 1353.741000, 87
2238, 0 - with algorithms, 4, 341.631000, 51
2239, 0 - with algorithms, 4, 443.192000, 52
2240, 0 - with algorithms, 4, 1065.951000, 84
2241, 0 - with algorithms, 4, 1424.914000, 102
2242, 0 - with algorithms, 4, 474.440000, 56
2243, 0 - with algorithms, 4, 656.582000, 56
2244, 0 - with algorithms, 4, 445.196000, 57
2245, 0 - with algorithms, 4, 696.487000, 55
2246, 0 - with algorithms, 4, 520.156000, 56
2247, 0 - with algorithms, 4, 458.060000, 56
2248, 0 - with algorithms, 4, 465.183000, 54
2249, 0 - with algorithms, 4, 508.634000, 55
2250, 0 - with algorithms, 4, 468.830000, 56
2251, 0 - with algorithms, 4, 1036.025000, 80
2252, 0 - with algorithms, 4, 459.782000, 56
2253, 0 - with algorithms, 4, 535.745000, 54
2254, 0 - with algorithms, 4, 1002.361000, 86
2255, 0 - with algorithms, 4, 700.145000, 55
2256, 0 - with algorithms, 4, 1212.085000, 86
2257, 0 - with algorithms, 4, 415.600000, 55
2258, 0 - with algorithms, 4, 1482.312000, 57
2259, 0 - with algorithms, 4, 636.515000, 56
2260, 0 - with algorithms, 4, 1335.186000, 56
2261, 0 - with algorithms, 4, 972.976000, 56
2262, 0 - with algorithms, 4, 662.674000, 54
2263, 0 - with algorithms, 4, 702.759000, 57
2264, 0 - with algorithms, 4, 1077.742000, 121
2265, 0 - with algorithms, 4, 3526.157000, 243
2266, 0 - with algorithms, 4, 459.903000, 51
2267, 0 - with algorithms, 4, 572.564000, 55
2268, 0 - with algorithms, 4, 820.219000, 97
2269, 0 - with algorithms, 4, 378.610000, 53
2270, 0 - with algorithms, 4, 451.898000, 51
2271, 0 - with algorithms, 4, 475.543000, 55
2272, 0 - with algorithms, 4, 672.793000, 55
2273, 0 - with algorithms, 4, 667.092000, 55
2274, 0 - with algorithms, 4, 1049.459000, 54
2275, 0 - with algorithms, 4, 774.273000, 77
2276, 0 - with algorithms, 4, 462.738000, 56
2277, 0 - with algorithms, 4, 2097.507000, 224
2278, 0 - with algorithms, 4, 933.502000, 57
2279, 0 - with algorithms, 4, 1296.985000, 52
2280, 0 - with algorithms, 4, 1252.270000, 86
2281, 0 - with algorithms, 4, 399.059000, 57
2282, 0 - with algorithms, 4, 514.666000, 56
2283, 0 - with algorithms, 4, 789.071000, 54
2284, 0 - with algorithms, 4, 702.318000, 55
2285, 0 - with algorithms, 4, 608.372000, 55
2286, 0 - with algorithms, 4, 435.266000, 55
2287, 0 - with algorithms, 4, 525.106000, 56
2288, 0 - with algorithms, 4, 1330.547000, 82
2289, 0 - with algorithms, 4, 1169.815000, 87
2290, 0 - with algorithms, 4, 477.576000, 53
2291, 0 - with algorithms, 4, 2144.955000, 107
2292, 0 - with algorithms, 4, 442.501000, 55
2293, 0 - with algorithms, 4, 601.188000, 56
2294, 0 - with algorithms, 4, 1528.819000, 112
2295, 0 - with algorithms, 4, 733.687000, 83
2296, 0 - with algorithms, 4, 1276.515000, 109
2297, 0 - with algorithms, 4, 446.989000, 56
2298, 0 - with algorithms, 4, 1490.066000, 84
2299, 0 - with algorithms, 4, 762.601000, 54
2300, 0 - with algorithms, 4, 1429.803000, 74
2301, 0 - with algorithms, 4, 478.698000, 54
2302, 0 - with algorithms, 4, 466.886000, 54
2303, 0 - with algorithms, 4, 440.236000, 54
2304, 0 - with algorithms, 4, 403.898000, 54
2305, 0 - with algorithms, 4, 428.774000, 52
2306, 0 - with algorithms, 4, 344.897000, 53
2307, 0 - with algorithms, 4, 394.520000, 54
2308, 0 - with algorithms, 4, 672.091000, 54
2309, 0 - with algorithms, 4, 601.579000, 55
2310, 0 - with algorithms, 4, 538.711000, 56
2311, 0 - with algorithms, 4, 1778.178000, 97
2312, 0 - with algorithms, 4, 347.111000, 55
2313, 0 - with algorithms, 4, 463.090000, 54
2314, 0 - with algorithms, 4, 384.391000, 54
2315, 0 - with algorithms, 4, 936.688000, 53
2316, 0 - with algorithms, 4, 588.885000, 55
2317, 0 - with algorithms, 4, 582.603000, 56
2318, 0 - with algorithms, 4, 480.061000, 56
2319, 0 - with algorithms, 4, 490.701000, 52
2320, 0 - with algorithms, 4, 554.380000, 55
2321, 0 - with algorithms, 4, 1487.282000, 80
2322, 0 - with algorithms, 4, 2592.205000, 138
2323, 0 - with algorithms, 4, 724.109000, 51
2324, 0 - with algorithms, 4, 367.690000, 55
2325, 0 - with algorithms, 4, 634.491000, 56
2326, 0 - with algorithms, 4, 662.093000, 56
2327, 0 - with algorithms, 4, 372.639000, 52
2328, 0 - with algorithms, 4, 798.028000, 54
2329, 0 - with algorithms, 4, 516.890000, 55
2330, 0 - with algorithms, 4, 415.861000, 54
2331, 0 - with algorithms, 4, 823.415000, 83
2332, 0 - with algorithms, 4, 665.288000, 56
2333, 0 - with algorithms, 4, 714.020000, 55
2334, 0 - with algorithms, 4, 779.012000, 57
2335, 0 - with algorithms, 4, 1988.542000, 55
2336, 0 - with algorithms, 4, 2086.466000, 141
2337, 0 - with algorithms, 4, 481.694000, 55
2338, 0 - with algorithms, 4, 401.133000, 54
2339, 0 - with algorithms, 4, 1177.159000, 92
2340, 0 - with algorithms, 4, 564.490000, 57
2341, 0 - with algorithms, 4, 676.880000, 55
2342, 0 - with algorithms, 4, 368.602000, 54
2343, 0 - with algorithms, 4, 604.725000, 58
2344, 0 - with algorithms, 4, 327.304000, 52
2345, 0 - with algorithms, 4, 536.837000, 54
2346, 0 - with algorithms, 4, 692.410000, 58
2347, 0 - with algorithms, 4, 3357.221000, 250
2348, 0 - with algorithms, 4, 456.096000, 56
2349, 0 - with algorithms, 4, 437.281000, 58
2350, 0 - with algorithms, 4, 386.285000, 57
2351, 0 - with algorithms, 4, 385.404000, 54
2352, 0 - with algorithms, 4, 866.516000, 79
2353, 0 - with algorithms, 4, 492.815000, 54
2354, 0 - with algorithms, 4, 1181.858000, 87
2355, 0 - with algorithms, 4, 491.403000, 54
2356, 0 - with algorithms, 4, 614.042000, 72
2357, 0 - with algorithms, 4, 828.424000, 73
2358, 0 - with algorithms, 4, 388.228000, 56
2359, 0 - with algorithms, 4, 543.339000, 57
2360, 0 - with algorithms, 4, 1422.860000, 119
2361, 0 - with algorithms, 4, 566.142000, 57
2362, 0 - with algorithms, 4, 473.027000, 54
2363, 0 - with algorithms, 4, 673.624000, 54
2364, 0 - with algorithms, 4, 418.626000, 50
2365, 0 - with algorithms, 4, 532.609000, 55
2366, 0 - with algorithms, 4, 548.770000, 54
2367, 0 - with algorithms, 4, 415.069000, 54
2368, 0 - with algorithms, 4, 475.883000, 54
2369, 0 - with algorithms, 4, 584.837000, 53
2370, 0 - with algorithms, 4, 335.750000, 56
2371, 0 - with algorithms, 4, 386.124000, 52
2372, 0 - with algorithms, 4, 568.006000, 54
2373, 0 - with algorithms, 4, 710.944000, 54
2374, 0 - with algorithms, 4, 511.941000, 54
2375, 0 - with algorithms, 4, 531.017000, 54
2376, 0 - with algorithms, 4, 833.925000, 53
2377, 0 - with algorithms, 4, 366.057000, 55
2378, 0 - with algorithms, 4, 421.250000, 54
2379, 0 - with algorithms, 4, 1523.019000, 94
2380, 0 - with algorithms, 4, 636.835000, 55
2381, 0 - with algorithms, 4, 454.473000, 53
2382, 0 - with algorithms, 4, 592.642000, 59
2383, 0 - with algorithms, 4, 1652.171000, 151
2384, 0 - with algorithms, 4, 688.342000, 54
2385, 0 - with algorithms, 4, 1049.559000, 119
2386, 0 - with algorithms, 4, 361.930000, 53
2387, 0 - with algorithms, 4, 1257.970000, 86
2388, 0 - with algorithms, 4, 316.885000, 53
2389, 0 - with algorithms, 4, 586.350000, 57
2390, 0 - with algorithms, 4, 582.634000, 57
2391, 0 - with algorithms, 4, 1007.941000, 55
2392, 0 - with algorithms, 4, 3217.468000, 141
2393, 0 - with algorithms, 4, 485.340000, 55
2394, 0 - with algorithms, 4, 681.739000, 55
2395, 0 - with algorithms, 4, 1201.485000, 116
2396, 0 - with algorithms, 4, 369.573000, 54
2397, 0 - with algorithms, 4, 531.318000, 56
2398, 0 - with algorithms, 4, 667.864000, 78
2399, 0 - with algorithms, 4, 561.854000, 56
2400, 0 - with algorithms, 218, 444.384000, 33
2401, 0 - with algorithms, 5, 910.438000, 59
2402, 0 - with algorithms, 5, 409.609000, 57
2403, 0 - with algorithms, 5, 434.536000, 56
2404, 0 - with algorithms, 5, 443.973000, 55
2405, 0 - with algorithms, 5, 646.033000, 57
2406, 0 - with algorithms, 5, 500.599000, 57
2407, 0 - with algorithms, 5, 376.497000, 55
2408, 0 - with algorithms, 5, 741.161000, 55
2409, 0 - with algorithms, 5, 565.622000, 56
2410, 0 - with algorithms, 5, 780.254000, 57
2411, 0 - with algorithms, 5, 559.991000, 56
2412, 0 - with algorithms, 5, 1842.789000, 154
2413, 0 - with algorithms, 5, 635.172000, 57
2414, 0 - with algorithms, 5, 721.074000, 55
2415, 0 - with algorithms, 5, 1071.070000, 58
2416, 0 - with algorithms, 5, 1039.270000, 58
2417, 0 - with algorithms, 5, 1576.699000, 58
2418, 0 - with algorithms, 5, 491.592000, 58
2419, 0 - with algorithms, 5, 552.938000, 56
2420, 0 - with algorithms, 5, 908.114000, 58
2421, 0 - with algorithms, 5, 749.777000, 57
2422, 0 - with algorithms, 5, 1426.598000, 93
2423, 0 - with algorithms, 5, 388.098000, 57
2424, 0 - with algorithms, 5, 835.338000, 57
2425, 0 - with algorithms, 5, 819.037000, 56
2426, 0 - with algorithms, 5, 684.254000, 58
2427, 0 - with algorithms, 5, 1112.227000, 57
2428, 0 - with algorithms, 5, 788.170000, 57
2429, 0 - with algorithms, 5, 552.747000, 56
2430, 0 - with algorithms, 5, 552.677000, 57
2431, 0 - with algorithms, 5, 688.903000, 58
2432, 0 - with algorithms, 5, 670.809000, 57
2433, 0 - with algorithms, 5, 491.182000, 56
2434, 0 - with algorithms, 5, 515.477000, 56
2435, 0 - with algorithms, 5, 1386.071000, 114
2436, 0 - with algorithms, 5, 3196.579000, 214
2437, 0 - with algorithms, 5, 759.145000, 57
2438, 0 - with algorithms, 5, 3600.557000, 163
2439, 0 - with algorithms, 5, 2405.645000, 159
2440, 0 - with algorithms, 5, 917.202000, 57
2441, 0 - with algorithms, 5, 601.649000, 57
2442, 0 - with algorithms, 5, 535.434000, 56
2443, 0 - with algorithms, 5, 537.319000, 56
2444, 0 - with algorithms, 5, 479.329000, 58
2445, 0 - with algorithms, 5, 500.439000, 57
2446, 0 - with algorithms, 5, 581.982000, 57
2447, 0 - with algorithms, 5, 638.859000, 57
2448, 0 - with algorithms, 5, 712.788000, 57
2449, 0 - with algorithms, 5, 998.023000, 55
2450, 0 - with algorithms, 5, 816.012000, 55
2451, 0 - with algorithms, 5, 483.567000, 56
2452, 0 - with algorithms, 5, 1159.355000, 94
2453, 0 - with algorithms, 5, 1299.419000, 58
2454, 0 - with algorithms, 5, 867.659000, 51
2455, 0 - with algorithms, 5, 574.017000, 56
2456, 0 - with algorithms, 5, 790.063000, 58
2457, 0 - with algorithms, 5, 552.787000, 57
2458, 0 - with algorithms, 5, 786.476000, 58
2459, 0 - with algorithms, 5, 1681.555000, 57
2460, 0 - with algorithms, 5, 654.819000, 57
2461, 0 - with algorithms, 5, 571.783000, 57
2462, 0 - with algorithms, 5, 654.989000, 57
2463, 0 - with algorithms, 5, 354.756000, 54
2464, 0 - with algorithms, 5, 1721.932000, 125
2465, 0 - with algorithms, 5, 642.065000, 58
2466, 0 - with algorithms, 5, 405.541000, 56
2467, 0 - with algorithms, 5, 2976.547000, 190
2468, 0 - with algorithms, 5, 575.109000, 54
2469, 0 - with algorithms, 5, 868.940000, 56
2470, 0 - with algorithms, 5, 657.835000, 56
2471, 0 - with algorithms, 5, 553.339000, 56
2472, 0 - with algorithms, 5, 460.855000, 56
2473, 0 - with algorithms, 5, 1599.492000, 103
2474, 0 - with algorithms, 5, 628.750000, 74
2475, 0 - with algorithms, 5, 673.714000, 58
2476, 0 - with algorithms, 5, 679.385000, 55
2477, 0 - with algorithms, 5, 1066.962000, 57
2478, 0 - with algorithms, 5, 559.320000, 55
2479, 0 - with algorithms, 5, 1001.780000, 77
2480, 0 - with algorithms, 5, 2103.277000, 119
2481, 0 - with algorithms, 5, 568.427000, 55
2482, 0 - with algorithms, 5, 1230.790000, 58
2483, 0 - with algorithms, 5, 469.732000, 56
2484, 0 - with algorithms, 5, 620.625000, 56
2485, 0 - with algorithms, 5, 526.238000, 56
2486, 0 - with algorithms, 5, 1789.518000, 100
2487, 0 - with algorithms, 5, 677.622000, 56
2488, 0 - with algorithms, 5, 569.229000, 56
2489, 0 - with algorithms, 5, 1170.616000, 56
2490, 0 - with algorithms, 5, 792.587000, 57
2491, 0 - with algorithms, 5, 556.264000, 57
2492, 0 - with algorithms, 5, 686.288000, 57
2493, 0 - with algorithms, 5, 708.880000, 58
2494, 0 - with algorithms, 5, 490.481000, 58
2495, 0 - with algorithms, 5, 5366.982000, 344
2496, 0 - with algorithms, 5, 546.335000, 55
2497, 0 - with algorithms, 5, 3535.345000, 204
2498, 0 - with algorithms, 5, 2314.914000, 196
2499, 0 - with algorithms, 5, 1700.692000, 91
2500, 0 - with algorithms, 5, 3952.518000, 209
2501, 0 - with algorithms, 5, 666.391000, 57
2502, 0 - with algorithms, 5, 1159.666000, 89
2503, 0 - with algorithms, 5, 477.997000, 54
2504, 0 - with algorithms, 5, 935.766000, 57
2505, 0 - with algorithms, 5, 550.393000, 57
2506, 0 - with algorithms, 5, 381.205000, 55
2507, 0 - with algorithms, 5, 645.171000, 55
2508, 0 - with algorithms, 5, 763.042000, 56
2509, 0 - with algorithms, 5, 1619.500000, 130
2510, 0 - with algorithms, 5, 1394.467000, 91
2511, 0 - with algorithms, 5, 976.011000, 102
2512, 0 - with algorithms, 5, 451.888000, 56
2513, 0 - with algorithms, 5, 401.313000, 55
2514, 0 - with algorithms, 5, 601.619000, 52
2515, 0 - with algorithms, 5, 684.575000, 57
2516, 0 - with algorithms, 5, 532.188000, 55
2517, 0 - with algorithms, 5, 916.640000, 54
2518, 0 - with algorithms, 5, 435.518000, 56
2519, 0 - with algorithms, 5, 806.033000, 59
2520, 0 - with algorithms, 5, 906.842000, 56
2521, 0 - with algorithms, 5, 2655.914000, 153
2522, 0 - with algorithms, 5, 531.477000, 56
2523, 0 - with algorithms, 5, 506.581000, 54
2524, 0 - with algorithms, 5, 1052.205000, 57
2525, 0 - with algorithms, 5, 617.298000, 56
2526, 0 - with algorithms, 5, 776.367000, 55
2527, 0 - with algorithms, 5, 420.248000, 55
2528, 0 - with algorithms, 5, 665.048000, 55
2529, 0 - with algorithms, 5, 784.913000, 105
2530, 0 - with algorithms, 5, 634.732000, 68
2531, 0 - with algorithms, 5, 676.670000, 56
2532, 0 - with algorithms, 5, 413.637000, 57
2533, 0 - with algorithms, 5, 1215.261000, 85
2534, 0 - with algorithms, 5, 976.173000, 82
2535, 0 - with algorithms, 5, 787.367000, 58
2536, 0 - with algorithms, 5, 1594.743000, 87
2537, 0 - with algorithms, 5, 1523.379000, 56
2538, 0 - with algorithms, 5, 827.293000, 55
2539, 0 - with algorithms, 5, 394.851000, 56
2540, 0 - with algorithms, 5, 593.214000, 55
2541, 0 - with algorithms, 5, 577.574000, 58
2542, 0 - with algorithms, 5, 1362.948000, 143
2543, 0 - with algorithms, 5, 4562.443000, 286
2544, 0 - with algorithms, 5, 922.882000, 90
2545, 0 - with algorithms, 5, 528.923000, 55
2546, 0 - with algorithms, 5, 876.284000, 56
2547, 0 - with algorithms, 5, 352.321000, 55
2548, 0 - with algorithms, 5, 2143.213000, 228
2549, 0 - with algorithms, 5, 546.475000, 57
2550, 0 - with algorithms, 5, 609.304000, 55
2551, 0 - with algorithms, 5, 501.842000, 55
2552, 0 - with algorithms, 5, 874.922000, 74
2553, 0 - with algorithms, 5, 546.376000, 56
2554, 0 - with algorithms, 5, 474.040000, 54
2555, 0 - with algorithms, 5, 1011.829000, 87
2556, 0 - with algorithms, 5, 3303.640000, 248
2557, 0 - with algorithms, 5, 401.093000, 57
2558, 0 - with algorithms, 5, 776.507000, 53
2559, 0 - with algorithms, 5, 478.378000, 55
2560, 0 - with algorithms, 5, 538.270000, 56
2561, 0 - with algorithms, 5, 2206.050000, 175
2562, 0 - with algorithms, 5, 512.001000, 57
2563, 0 - with algorithms, 5, 2716.438000, 171
2564, 0 - with algorithms, 5, 363.532000, 53
2565, 0 - with algorithms, 5, 2194.569000, 133
2566, 0 - with algorithms, 5, 353.554000, 55
2567, 0 - with algorithms, 5, 624.773000, 57
2568, 0 - with algorithms, 5, 940.054000, 57
2569, 0 - with algorithms, 5, 1132.175000, 57
2570, 0 - with algorithms, 5, 402.486000, 56
2571, 0 - with algorithms, 5, 1101.207000, 76
2572, 0 - with algorithms, 5, 956.104000, 74
2573, 0 - with algorithms, 5, 810.431000, 55
2574, 0 - with algorithms, 5, 912.994000, 56
2575, 0 - with algorithms, 5, 401.253000, 55
2576, 0 - with algorithms, 5, 1327.161000, 55
2577, 0 - with algorithms, 5, 710.543000, 54
2578, 0 - with algorithms, 5, 2238.752000, 98
2579, 0 - with algorithms, 5, 400.422000, 55
2580, 0 - with algorithms, 5, 889.620000, 54
2581, 0 - with algorithms, 5, 507.532000, 55
2582, 0 - with algorithms, 5, 651.823000, 57
2583, 0 - with algorithms, 5, 762.911000, 55
2584, 0 - with algorithms, 5, 421.581000, 55
2585, 0 - with algorithms, 5, 489.909000, 56
2586, 0 - with algorithms, 5, 710.854000, 53
2587, 0 - with algorithms, 5, 729.218000, 56
2588, 0 - with algorithms, 5, 803.648000, 54
2589, 0 - with algorithms, 5, 1205.853000, 113
2590, 0 - with algorithms, 5, 459.092000, 55
2591, 0 - with algorithms, 5, 583.225000, 57
2592, 0 - with algorithms, 5, 2597.264000, 180
2593, 0 - with algorithms, 5, 589.175000, 57
2594, 0 - with algorithms, 5, 890.972000, 57
2595, 0 - with algorithms, 5, 356.549000, 52
2596, 0 - with algorithms, 5, 2908.598000, 244
2597, 0 - with algorithms, 5, 426.109000, 55
2598, 0 - with algorithms, 5, 1784.700000, 171
2599, 0 - with algorithms, 5, 497.434000, 56
2600, 0 - with algorithms, 5, 694.303000, 55
2601, 0 - with algorithms, 5, 382.818000, 56
2602, 0 - with algorithms, 5, 751.250000, 75
2603, 0 - with algorithms, 5, 500.540000, 58
2604, 0 - with algorithms, 5, 1587.700000, 100
2605, 0 - with algorithms, 5, 747.653000, 75
2606, 0 - with algorithms, 5, 460.545000, 56
2607, 0 - with algorithms, 5, 646.263000, 55
2608, 0 - with algorithms, 5, 522.331000, 54
2609, 0 - with algorithms, 5, 1079.727000, 101
2610, 0 - with algorithms, 5, 629.311000, 54
2611, 0 - with algorithms, 5, 677.672000, 54
2612, 0 - with algorithms, 5, 508.213000, 57
2613, 0 - with algorithms, 5, 700.304000, 56
2614, 0 - with algorithms, 5, 700.144000, 56
2615, 0 - with algorithms, 5, 574.759000, 56
2616, 0 - with algorithms, 5, 556.535000, 58
2617, 0 - with algorithms, 5, 844.886000, 57
2618, 0 - with algorithms, 5, 1215.571000, 57
2619, 0 - with algorithms, 5, 692.500000, 57
2620, 0 - with algorithms, 5, 508.073000, 56
2621, 0 - with algorithms, 5, 727.075000, 56
2622, 0 - with algorithms, 5, 549.501000, 54
2623, 0 - with algorithms, 5, 1576.229000, 156
2624, 0 - with algorithms, 5, 750.629000, 55
2625, 0 - with algorithms, 5, 957.467000, 56
2626, 0 - with algorithms, 5, 3583.977000, 185
2627, 0 - with algorithms, 5, 1054.950000, 56
2628, 0 - with algorithms, 5, 1058.667000, 86
2629, 0 - with algorithms, 5, 3094.287000, 240
2630, 0 - with algorithms, 5, 552.086000, 55
2631, 0 - with algorithms, 5, 2730.495000, 118
2632, 0 - with algorithms, 5, 582.643000, 58
2633, 0 - with algorithms, 5, 4337.681000, 216
2634, 0 - with algorithms, 5, 884.290000, 57
2635, 0 - with algorithms, 5, 1867.385000, 102
2636, 0 - with algorithms, 5, 462.719000, 59
2637, 0 - with algorithms, 5, 1202.948000, 56
2638, 0 - with algorithms, 5, 540.134000, 58
2639, 0 - with algorithms, 5, 630.173000, 56
2640, 0 - with algorithms, 5, 523.934000, 54
2641, 0 - with algorithms, 5, 959.892000, 55
2642, 0 - with algorithms, 5, 1658.773000, 117
2643, 0 - with algorithms, 5, 380.264000, 56
2644, 0 - with algorithms, 5, 1154.387000, 93
2645, 0 - with algorithms, 5, 406.673000, 56
2646, 0 - with algorithms, 5, 387.908000, 55
2647, 0 - with algorithms, 5, 630.162000, 56
2648, 0 - with algorithms, 5, 717.487000, 54
2649, 0 - with algorithms, 5, 755.789000, 56
2650, 0 - with algorithms, 5, 1986.999000, 157
2651, 0 - with algorithms, 5, 466.416000, 55
2652, 0 - with algorithms, 5, 3113.272000, 171
2653, 0 - with algorithms, 5, 565.672000, 57
2654, 0 - with algorithms, 5, 441.038000, 55
2655, 0 - with algorithms, 5, 510.909000, 55
2656, 0 - with algorithms, 5, 878.158000, 56
2657, 0 - with algorithms, 5, 1211.865000, 99
2658, 0 - with algorithms, 5, 1017.841000, 53
2659, 0 - with algorithms, 5, 1035.724000, 112
2660, 0 - with algorithms, 5, 668.024000, 56
2661, 0 - with algorithms, 5, 1299.790000, 119
2662, 0 - with algorithms, 5, 651.111000, 57
2663, 0 - with algorithms, 5, 1492.161000, 82
2664, 0 - with algorithms, 5, 791.114000, 55
2665, 0 - with algorithms, 5, 507.512000, 52
2666, 0 - with algorithms, 5, 1405.147000, 78
2667, 0 - with algorithms, 5, 1583.212000, 98
2668, 0 - with algorithms, 5, 395.903000, 55
2669, 0 - with algorithms, 5, 446.858000, 55
2670, 0 - with algorithms, 5, 570.781000, 54
2671, 0 - with algorithms, 5, 608.231000, 56
2672, 0 - with algorithms, 5, 978.557000, 57
2673, 0 - with algorithms, 5, 642.947000, 54
2674, 0 - with algorithms, 5, 1005.267000, 57
2675, 0 - with algorithms, 5, 1364.521000, 79
2676, 0 - with algorithms, 5, 605.547000, 57
2677, 0 - with algorithms, 5, 849.334000, 55
2678, 0 - with algorithms, 5, 955.163000, 58
2679, 0 - with algorithms, 5, 6923.233000, 558
2680, 0 - with algorithms, 5, 370.655000, 52
2681, 0 - with algorithms, 5, 672.082000, 57
2682, 0 - with algorithms, 5, 1244.435000, 56
2683, 0 - with algorithms, 5, 590.278000, 56
2684, 0 - with algorithms, 5, 449.364000, 53
2685, 0 - with algorithms, 5, 590.518000, 57
2686, 0 - with algorithms, 5, 484.018000, 56
2687, 0 - with algorithms, 5, 554.160000, 56
2688, 0 - with algorithms, 5, 1402.322000, 96
2689, 0 - with algorithms, 5, 1061.261000, 55
2690, 0 - with algorithms, 5, 674.506000, 57
2691, 0 - with algorithms, 5, 409.368000, 55
2692, 0 - with algorithms, 5, 1660.376000, 57
2693, 0 - with algorithms, 5, 594.396000, 55
2694, 0 - with algorithms, 5, 570.831000, 57
2695, 0 - with algorithms, 5, 635.162000, 53
2696, 0 - with algorithms, 5, 406.463000, 56
2697, 0 - with algorithms, 5, 598.333000, 55
2698, 0 - with algorithms, 5, 844.514000, 78
2699, 0 - with algorithms, 5, 4376.344000, 210
2700, 0 - with algorithms, 5, 500.189000, 56
2701, 0 - with algorithms, 5, 724.850000, 55
2702, 0 - with algorithms, 5, 605.677000, 52
2703, 0 - with algorithms, 5, 1203.168000, 96
2704, 0 - with algorithms, 5, 670.979000, 56
2705, 0 - with algorithms, 5, 1175.366000, 56
2706, 0 - with algorithms, 5, 2080.665000, 126
2707, 0 - with algorithms, 5, 586.892000, 56
2708, 0 - with algorithms, 5, 899.358000, 102
2709, 0 - with algorithms, 5, 790.063000, 56
2710, 0 - with algorithms, 5, 1027.107000, 88
2711, 0 - with algorithms, 5, 789.862000, 56
2712, 0 - with algorithms, 5, 837.172000, 58
2713, 0 - with algorithms, 5, 442.109000, 58
2714, 0 - with algorithms, 5, 778.210000, 69
2715, 0 - with algorithms, 5, 592.282000, 59
2716, 0 - with algorithms, 5, 750.749000, 55
2717, 0 - with algorithms, 5, 1013.983000, 74
2718, 0 - with algorithms, 5, 465.554000, 54
2719, 0 - with algorithms, 5, 2666.194000, 188
2720, 0 - with algorithms, 5, 728.748000, 56
2721, 0 - with algorithms, 5, 970.812000, 59
2722, 0 - with algorithms, 5, 624.052000, 56
2723, 0 - with algorithms, 5, 539.152000, 54
2724, 0 - with algorithms, 5, 477.607000, 57
2725, 0 - with algorithms, 5, 658.335000, 58
2726, 0 - with algorithms, 5, 425.949000, 56
2727, 0 - with algorithms, 5, 1287.096000, 56
2728, 0 - with algorithms, 5, 1374.650000, 56
2729, 0 - with algorithms, 5, 2244.342000, 111
2730, 0 - with algorithms, 5, 2177.276000, 157
2731, 0 - with algorithms, 5, 790.424000, 56
2732, 0 - with algorithms, 5, 922.471000, 55
2733, 0 - with algorithms, 5, 575.420000, 53
2734, 0 - with algorithms, 5, 559.370000, 55
2735, 0 - with algorithms, 5, 741.983000, 84
2736, 0 - with algorithms, 5, 1563.083000, 100
2737, 0 - with algorithms, 5, 423.114000, 57
2738, 0 - with algorithms, 5, 464.552000, 57
2739, 0 - with algorithms, 5, 533.230000, 58
2740, 0 - with algorithms, 5, 1123.408000, 90
2741, 0 - with algorithms, 5, 475.732000, 55
2742, 0 - with algorithms, 5, 414.889000, 57
2743, 0 - with algorithms, 5, 929.104000, 55
2744, 0 - with algorithms, 5, 1511.005000, 122
2745, 0 - with algorithms, 5, 768.262000, 56
2746, 0 - with algorithms, 5, 1145.981000, 56
2747, 0 - with algorithms, 5, 578.376000, 59
2748, 0 - with algorithms, 5, 569.479000, 58
2749, 0 - with algorithms, 5, 694.103000, 55
2750, 0 - with algorithms, 5, 346.280000, 50
2751, 0 - with algorithms, 5, 487.355000, 56
2752, 0 - with algorithms, 5, 480.712000, 54
2753, 0 - with algorithms, 5, 680.156000, 58
2754, 0 - with algorithms, 5, 696.677000, 54
2755, 0 - with algorithms, 5, 935.787000, 57
2756, 0 - with algorithms, 5, 754.466000, 54
2757, 0 - with algorithms, 5, 815.932000, 56
2758, 0 - with algorithms, 5, 4988.553000, 310
2759, 0 - with algorithms, 5, 652.214000, 55
2760, 0 - with algorithms, 5, 1485.418000, 87
2761, 0 - with algorithms, 5, 513.704000, 56
2762, 0 - with algorithms, 5, 387.327000, 58
2763, 0 - with algorithms, 5, 529.344000, 56
2764, 0 - with algorithms, 5, 2860.709000, 162
2765, 0 - with algorithms, 5, 819.218000, 56
2766, 0 - with algorithms, 5, 552.677000, 55
2767, 0 - with algorithms, 5, 614.143000, 57
2768, 0 - with algorithms, 5, 3440.587000, 135
2769, 0 - with algorithms, 5, 787.918000, 57
2770, 0 - with algorithms, 5, 1071.190000, 88
2771, 0 - with algorithms, 5, 605.075000, 58
2772, 0 - with algorithms, 5, 405.311000, 56
2773, 0 - with algorithms, 5, 510.999000, 54
2774, 0 - with algorithms, 5, 1016.197000, 79
2775, 0 - with algorithms, 5, 532.850000, 56
2776, 0 - with algorithms, 5, 542.208000, 55
2777, 0 - with algorithms, 5, 745.339000, 58
2778, 0 - with algorithms, 5, 433.483000, 56
2779, 0 - with algorithms, 5, 624.221000, 56
2780, 0 - with algorithms, 5, 1349.242000, 102
2781, 0 - with algorithms, 5, 2246.016000, 182
2782, 0 - with algorithms, 5, 553.770000, 59
2783, 0 - with algorithms, 5, 727.825000, 55
2784, 0 - with algorithms, 5, 1388.345000, 129
2785, 0 - with algorithms, 5, 492.664000, 55
2786, 0 - with algorithms, 5, 466.826000, 56
2787, 0 - with algorithms, 5, 465.734000, 56
2788, 0 - with algorithms, 5, 1336.057000, 56
2789, 0 - with algorithms, 5, 3625.374000, 267
2790, 0 - with algorithms, 5, 400.241000, 57
2791, 0 - with algorithms, 5, 522.240000, 56
2792, 0 - with algorithms, 5, 535.825000, 54
2793, 0 - with algorithms, 5, 603.482000, 54
2794, 0 - with algorithms, 5, 559.159000, 57
2795, 0 - with algorithms, 5, 1134.249000, 58
2796, 0 - with algorithms, 5, 1268.310000, 55
2797, 0 - with algorithms, 5, 572.434000, 56
2798, 0 - with algorithms, 5, 822.193000, 55
2799, 0 - with algorithms, 5, 948.180000, 65
2800, 0 - with algorithms, 5, 658.386000, 55
2801, 0 - with algorithms, 5, 559.520000, 57
2802, 0 - with algorithms, 5, 863.070000, 80
2803, 0 - with algorithms, 5, 2817.137000, 135
2804, 0 - with algorithms, 5, 578.326000, 56
2805, 0 - with algorithms, 5, 505.559000, 55
2806, 0 - with algorithms, 5, 1383.957000, 86
2807, 0 - with algorithms, 5, 1045.853000, 58
2808, 0 - with algorithms, 5, 654.288000, 57
2809, 0 - with algorithms, 5, 411.573000, 53
2810, 0 - with algorithms, 5, 997.021000, 58
2811, 0 - with algorithms, 5, 2690.730000, 152
2812, 0 - with algorithms, 5, 1742.180000, 129
2813, 0 - with algorithms, 5, 530.616000, 57
2814, 0 - with algorithms, 5, 490.590000, 57
2815, 0 - with algorithms, 5, 1734.946000, 129
2816, 0 - with algorithms, 5, 559.681000, 55
2817, 0 - with algorithms, 5, 583.685000, 54
2818, 0 - with algorithms, 5, 576.702000, 56
2819, 0 - with algorithms, 5, 798.308000, 57
2820, 0 - with algorithms, 5, 542.959000, 55
2821, 0 - with algorithms, 5, 437.210000, 56
2822, 0 - with algorithms, 5, 356.268000, 57
2823, 0 - with algorithms, 5, 633.058000, 54
2824, 0 - with algorithms, 5, 483.307000, 56
2825, 0 - with algorithms, 5, 746.331000, 57
2826, 0 - with algorithms, 5, 951.846000, 57
2827, 0 - with algorithms, 5, 880.151000, 56
2828, 0 - with algorithms, 5, 713.980000, 57
2829, 0 - with algorithms, 5, 1321.490000, 120
2830, 0 - with algorithms, 5, 1301.443000, 57
2831, 0 - with algorithms, 5, 580.079000, 56
2832, 0 - with algorithms, 5, 700.905000, 56
2833, 0 - with algorithms, 5, 3666.831000, 231
2834, 0 - with algorithms, 5, 388.519000, 56
2835, 0 - with algorithms, 5, 901.542000, 57
2836, 0 - with algorithms, 5, 1343.111000, 58
2837, 0 - with algorithms, 5, 775.025000, 54
2838, 0 - with algorithms, 5, 499.427000, 55
2839, 0 - with algorithms, 5, 671.771000, 55
2840, 0 - with algorithms, 5, 440.046000, 54
2841, 0 - with algorithms, 5, 689.374000, 56
2842, 0 - with algorithms, 5, 1597.478000, 97
2843, 0 - with algorithms, 5, 520.106000, 56
2844, 0 - with algorithms, 5, 492.554000, 56
2845, 0 - with algorithms, 5, 723.097000, 54
2846, 0 - with algorithms, 5, 394.220000, 58
2847, 0 - with algorithms, 5, 394.050000, 57
2848, 0 - with algorithms, 5, 1019.964000, 59
2849, 0 - with algorithms, 5, 559.260000, 54
2850, 0 - with algorithms, 5, 515.497000, 54
2851, 0 - with algorithms, 5, 2253.068000, 165
2852, 0 - with algorithms, 5, 553.729000, 55
2853, 0 - with algorithms, 5, 923.654000, 89
2854, 0 - with algorithms, 5, 986.521000, 54
2855, 0 - with algorithms, 5, 1006.298000, 56
2856, 0 - with algorithms, 5, 599.154000, 55
2857, 0 - with algorithms, 5, 400.501000, 57
2858, 0 - with algorithms, 5, 1293.397000, 147
2859, 0 - with algorithms, 5, 605.717000, 56
2860, 0 - with algorithms, 5, 765.186000, 56
2861, 0 - with algorithms, 5, 460.915000, 54
2862, 0 - with algorithms, 5, 728.037000, 56
2863, 0 - with algorithms, 5, 879.009000, 55
2864, 0 - with algorithms, 5, 592.382000, 54
2865, 0 - with algorithms, 5, 583.906000, 56
2866, 0 - with algorithms, 5, 426.431000, 54
2867, 0 - with algorithms, 5, 613.692000, 54
2868, 0 - with algorithms, 5, 1565.278000, 102
2869, 0 - with algorithms, 5, 499.448000, 53
2870, 0 - with algorithms, 5, 630.283000, 54
2871, 0 - with algorithms, 5, 477.025000, 56
2872, 0 - with algorithms, 5, 496.522000, 57
2873, 0 - with algorithms, 5, 350.297000, 55
2874, 0 - with algorithms, 5, 418.866000, 54
2875, 0 - with algorithms, 5, 605.947000, 55
2876, 0 - with algorithms, 5, 419.397000, 56
2877, 0 - with algorithms, 5, 570.050000, 57
2878, 0 - with algorithms, 5, 825.439000, 55
2879, 0 - with algorithms, 5, 574.969000, 75
2880, 0 - with algorithms, 5, 6157.517000, 567
2881, 0 - with algorithms, 5, 443.212000, 54
2882, 0 - with algorithms, 5, 397.977000, 56
2883, 0 - with algorithms, 5, 1028.771000, 90
2884, 0 - with algorithms, 5, 1277.818000, 58
2885, 0 - with algorithms, 5, 746.681000, 56
2886, 0 - with algorithms, 5, 1133.758000, 107
2887, 0 - with algorithms, 5, 1539.680000, 138
2888, 0 - with algorithms, 5, 674.686000, 55
2889, 0 - with algorithms, 5, 408.707000, 56
2890, 0 - with algorithms, 5, 668.255000, 56
2891, 0 - with algorithms, 5, 379.242000, 55
2892, 0 - with algorithms, 5, 479.831000, 57
2893, 0 - with algorithms, 5, 549.802000, 56
2894, 0 - with algorithms, 5, 396.354000, 55
2895, 0 - with algorithms, 5, 339.427000, 56
2896, 0 - with algorithms, 5, 958.860000, 80
2897, 0 - with algorithms, 5, 535.706000, 53
2898, 0 - with algorithms, 5, 595.337000, 55
2899, 0 - with algorithms, 5, 1718.716000, 92
2900, 0 - with algorithms, 5, 434.285000, 56
2901, 0 - with algorithms, 5, 330.490000, 52
2902, 0 - with algorithms, 5, 1529.791000, 133
2903, 0 - with algorithms, 5, 535.195000, 57
2904, 0 - with algorithms, 5, 3507.954000, 228
2905, 0 - with algorithms, 5, 641.414000, 58
2906, 0 - with algorithms, 5, 501.691000, 56
2907, 0 - with algorithms, 5, 5216.180000, 416
2908, 0 - with algorithms, 5, 1556.551000, 116
2909, 0 - with algorithms, 5, 644.990000, 57
2910, 0 - with algorithms, 5, 885.131000, 56
2911, 0 - with algorithms, 5, 495.239000, 58
2912, 0 - with algorithms, 5, 497.664000, 57
2913, 0 - with algorithms, 5, 1781.283000, 139
2914, 0 - with algorithms, 5, 452.970000, 57
2915, 0 - with algorithms, 5, 361.519000, 55
2916, 0 - with algorithms, 5, 447.800000, 56
2917, 0 - with algorithms, 5, 2181.494000, 185
2918, 0 - with algorithms, 5, 1166.600000, 56
2919, 0 - with algorithms, 5, 352.361000, 57
2920, 0 - with algorithms, 5, 1077.642000, 93
2921, 0 - with algorithms, 5, 1237.593000, 138
2922, 0 - with algorithms, 5, 2448.755000, 121
2923, 0 - with algorithms, 5, 607.550000, 56
2924, 0 - with algorithms, 5, 1392.503000, 103
2925, 0 - with algorithms, 5, 440.386000, 58
2926, 0 - with algorithms, 5, 578.255000, 56
2927, 0 - with algorithms, 5, 457.088000, 52
2928, 0 - with algorithms, 5, 1725.518000, 137
2929, 0 - with algorithms, 5, 650.762000, 54
2930, 0 - with algorithms, 5, 456.547000, 55
2931, 0 - with algorithms, 5, 460.474000, 56
2932, 0 - with algorithms, 5, 5294.467000, 551
2933, 0 - with algorithms, 5, 2980.263000, 185
2934, 0 - with algorithms, 5, 338.536000, 54
2935, 0 - with algorithms, 5, 713.178000, 58
2936, 0 - with algorithms, 5, 2041.791000, 110
2937, 0 - with algorithms, 5, 510.167000, 56
2938, 0 - with algorithms, 5, 477.436000, 55
2939, 0 - with algorithms, 5, 332.174000, 55
2940, 0 - with algorithms, 5, 423.605000, 57
2941, 0 - with algorithms, 5, 757.993000, 57
2942, 0 - with algorithms, 5, 1842.327000, 95
2943, 0 - with algorithms, 5, 448.692000, 56
2944, 0 - with algorithms, 5, 478.138000, 57
2945, 0 - with algorithms, 5, 702.709000, 57
2946, 0 - with algorithms, 5, 438.564000, 55
2947, 0 - with algorithms, 5, 477.265000, 57
2948, 0 - with algorithms, 5, 445.135000, 55
2949, 0 - with algorithms, 5, 618.541000, 57
2950, 0 - with algorithms, 5, 429.336000, 54
2951, 0 - with algorithms, 5, 595.798000, 57
2952, 0 - with algorithms, 5, 508.755000, 56
2953, 0 - with algorithms, 5, 411.312000, 58
2954, 0 - with algorithms, 5, 472.236000, 54
2955, 0 - with algorithms, 5, 2425.482000, 207
2956, 0 - with algorithms, 5, 1282.036000, 56
2957, 0 - with algorithms, 5, 491.913000, 58
2958, 0 - with algorithms, 5, 795.693000, 82
2959, 0 - with algorithms, 5, 615.385000, 56
2960, 0 - with algorithms, 5, 559.330000, 55
2961, 0 - with algorithms, 5, 1671.627000, 100
2962, 0 - with algorithms, 5, 832.813000, 54
2963, 0 - with algorithms, 5, 351.139000, 55
2964, 0 - with algorithms, 5, 785.615000, 55
2965, 0 - with algorithms, 5, 435.858000, 56
2966, 0 - with algorithms, 5, 419.026000, 54
2967, 0 - with algorithms, 5, 2508.608000, 132
2968, 0 - with algorithms, 5, 676.148000, 56
2969, 0 - with algorithms, 5, 569.459000, 58
2970, 0 - with algorithms, 5, 861.557000, 55
2971, 0 - with algorithms, 5, 399.691000, 56
2972, 0 - with algorithms, 5, 609.534000, 54
2973, 0 - with algorithms, 5, 593.263000, 54
2974, 0 - with algorithms, 5, 378.902000, 57
2975, 0 - with algorithms, 5, 355.387000, 56
2976, 0 - with algorithms, 5, 440.226000, 55
2977, 0 - with algorithms, 5, 621.407000, 56
2978, 0 - with algorithms, 5, 751.089000, 55
2979, 0 - with algorithms, 5, 1258.351000, 114
2980, 0 - with algorithms, 5, 867.738000, 58
2981, 0 - with algorithms, 5, 993.154000, 58
2982, 0 - with algorithms, 5, 1035.463000, 81
2983, 0 - with algorithms, 5, 1510.666000, 93
2984, 0 - with algorithms, 5, 474.901000, 56
2985, 0 - with algorithms, 5, 1216.804000, 164
2986, 0 - with algorithms, 5, 588.765000, 57
2987, 0 - with algorithms, 5, 928.222000, 77
2988, 0 - with algorithms, 5, 1304.558000, 144
2989, 0 - with algorithms, 5, 447.410000, 56
2990, 0 - with algorithms, 5, 1366.665000, 57
2991, 0 - with algorithms, 5, 530.736000, 56
2992, 0 - with algorithms, 5, 423.706000, 56
2993, 0 - with algorithms, 5, 477.967000, 56
2994, 0 - with algorithms, 5, 663.656000, 56
2995, 0 - with algorithms, 5, 511.250000, 55
2996, 0 - with algorithms, 5, 2226.889000, 146
2997, 0 - with algorithms, 5, 453.401000, 54
2998, 0 - with algorithms, 5, 2889.613000, 133
2999, 0 - with algorithms, 5, 994.747000, 88
3000, 0 - with algorithms, 5, 588.504000, 56
3001, 0 - with algorithms, 5, 1100.405000, 56
3002, 0 - with algorithms, 5, 755.208000, 83
3003, 0 - with algorithms, 5, 565.131000, 58
3004, 0 - with algorithms, 5, 571.973000, 58
3005, 0 - with algorithms, 5, 594.235000, 56
3006, 0 - with algorithms, 5, 548.579000, 57
3007, 0 - with algorithms, 5, 500.319000, 53
3008, 0 - with algorithms, 5, 600.597000, 56
3009, 0 - with algorithms, 5, 413.285000, 57
3010, 0 - with algorithms, 5, 814.559000, 52
3011, 0 - with algorithms, 5, 316.033000, 55
3012, 0 - with algorithms, 5, 428.213000, 56
3013, 0 - with algorithms, 5, 425.258000, 56
0, 1 - with algorithms, 1, 153.698000, 45
1, 1 - with algorithms, 1, 144.942000, 42
2, 1 - with algorithms, 1, 150.022000, 44
3, 1 - with algorithms, 1, 171.381000, 51
4, 1 - with algorithms, 1, 279.163000, 50
5, 1 - with algorithms, 1, 162.505000, 49
6, 1 - with algorithms, 1, 158.327000, 47
7, 1 - with algorithms, 1, 161.844000, 48
8, 1 - with algorithms, 1, 155.111000, 46
9, 1 - with algorithms, 1, 166.963000, 50
10, 1 - with algorithms, 1, 167.525000, 49
11, 1 - with algorithms, 1, 155.351000, 46
12, 1 - with algorithms, 1, 165.561000, 49
13, 1 - with algorithms, 1, 158.547000, 47
14, 1 - with algorithms, 1, 169.789000, 51
15, 1 - with algorithms, 1, 165.190000, 50
16, 1 - with algorithms, 1, 163.106000, 49
17, 1 - with algorithms, 1, 165.240000, 49
18, 1 - with algorithms, 1, 166.422000, 50
19, 1 - with algorithms, 1, 154.750000, 46
20, 1 - with algorithms, 1, 174.819000, 52
21, 1 - with algorithms, 1, 169.217000, 50
22, 1 - with algorithms, 1, 167.064000, 50
23, 1 - with algorithms, 1, 163.918000, 49
24, 1 - with algorithms, 1, 154.821000, 46
25, 1 - with algorithms, 1, 157.756000, 47
26, 1 - with algorithms, 1, 167.525000, 50
27, 1 - with algorithms, 1, 164.388000, 48
28, 1 - with algorithms, 1, 162.766000, 48
29, 1 - with algorithms, 1, 169.848000, 51
30, 1 - with algorithms, 1, 167.103000, 50
31, 1 - with algorithms, 1, 161.884000, 48
32, 1 - with algorithms, 1, 175.559000, 53
33, 1 - with algorithms, 1, 158.848000, 47
34, 1 - with algorithms, 1, 172.854000, 49
35, 1 - with algorithms, 1, 160.782000, 48
36, 1 - with algorithms, 1, 162.505000, 48
37, 1 - with algorithms, 1, 163.137000, 48
38, 1 - with algorithms, 1, 159.689000, 47
39, 1 - with algorithms, 1, 160.842000, 48
40, 1 - with algorithms, 1, 160.732000, 48
41, 1 - with algorithms, 1, 170.921000, 51
42, 1 - with algorithms, 1, 161.884000, 48
43, 1 - with algorithms, 1, 168.587000, 50
44, 1 - with algorithms, 1, 162.906000, 48
45, 1 - with algorithms, 1, 171.051000, 51
46, 1 - with algorithms, 1, 243.817000, 49
47, 1 - with algorithms, 1, 160.051000, 46
48, 1 - with algorithms, 1, 169.889000, 51
49, 1 - with algorithms, 1, 162.615000, 48
50, 1 - with algorithms, 1, 159.900000, 47
51, 1 - with algorithms, 1, 164.679000, 49
52, 1 - with algorithms, 1, 214.673000, 50
53, 1 - with algorithms, 1, 164.920000, 49
54, 1 - with algorithms, 1, 145.994000, 42
55, 1 - with algorithms, 1, 171.362000, 51
56, 1 - with algorithms, 1, 156.483000, 46
57, 1 - with algorithms, 1, 166.162000, 48
58, 1 - with algorithms, 1, 161.253000, 48
59, 1 - with algorithms, 1, 175.209000, 53
60, 1 - with algorithms, 1, 162.605000, 47
61, 1 - with algorithms, 1, 173.505000, 52
62, 1 - with algorithms, 1, 170.740000, 51
63, 1 - with algorithms, 1, 165.180000, 49
64, 1 - with algorithms, 1, 208.201000, 50
65, 1 - with algorithms, 1, 318.428000, 53
66, 1 - with algorithms, 1, 169.999000, 51
67, 1 - with algorithms, 1, 169.639000, 51
68, 1 - with algorithms, 1, 163.647000, 49
69, 1 - with algorithms, 1, 164.028000, 49
70, 1 - with algorithms, 1, 169.428000, 51
71, 1 - with algorithms, 1, 167.404000, 50
72, 1 - with algorithms, 1, 173.736000, 52
73, 1 - with algorithms, 1, 175.660000, 52
74, 1 - with algorithms, 1, 180.950000, 55
75, 1 - with algorithms, 1, 153.188000, 45
76, 1 - with algorithms, 1, 171.111000, 51
77, 1 - with algorithms, 1, 152.206000, 44
78, 1 - with algorithms, 1, 168.216000, 50
79, 1 - with algorithms, 1, 162.034000, 48
80, 1 - with algorithms, 1, 302.558000, 48
81, 1 - with algorithms, 1, 168.396000, 50
82, 1 - with algorithms, 1, 177.533000, 54
83, 1 - with algorithms, 1, 170.851000, 51
84, 1 - with algorithms, 1, 214.753000, 50
85, 1 - with algorithms, 1, 160.150000, 48
86, 1 - with algorithms, 1, 171.252000, 50
87, 1 - with algorithms, 1, 168.626000, 51
88, 1 - with algorithms, 1, 171.492000, 51
89, 1 - with algorithms, 1, 164.669000, 49
90, 1 - with algorithms, 1, 155.953000, 46
91, 1 - with algorithms, 1, 154.200000, 45
92, 1 - with algorithms, 1, 165.581000, 50
93, 1 - with algorithms, 1, 158.117000, 46
94, 1 - with algorithms, 1, 160.461000, 48
95, 1 - with algorithms, 1, 163.026000, 48
96, 1 - with algorithms, 1, 174.537000, 52
97, 1 - with algorithms, 1, 160.762000, 48
98, 1 - with algorithms, 1, 160.271000, 48
99, 1 - with algorithms, 1, 158.166000, 46
100, 1 - with algorithms, 1, 169.158000, 50
101, 1 - with algorithms, 1, 171.051000, 52
102, 1 - with algorithms, 1, 160.411000, 47
103, 1 - with algorithms, 1, 164.609000, 48
104, 1 - with algorithms, 1, 165.069000, 49
105, 1 - with algorithms, 1, 167.304000, 50
106, 1 - with algorithms, 1, 156.814000, 45
107, 1 - with algorithms, 1, 152.948000, 45
108, 1 - with algorithms, 1, 160.281000, 47
109, 1 - with algorithms, 1, 161.042000, 48
110, 1 - with algorithms, 1, 175.199000, 53
111, 1 - with algorithms, 1, 158.207000, 47
112, 1 - with algorithms, 1, 163.206000, 49
113, 1 - with algorithms, 1, 162.905000, 48
114, 1 - with algorithms, 1, 262.523000, 50
115, 1 - with algorithms, 1, 163.086000, 49
116, 1 - with algorithms, 1, 171.462000, 51
117, 1 - with algorithms, 1, 159.679000, 47
118, 1 - with algorithms, 1, 158.868000, 47
119, 1 - with algorithms, 1, 159.719000, 47
120, 1 - with algorithms, 1, 158.107000, 47
121, 1 - with algorithms, 1, 165.010000, 49
122, 1 - with algorithms, 1, 172.253000, 52
123, 1 - with algorithms, 1, 165.842000, 49
124, 1 - with algorithms, 1, 258.966000, 50
125, 1 - with algorithms, 1, 158.197000, 47
126, 1 - with algorithms, 1, 161.483000, 48
127, 1 - with algorithms, 1, 156.784000, 46
128, 1 - with algorithms, 1, 165.801000, 50
129, 1 - with algorithms, 1, 166.112000, 49
130, 1 - with algorithms, 1, 159.299000, 47
131, 1 - with algorithms, 1, 161.904000, 48
132, 1 - with algorithms, 1, 166.132000, 49
133, 1 - with algorithms, 1, 274.595000, 49
134, 1 - with algorithms, 1, 156.734000, 46
135, 1 - with algorithms, 1, 161.203000, 48
136, 1 - with algorithms, 1, 167.153000, 50
137, 1 - with algorithms, 1, 166.683000, 50
138, 1 - with algorithms, 1, 153.949000, 45
139, 1 - with algorithms, 1, 169.298000, 50
140, 1 - with algorithms, 1, 168.566000, 50
141, 1 - with algorithms, 1, 172.073000, 52
142, 1 - with algorithms, 1, 167.304000, 50
143, 1 - with algorithms, 1, 161.944000, 48
144, 1 - with algorithms, 1, 157.986000, 47
145, 1 - with algorithms, 1, 155.893000, 46
146, 1 - with algorithms, 1, 160.501000, 48
147, 1 - with algorithms, 1, 153.028000, 45
148, 1 - with algorithms, 1, 169.929000, 51
149, 1 - with algorithms, 1, 162.094000, 47
150, 1 - with algorithms, 1, 163.456000, 49
151, 1 - with algorithms, 1, 213.791000, 50
152, 1 - with algorithms, 1, 156.253000, 45
153, 1 - with algorithms, 1, 168.286000, 50
154, 1 - with algorithms, 1, 156.012000, 46
155, 1 - with algorithms, 1, 176.821000, 53
156, 1 - with algorithms, 1, 154.740000, 46
157, 1 - with algorithms, 1, 158.357000, 47
158, 1 - with algorithms, 1, 162.545000, 49
159, 1 - with algorithms, 1, 164.769000, 48
160, 1 - with algorithms, 1, 161.614000, 48
161, 1 - with algorithms, 1, 158.918000, 47
162, 1 - with algorithms, 1, 160.992000, 47
163, 1 - with algorithms, 1, 160.912000, 48
164, 1 - with algorithms, 1, 174.678000, 53
165, 1 - with algorithms, 1, 159.339000, 47
166, 1 - with algorithms, 1, 168.657000, 50
167, 1 - with algorithms, 1, 153.227000, 45
168, 1 - with algorithms, 1, 223.219000, 53
169, 1 - with algorithms, 1, 174.578000, 52
170, 1 - with algorithms, 1, 167.885000, 50
171, 1 - with algorithms, 1, 168.837000, 51
172, 1 - with algorithms, 1, 167.204000, 50
173, 1 - with algorithms, 1, 158.698000, 47
174, 1 - with algorithms, 1, 169.568000, 51
175, 1 - with algorithms, 1, 164.358000, 49
176, 1 - with algorithms, 1, 158.808000, 47
177, 1 - with algorithms, 1, 210.475000, 48
178, 1 - with algorithms, 1, 170.751000, 51
179, 1 - with algorithms, 1, 172.503000, 51
180, 1 - with algorithms, 1, 166.753000, 50
181, 1 - with algorithms, 1, 155.652000, 45
182, 1 - with algorithms, 1, 205.215000, 48
183, 1 - with algorithms, 1, 172.965000, 52
184, 1 - with algorithms, 1, 171.743000, 52
185, 1 - with algorithms, 1, 161.844000, 48
186, 1 - with algorithms, 1, 158.457000, 47
187, 1 - with algorithms, 1, 176.522000, 53
188, 1 - with algorithms, 1, 166.503000, 50
189, 1 - with algorithms, 1, 168.146000, 49
190, 1 - with algorithms, 1, 165.731000, 49
191, 1 - with algorithms, 1, 174.507000, 52
192, 1 - with algorithms, 1, 172.173000, 51
193, 1 - with algorithms, 1, 164.048000, 49
194, 1 - with algorithms, 1, 163.567000, 48
195, 1 - with algorithms, 1, 159.359000, 48
196, 1 - with algorithms, 1, 162.635000, 48
197, 1 - with algorithms, 1, 159.970000, 47
198, 1 - with algorithms, 1, 165.330000, 49
199, 1 - with algorithms, 1, 163.347000, 48
200, 1 - with algorithms, 1, 166.983000, 50
201, 1 - with algorithms, 1, 169.348000, 51
202, 1 - with algorithms, 1, 167.675000, 50
203, 1 - with algorithms, 1, 171.191000, 52
204, 1 - with algorithms, 1, 171.262000, 51
205, 1 - with algorithms, 1, 163.387000, 49
206, 1 - with algorithms, 1, 271.019000, 52
207, 1 - with algorithms, 1, 164.108000, 49
208, 1 - with algorithms, 1, 176.151000, 53
209, 1 - with algorithms, 1, 161.373000, 48
210, 1 - with algorithms, 1, 170.460000, 51
211, 1 - with algorithms, 1, 167.394000, 50
212, 1 - with algorithms, 1, 163.888000, 48
213, 1 - with algorithms, 1, 156.925000, 46
214, 1 - with algorithms, 1, 158.338000, 47
215, 1 - with algorithms, 1, 154.069000, 45
216, 1 - with algorithms, 1, 165.340000, 49
217, 1 - with algorithms, 1, 162.244000, 48
218, 1 - with algorithms, 1, 164.599000, 49
219, 1 - with algorithms, 1, 322.224000, 52
220, 1 - with algorithms, 1, 170.941000, 51
221, 1 - with algorithms, 1, 167.615000, 50
222, 1 - with algorithms, 1, 170.170000, 51
223, 1 - with algorithms, 1, 147.427000, 42
224, 1 - with algorithms, 1, 161.052000, 48
225, 1 - with algorithms, 1, 170.029000, 50
226, 1 - with algorithms, 1, 161.654000, 48
227, 1 - with algorithms, 1, 168.626000, 50
228, 1 - with algorithms, 1, 166.623000, 49
229, 1 - with algorithms, 1, 161.663000, 48
230, 1 - with algorithms, 1, 164.830000, 49
231, 1 - with algorithms, 1, 169.869000, 51
232, 1 - with algorithms, 1, 171.823000, 51
233, 1 - with algorithms, 1, 166.152000, 50
234, 1 - with algorithms, 1, 169.869000, 51
235, 1 - with algorithms, 1, 163.888000, 48
236, 1 - with algorithms, 1, 165.170000, 49
237, 1 - with algorithms, 1, 279.424000, 49
238, 1 - with algorithms, 1, 170.520000, 50
239, 1 - with algorithms, 1, 172.934000, 52
240, 1 - with algorithms, 1, 285.155000, 53
241, 1 - with algorithms, 1, 168.486000, 49
242, 1 - with algorithms, 1, 176.191000, 53
243, 1 - with algorithms, 1, 165.500000, 49
244, 1 - with algorithms, 1, 172.775000, 51
245, 1 - with algorithms, 1, 166.201000, 49
246, 1 - with algorithms, 1, 166.422000, 50
247, 1 - with algorithms, 1, 268.174000, 49
248, 1 - with algorithms, 1, 170.861000, 51
249, 1 - with algorithms, 1, 165.872000, 49
250, 1 - with algorithms, 1, 170.330000, 51
251, 1 - with algorithms, 1, 152.256000, 43
252, 1 - with algorithms, 1, 156.714000, 46
253, 1 - with algorithms, 1, 163.416000, 49
254, 1 - with algorithms, 1, 170.079000, 50
255, 1 - with algorithms, 1, 164.729000, 49
256, 1 - with algorithms, 1, 164.228000, 49
257, 1 - with algorithms, 1, 164.378000, 49
258, 1 - with algorithms, 1, 163.617000, 48
259, 1 - with algorithms, 1, 164.298000, 48
260, 1 - with algorithms, 1, 164.158000, 49
261, 1 - with algorithms, 1, 171.782000, 51
262, 1 - with algorithms, 1, 163.637000, 49
263, 1 - with algorithms, 1, 162.525000, 48
264, 1 - with algorithms, 1, 166.402000, 49
265, 1 - with algorithms, 1, 160.872000, 48
266, 1 - with algorithms, 1, 151.965000, 44
267, 1 - with algorithms, 1, 168.917000, 51
268, 1 - with algorithms, 1, 156.203000, 46
269, 1 - with algorithms, 1, 162.174000, 48
270, 1 - with algorithms, 1, 155.932000, 46
271, 1 - with algorithms, 1, 268.904000, 50
272, 1 - with algorithms, 1, 156.364000, 46
273, 1 - with algorithms, 1, 210.846000, 50
274, 1 - with algorithms, 1, 158.347000, 46
275, 1 - with algorithms, 1, 209.353000, 48
276, 1 - with algorithms, 1, 161.373000, 48
277, 1 - with algorithms, 1, 165.621000, 48
278, 1 - with algorithms, 1, 257.974000, 48
279, 1 - with algorithms, 1, 166.863000, 50
280, 1 - with algorithms, 1, 270.608000, 53
281, 1 - with algorithms, 1, 158.067000, 47
282, 1 - with algorithms, 1, 168.657000, 51
283, 1 - with algorithms, 1, 161.423000, 47
284, 1 - with algorithms, 1, 160.973000, 48
285, 1 - with algorithms, 1, 166.984000, 50
286, 1 - with algorithms, 1, 164.669000, 49
287, 1 - with algorithms, 1, 154.220000, 45
288, 1 - with algorithms, 1, 168.686000, 50
289, 1 - with algorithms, 1, 213.491000, 51
290, 1 - with algorithms, 1, 169.588000, 50
291, 1 - with algorithms, 1, 170.380000, 51
292, 1 - with algorithms, 1, 162.696000, 48
293, 1 - with algorithms, 1, 172.554000, 51
294, 1 - with algorithms, 1, 162.875000, 48
295, 1 - with algorithms, 1, 161.843000, 48
296, 1 - with algorithms, 1, 164.739000, 49
297, 1 - with algorithms, 1, 158.959000, 47
298, 1 - with algorithms, 1, 171.802000, 52
299, 1 - with algorithms, 1, 160.612000, 48
300, 1 - with algorithms, 1, 160.131000, 47
301, 1 - with algorithms, 1, 164.979000, 49
302, 1 - with algorithms, 1, 161.603000, 48
303, 1 - with algorithms, 1, 164.999000, 49
304, 1 - with algorithms, 1, 167.615000, 50
305, 1 - with algorithms, 1, 167.754000, 49
306, 1 - with algorithms, 1, 160.962000, 48
307, 1 - with algorithms, 1, 164.329000, 49
308, 1 - with algorithms, 1, 161.133000, 48
309, 1 - with algorithms, 1, 167.584000, 50
310, 1 - with algorithms, 1, 163.527000, 48
311, 1 - with algorithms, 1, 161.463000, 48
312, 1 - with algorithms, 1, 155.892000, 46
313, 1 - with algorithms, 1, 213.521000, 48
314, 1 - with algorithms, 1, 166.171000, 49
315, 1 - with algorithms, 1, 175.339000, 53
316, 1 - with algorithms, 1, 159.369000, 47
317, 1 - with algorithms, 1, 170.660000, 51
318, 1 - with algorithms, 1, 174.087000, 52
319, 1 - with algorithms, 1, 160.461000, 48
320, 1 - with algorithms, 1, 160.701000, 47
321, 1 - with algorithms, 1, 173.125000, 52
322, 1 - with algorithms, 1, 167.344000, 50
323, 1 - with algorithms, 1, 153.578000, 44
324, 1 - with algorithms, 1, 165.340000, 49
325, 1 - with algorithms, 1, 156.864000, 46
326, 1 - with algorithms, 1, 241.653000, 48
327, 1 - with algorithms, 1, 157.616000, 46
328, 1 - with algorithms, 1, 170.360000, 51
329, 1 - with algorithms, 1, 161.904000, 48
330, 1 - with algorithms, 1, 213.461000, 49
331, 1 - with algorithms, 1, 171.783000, 51
332, 1 - with algorithms, 1, 171.192000, 51
333, 1 - with algorithms, 1, 172.664000, 51
334, 1 - with algorithms, 1, 159.189000, 46
335, 1 - with algorithms, 1, 157.927000, 47
336, 1 - with algorithms, 1, 166.643000, 50
337, 1 - with algorithms, 1, 173.496000, 52
338, 1 - with algorithms, 1, 172.433000, 52
339, 1 - with algorithms, 1, 152.145000, 45
340, 1 - with algorithms, 1, 165.291000, 49
341, 1 - with algorithms, 1, 156.544000, 46
342, 1 - with algorithms, 1, 173.996000, 52
343, 1 - with algorithms, 1, 155.132000, 45
344, 1 - with algorithms, 1, 163.677000, 49
345, 1 - with algorithms, 1, 161.994000, 48
346, 1 - with algorithms, 1, 171.522000, 51
347, 1 - with algorithms, 1, 161.022000, 48
348, 1 - with algorithms, 1, 156.243000, 46
349, 1 - with algorithms, 1, 164.228000, 49
350, 1 - with algorithms, 1, 262.823000, 47
351, 1 - with algorithms, 1, 168.366000, 50
352, 1 - with algorithms, 1, 158.547000, 47
353, 1 - with algorithms, 1, 159.199000, 46
354, 1 - with algorithms, 1, 170.881000, 51
355, 1 - with algorithms, 1, 160.692000, 48
356, 1 - with algorithms, 1, 158.388000, 47
357, 1 - with algorithms, 1, 161.253000, 48
358, 1 - with algorithms, 1, 156.293000, 46
359, 1 - with algorithms, 1, 160.842000, 48
360, 1 - with algorithms, 1, 159.038000, 47
361, 1 - with algorithms, 1, 155.201000, 46
362, 1 - with algorithms, 1, 171.222000, 52
363, 1 - with algorithms, 1, 162.705000, 47
364, 1 - with algorithms, 1, 165.801000, 50
365, 1 - with algorithms, 1, 175.499000, 53
366, 1 - with algorithms, 1, 166.873000, 50
367, 1 - with algorithms, 1, 173.425000, 52
368, 1 - with algorithms, 1, 165.351000, 49
369, 1 - with algorithms, 1, 155.342000, 45
370, 1 - with algorithms, 1, 167.755000, 49
371, 1 - with algorithms, 1, 208.822000, 45
372, 1 - with algorithms, 1, 156.674000, 46
373, 1 - with algorithms, 1, 167.093000, 49
374, 1 - with algorithms, 1, 165.190000, 49
375, 1 - with algorithms, 1, 164.749000, 49
376, 1 - with algorithms, 1, 158.989000, 47
377, 1 - with algorithms, 1, 215.665000, 50
378, 1 - with algorithms, 1, 222.728000, 53
379, 1 - with algorithms, 1, 167.675000, 50
380, 1 - with algorithms, 1, 205.936000, 49
381, 1 - with algorithms, 1, 145.984000, 42
382, 1 - with algorithms, 1, 159.690000, 47
383, 1 - with algorithms, 1, 163.477000, 48
384, 1 - with algorithms, 1, 144.280000, 41
385, 1 - with algorithms, 1, 335.068000, 51
386, 1 - with algorithms, 1, 164.639000, 49
387, 1 - with algorithms, 1, 162.715000, 48
388, 1 - with algorithms, 1, 172.864000, 52
389, 1 - with algorithms, 1, 160.963000, 47
390, 1 - with algorithms, 1, 173.476000, 52
391, 1 - with algorithms, 1, 162.324000, 48
392, 1 - with algorithms, 1, 289.694000, 50
393, 1 - with algorithms, 1, 168.025000, 49
394, 1 - with algorithms, 1, 161.713000, 48
395, 1 - with algorithms, 1, 169.648000, 50
396, 1 - with algorithms, 1, 159.239000, 47
397, 1 - with algorithms, 1, 167.354000, 50
398, 1 - with algorithms, 1, 213.621000, 50
399, 1 - with algorithms, 1, 163.978000, 49
400, 1 - with algorithms, 1, 168.797000, 51
401, 1 - with algorithms, 1, 161.774000, 48
402, 1 - with algorithms, 1, 165.240000, 49
403, 1 - with algorithms, 1, 153.218000, 44
404, 1 - with algorithms, 1, 155.672000, 46
405, 1 - with algorithms, 1, 162.735000, 48
406, 1 - with algorithms, 1, 302.097000, 51
407, 1 - with algorithms, 1, 158.668000, 47
408, 1 - with algorithms, 1, 160.070000, 47
409, 1 - with algorithms, 1, 153.107000, 45
410, 1 - with algorithms, 1, 160.210000, 47
411, 1 - with algorithms, 1, 175.810000, 53
412, 1 - with algorithms, 1, 168.917000, 51
413, 1 - with algorithms, 1, 153.328000, 45
414, 1 - with algorithms, 1, 165.080000, 49
415, 1 - with algorithms, 1, 258.415000, 52
416, 1 - with algorithms, 1, 164.489000, 49
417, 1 - with algorithms, 1, 170.781000, 51
418, 1 - with algorithms, 1, 164.409000, 47
419, 1 - with algorithms, 1, 297.278000, 47
420, 1 - with algorithms, 1, 160.381000, 48
421, 1 - with algorithms, 1, 165.901000, 49
422, 1 - with algorithms, 1, 161.082000, 48
423, 1 - with algorithms, 1, 156.975000, 46
424, 1 - with algorithms, 1, 166.512000, 49
425, 1 - with algorithms, 1, 160.902000, 48
426, 1 - with algorithms, 1, 158.036000, 47
427, 1 - with algorithms, 1, 158.307000, 47
428, 1 - with algorithms, 1, 168.917000, 51
429, 1 - with algorithms, 1, 171.592000, 52
430, 1 - with algorithms, 1, 169.488000, 51
431, 1 - with algorithms, 1, 165.611000, 49
432, 1 - with algorithms, 1, 160.712000, 47
433, 1 - with algorithms, 1, 170.089000, 51
434, 1 - with algorithms, 1, 170.089000, 51
435, 1 - with algorithms, 1, 168.587000, 51
436, 1 - with algorithms, 1, 160.821000, 48
437, 1 - with algorithms, 1, 171.622000, 51
438, 1 - with algorithms, 1, 169.328000, 50
439, 1 - with algorithms, 1, 175.600000, 53
440, 1 - with algorithms, 1, 160.502000, 47
441, 1 - with algorithms, 1, 170.991000, 50
442, 1 - with algorithms, 1, 163.526000, 49
443, 1 - with algorithms, 1, 320.742000, 50
444, 1 - with algorithms, 1, 166.432000, 49
445, 1 - with algorithms, 1, 158.949000, 47
446, 1 - with algorithms, 1, 167.554000, 50
447, 1 - with algorithms, 1, 165.641000, 49
448, 1 - with algorithms, 1, 168.547000, 50
449, 1 - with algorithms, 1, 158.697000, 47
450, 1 - with algorithms, 1, 170.119000, 51
451, 1 - with algorithms, 1, 174.989000, 52
452, 1 - with algorithms, 1, 229.020000, 52
453, 1 - with algorithms, 1, 167.024000, 50
454, 1 - with algorithms, 1, 171.081000, 51
455, 1 - with algorithms, 1, 167.624000, 50
456, 1 - with algorithms, 1, 168.356000, 50
457, 1 - with algorithms, 1, 168.957000, 51
458, 1 - with algorithms, 1, 168.105000, 51
459, 1 - with algorithms, 1, 160.020000, 47
460, 1 - with algorithms, 1, 165.130000, 50
461, 1 - with algorithms, 1, 154.870000, 46
462, 1 - with algorithms, 1, 165.190000, 50
463, 1 - with algorithms, 1, 151.485000, 44
464, 1 - with algorithms, 1, 160.481000, 47
465, 1 - with algorithms, 1, 152.747000, 45
466, 1 - with algorithms, 1, 160.491000, 48
467, 1 - with algorithms, 1, 164.930000, 50
468, 1 - with algorithms, 1, 171.031000, 52
469, 1 - with algorithms, 1, 166.753000, 49
470, 1 - with algorithms, 1, 168.958000, 51
471, 1 - with algorithms, 1, 170.600000, 50
472, 1 - with algorithms, 1, 158.748000, 47
473, 1 - with algorithms, 1, 165.811000, 50
474, 1 - with algorithms, 1, 158.077000, 46
475, 1 - with algorithms, 1, 157.545000, 47
476, 1 - with algorithms, 1, 158.507000, 47
477, 1 - with algorithms, 1, 154.731000, 45
478, 1 - with algorithms, 1, 155.792000, 46
479, 1 - with algorithms, 1, 161.443000, 48
480, 1 - with algorithms, 1, 158.788000, 47
481, 1 - with algorithms, 1, 168.096000, 50
482, 1 - with algorithms, 1, 161.614000, 49
483, 1 - with algorithms, 1, 159.590000, 47
484, 1 - with algorithms, 1, 251.933000, 51
485, 1 - with algorithms, 1, 169.128000, 51
486, 1 - with algorithms, 1, 163.657000, 49
487, 1 - with algorithms, 1, 275.567000, 52
488, 1 - with algorithms, 1, 165.591000, 49
489, 1 - with algorithms, 1, 157.997000, 47
490, 1 - with algorithms, 1, 152.416000, 44
491, 1 - with algorithms, 1, 159.059000, 47
492, 1 - with algorithms, 1, 170.610000, 51
493, 1 - with algorithms, 1, 162.365000, 48
494, 1 - with algorithms, 1, 270.358000, 51
495, 1 - with algorithms, 1, 157.335000, 46
496, 1 - with algorithms, 1, 164.369000, 49
497, 1 - with algorithms, 1, 155.332000, 45
498, 1 - with algorithms, 1, 169.378000, 51
499, 1 - with algorithms, 1, 169.438000, 51
500, 1 - with algorithms, 1, 165.010000, 49
501, 1 - with algorithms, 1, 162.094000, 48
502, 1 - with algorithms, 1, 161.924000, 48
503, 1 - with algorithms, 1, 159.018000, 47
504, 1 - with algorithms, 1, 162.735000, 48
505, 1 - with algorithms, 1, 154.189000, 46
506, 1 - with algorithms, 1, 169.499000, 51
507, 1 - with algorithms, 1, 175.419000, 52
508, 1 - with algorithms, 1, 169.007000, 51
509, 1 - with algorithms, 1, 169.659000, 51
510, 1 - with algorithms, 1, 165.901000, 50
511, 1 - with algorithms, 1, 164.639000, 49
512, 1 - with algorithms, 1, 162.555000, 48
513, 1 - with algorithms, 1, 282.470000, 52
514, 1 - with algorithms, 1, 178.505000, 54
515, 1 - with algorithms, 1, 162.745000, 49
516, 1 - with algorithms, 1, 158.026000, 47
517, 1 - with algorithms, 1, 168.978000, 50
518, 1 - with algorithms, 1, 331.923000, 53
519, 1 - with algorithms, 1, 168.937000, 51
520, 1 - with algorithms, 1, 158.688000, 47
521, 1 - with algorithms, 1, 161.433000, 48
522, 1 - with algorithms, 1, 171.181000, 52
523, 1 - with algorithms, 1, 168.827000, 50
524, 1 - with algorithms, 1, 162.986000, 49
525, 1 - with algorithms, 1, 164.359000, 49
526, 1 - with algorithms, 1, 157.065000, 47
527, 1 - with algorithms, 1, 156.504000, 46
528, 1 - with algorithms, 1, 155.482000, 46
529, 1 - with algorithms, 1, 158.458000, 47
530, 1 - with algorithms, 1, 158.517000, 47
531, 1 - with algorithms, 1, 157.526000, 47
532, 1 - with algorithms, 1, 169.187000, 51
533, 1 - with algorithms, 1, 270.758000, 48
534, 1 - with algorithms, 1, 157.846000, 47
535, 1 - with algorithms, 1, 160.001000, 47
536, 1 - with algorithms, 1, 151.544000, 43
537, 1 - with algorithms, 1, 158.958000, 47
538, 1 - with algorithms, 1, 169.007000, 51
539, 1 - with algorithms, 1, 164.458000, 49
540, 1 - with algorithms, 1, 164.689000, 49
541, 1 - with algorithms, 1, 169.439000, 51
542, 1 - with algorithms, 1, 153.187000, 45
543, 1 - with algorithms, 1, 153.418000, 45
544, 1 - with algorithms, 1, 160.993000, 48
545, 1 - with algorithms, 1, 166.493000, 50
546, 1 - with algorithms, 1, 164.058000, 49
547, 1 - with algorithms, 1, 166.533000, 50
548, 1 - with algorithms, 1, 163.758000, 48
549, 1 - with algorithms, 1, 311.214000, 52
550, 1 - with algorithms, 1, 171.342000, 51
551, 1 - with algorithms, 1, 155.351000, 46
552, 1 - with algorithms, 1, 164.138000, 49
553, 1 - with algorithms, 1, 164.048000, 49
554, 1 - with algorithms, 1, 165.531000, 49
555, 1 - with algorithms, 1, 171.312000, 52
556, 1 - with algorithms, 1, 175.109000, 52
557, 1 - with algorithms, 1, 155.782000, 46
558, 1 - with algorithms, 1, 171.212000, 52
559, 1 - with algorithms, 1, 735.951000, 48
560, 1 - with algorithms, 1, 167.144000, 50
561, 1 - with algorithms, 1, 154.670000, 45
562, 1 - with algorithms, 1, 159.499000, 47
563, 1 - with algorithms, 1, 165.270000, 49
564, 1 - with algorithms, 1, 173.225000, 52
565, 1 - with algorithms, 1, 170.540000, 51
566, 1 - with algorithms, 1, 177.914000, 54
567, 1 - with algorithms, 1, 160.721000, 48
568, 1 - with algorithms, 1, 173.476000, 52
569, 1 - with algorithms, 1, 167.194000, 50
570, 1 - with algorithms, 1, 169.538000, 51
571, 1 - with algorithms, 1, 170.981000, 51
572, 1 - with algorithms, 1, 158.918000, 47
573, 1 - with algorithms, 1, 156.885000, 47
574, 1 - with algorithms, 1, 174.818000, 53
575, 1 - with algorithms, 1, 159.920000, 48
576, 1 - with algorithms, 1, 166.843000, 50
577, 1 - with algorithms, 1, 164.248000, 49
578, 1 - with algorithms, 1, 164.940000, 50
579, 1 - with algorithms, 1, 163.187000, 49
580, 1 - with algorithms, 1, 162.194000, 48
581, 1 - with algorithms, 1, 211.677000, 50
582, 1 - with algorithms, 1, 161.453000, 48
583, 1 - with algorithms, 1, 157.486000, 46
584, 1 - with algorithms, 1, 250.159000, 48
585, 1 - with algorithms, 1, 153.117000, 45
586, 1 - with algorithms, 1, 163.707000, 49
587, 1 - with algorithms, 1, 165.070000, 50
588, 1 - with algorithms, 1, 160.221000, 47
589, 1 - with algorithms, 1, 164.409000, 49
590, 1 - with algorithms, 1, 166.813000, 50
591, 1 - with algorithms, 1, 169.448000, 50
592, 1 - with algorithms, 1, 166.713000, 50
593, 1 - with algorithms, 1, 164.589000, 49
594, 1 - with algorithms, 1, 176.251000, 53
595, 1 - with algorithms, 1, 172.173000, 52
596, 1 - with algorithms, 1, 163.046000, 49
597, 1 - with algorithms, 1, 165.972000, 50
598, 1 - with algorithms, 1, 153.328000, 45
599, 1 - with algorithms, 1, 163.016000, 49
600, 1 - with algorithms, 2, 169.137000, 51
601, 1 - with algorithms, 2, 250.110000, 48
602, 1 - with algorithms, 2, 167.374000, 50
603, 1 - with algorithms, 2, 163.076000, 49
604, 1 - with algorithms, 2, 166.823000, 49
605, 1 - with algorithms, 2, 168.205000, 50
606, 1 - with algorithms, 2, 160.562000, 47
607, 1 - with algorithms, 2, 167.174000, 50
608, 1 - with algorithms, 2, 300.264000, 51
609, 1 - with algorithms, 2, 166.252000, 50
610, 1 - with algorithms, 2, 164.699000, 49
611, 1 - with algorithms, 2, 171.251000, 51
612, 1 - with algorithms, 2, 495.590000, 67
613, 1 - with algorithms, 2, 157.596000, 47
614, 1 - with algorithms, 2, 165.029000, 49
615, 1 - with algorithms, 2, 161.413000, 48
616, 1 - with algorithms, 2, 281.859000, 51
617, 1 - with algorithms, 2, 169.939000, 51
618, 1 - with algorithms, 2, 172.583000, 52
619, 1 - with algorithms, 2, 178.606000, 53
620, 1 - with algorithms, 2, 295.635000, 51
621, 1 - with algorithms, 2, 165.631000, 49
622, 1 - with algorithms, 2, 176.651000, 52
623, 1 - with algorithms, 2, 169.869000, 51
624, 1 - with algorithms, 2, 163.808000, 49
625, 1 - with algorithms, 2, 172.284000, 52
626, 1 - with algorithms, 2, 165.491000, 49
627, 1 - with algorithms, 2, 171.252000, 52
628, 1 - with algorithms, 2, 158.357000, 46
629, 1 - with algorithms, 2, 168.756000, 50
630, 1 - with algorithms, 2, 170.510000, 51
631, 1 - with algorithms, 2, 158.748000, 47
632, 1 - with algorithms, 2, 282.470000, 48
633, 1 - with algorithms, 2, 171.552000, 52
634, 1 - with algorithms, 2, 155.962000, 46
635, 1 - with algorithms, 2, 727.284000, 65
636, 1 - with algorithms, 2, 170.069000, 51
637, 1 - with algorithms, 2, 163.927000, 49
638, 1 - with algorithms, 2, 149.251000, 43
639, 1 - with algorithms, 2, 169.799000, 51
640, 1 - with algorithms, 2, 175.750000, 52
641, 1 - with algorithms, 2, 163.036000, 48
642, 1 - with algorithms, 2, 204.183000, 47
643, 1 - with algorithms, 2, 346.670000, 53
644, 1 - with algorithms, 2, 162.265000, 48
645, 1 - with algorithms, 2, 278.252000, 53
646, 1 - with algorithms, 2, 174.998000, 53
647, 1 - with algorithms, 2, 172.594000, 52
648, 1 - with algorithms, 2, 164.408000, 49
649, 1 - with algorithms, 2, 145.603000, 41
650, 1 - with algorithms, 2, 165.040000, 49
651, 1 - with algorithms, 2, 247.735000, 49
652, 1 - with algorithms, 2, 164.588000, 48
653, 1 - with algorithms, 2, 177.533000, 53
654, 1 - with algorithms, 2, 174.688000, 53
655, 1 - with algorithms, 2, 173.666000, 52
656, 1 - with algorithms, 2, 164.669000, 49
657, 1 - with algorithms, 2, 175.049000, 53
658, 1 - with algorithms, 2, 340.729000, 54
659, 1 - with algorithms, 2, 180.118000, 54
660, 1 - with algorithms, 2, 169.307000, 51
661, 1 - with algorithms, 2, 456.106000, 69
662, 1 - with algorithms, 2, 182.903000, 56
663, 1 - with algorithms, 2, 229.060000, 55
664, 1 - with algorithms, 2, 166.392000, 49
665, 1 - with algorithms, 2, 171.041000, 52
666, 1 - with algorithms, 2, 171.322000, 52
667, 1 - with algorithms, 2, 282.279000, 49
668, 1 - with algorithms, 2, 171.231000, 52
669, 1 - with algorithms, 2, 252.944000, 51
670, 1 - with algorithms, 2, 163.126000, 48
671, 1 - with algorithms, 2, 229.110000, 52
672, 1 - with algorithms, 2, 217.368000, 49
673, 1 - with algorithms, 2, 174.548000, 52
674, 1 - with algorithms, 2, 259.296000, 50
675, 1 - with algorithms, 2, 163.317000, 49
676, 1 - with algorithms, 2, 161.413000, 47
677, 1 - with algorithms, 2, 294.914000, 51
678, 1 - with algorithms, 2, 161.192000, 48
679, 1 - with algorithms, 2, 167.845000, 49
680, 1 - with algorithms, 2, 177.883000, 54
681, 1 - with algorithms, 2, 278.042000, 51
682, 1 - with algorithms, 2, 283.852000, 53
683, 1 - with algorithms, 2, 180.779000, 54
684, 1 - with algorithms, 2, 318.628000, 54
685, 1 - with algorithms, 2, 297.929000, 49
686, 1 - with algorithms, 2, 178.775000, 54
687, 1 - with algorithms, 2, 164.899000, 50
688, 1 - with algorithms, 2, 180.539000, 55
689, 1 - with algorithms, 2, 166.423000, 50
690, 1 - with algorithms, 2, 162.885000, 49
691, 1 - with algorithms, 2, 173.275000, 52
692, 1 - with algorithms, 2, 232.767000, 50
693, 1 - with algorithms, 2, 166.212000, 50
694, 1 - with algorithms, 2, 169.218000, 50
695, 1 - with algorithms, 2, 169.258000, 51
696, 1 - with algorithms, 2, 170.500000, 51
697, 1 - with algorithms, 2, 162.956000, 49
698, 1 - with algorithms, 2, 165.280000, 50
699, 1 - with algorithms, 2, 179.126000, 54
700, 1 - with algorithms, 2, 273.864000, 49
701, 1 - with algorithms, 2, 345.138000, 54
702, 1 - with algorithms, 2, 284.534000, 55
703, 1 - with algorithms, 2, 169.489000, 50
704, 1 - with algorithms, 2, 160.701000, 47
705, 1 - with algorithms, 2, 455.455000, 53
706, 1 - with algorithms, 2, 317.716000, 53
707, 1 - with algorithms, 2, 283.963000, 51
708, 1 - with algorithms, 2, 172.544000, 51
709, 1 - with algorithms, 2, 166.052000, 50
710, 1 - with algorithms, 2, 177.102000, 53
711, 1 - with algorithms, 2, 305.022000, 52
712, 1 - with algorithms, 2, 267.122000, 51
713, 1 - with algorithms, 2, 479.851000, 53
714, 1 - with algorithms, 2, 250.560000, 49
715, 1 - with algorithms, 2, 169.959000, 51
716, 1 - with algorithms, 2, 221.896000, 50
717, 1 - with algorithms, 2, 336.752000, 52
718, 1 - with algorithms, 2, 259.798000, 51
719, 1 - with algorithms, 2, 166.332000, 49
720, 1 - with algorithms, 2, 223.820000, 50
721, 1 - with algorithms, 2, 322.615000, 51
722, 1 - with algorithms, 2, 347.652000, 52
723, 1 - with algorithms, 2, 311.966000, 53
724, 1 - with algorithms, 2, 386.335000, 52
725, 1 - with algorithms, 2, 334.298000, 52
726, 1 - with algorithms, 2, 320.792000, 49
727, 1 - with algorithms, 2, 389.040000, 55
728, 1 - with algorithms, 2, 375.284000, 52
729, 1 - with algorithms, 2, 266.320000, 49
730, 1 - with algorithms, 2, 339.778000, 53
731, 1 - with algorithms, 2, 416.521000, 54
732, 1 - with algorithms, 2, 207.991000, 46
733, 1 - with algorithms, 2, 447.500000, 55
734, 1 - with algorithms, 2, 175.559000, 53
735, 1 - with algorithms, 2, 355.056000, 51
736, 1 - with algorithms, 2, 532.630000, 71
737, 1 - with algorithms, 2, 319.230000, 50
738, 1 - with algorithms, 2, 300.635000, 50
739, 1 - with algorithms, 2, 176.371000, 53
740, 1 - with algorithms, 2, 516.439000, 54
741, 1 - with algorithms, 2, 300.514000, 53
742, 1 - with algorithms, 2, 284.534000, 50
743, 1 - with algorithms, 2, 165.410000, 49
744, 1 - with algorithms, 2, 170.009000, 51
745, 1 - with algorithms, 2, 179.908000, 55
746, 1 - with algorithms, 2, 171.432000, 51
747, 1 - with algorithms, 2, 277.781000, 53
748, 1 - with algorithms, 2, 172.955000, 52
749, 1 - with algorithms, 2, 216.716000, 51
750, 1 - with algorithms, 2, 1082.852000, 112
751, 1 - with algorithms, 2, 180.178000, 55
752, 1 - with algorithms, 2, 424.126000, 50
753, 1 - with algorithms, 2, 415.761000, 51
754, 1 - with algorithms, 2, 164.779000, 49
755, 1 - with algorithms, 2, 441.579000, 57
756, 1 - with algorithms, 2, 278.272000, 52
757, 1 - with algorithms, 2, 164.228000, 49
758, 1 - with algorithms, 2, 247.013000, 46
759, 1 - with algorithms, 2, 176.761000, 53
760, 1 - with algorithms, 2, 442.039000, 53
761, 1 - with algorithms, 2, 307.958000, 47
762, 1 - with algorithms, 2, 276.959000, 52
763, 1 - with algorithms, 2, 403.507000, 50
764, 1 - with algorithms, 2, 449.173000, 53
765, 1 - with algorithms, 2, 163.006000, 49
766, 1 - with algorithms, 2, 507.532000, 56
767, 1 - with algorithms, 2, 301.325000, 48
768, 1 - with algorithms, 2, 348.404000, 55
769, 1 - with algorithms, 2, 274.686000, 54
770, 1 - with algorithms, 2, 325.792000, 52
771, 1 - with algorithms, 2, 521.889000, 52
772, 1 - with algorithms, 2, 222.818000, 52
773, 1 - with algorithms, 2, 386.485000, 57
774, 1 - with algorithms, 2, 1325.067000, 86
775, 1 - with algorithms, 2, 304.732000, 52
776, 1 - with algorithms, 2, 286.027000, 51
777, 1 - with algorithms, 2, 176.250000, 53
778, 1 - with algorithms, 2, 337.463000, 55
779, 1 - with algorithms, 2, 181.580000, 55
780, 1 - with algorithms, 2, 1569.426000, 96
781, 1 - with algorithms, 2, 168.105000, 50
782, 1 - with algorithms, 2, 375.093000, 55
783, 1 - with algorithms, 2, 167.384000, 50
784, 1 - with algorithms, 2, 675.928000, 57
785, 1 - with algorithms, 2, 429.086000, 56
786, 1 - with algorithms, 2, 304.872000, 53
787, 1 - with algorithms, 2, 337.483000, 53
788, 1 - with algorithms, 2, 347.712000, 53
789, 1 - with algorithms, 2, 176.701000, 53
790, 1 - with algorithms, 2, 291.017000, 52
791, 1 - with algorithms, 2, 271.740000, 51
792, 1 - with algorithms, 2, 478.418000, 54
793, 1 - with algorithms, 2, 300.544000, 52
794, 1 - with algorithms, 2, 276.760000, 49
795, 1 - with algorithms, 2, 176.612000, 52
796, 1 - with algorithms, 2, 261.531000, 52
797, 1 - with algorithms, 2, 290.425000, 48
798, 1 - with algorithms, 2, 461.796000, 54
799, 1 - with algorithms, 2, 295.725000, 51
800, 1 - with algorithms, 2, 420.849000, 52
801, 1 - with algorithms, 2, 279.816000, 47
802, 1 - with algorithms, 2, 320.922000, 51
803, 1 - with algorithms, 2, 488.276000, 52
804, 1 - with algorithms, 2, 309.701000, 54
805, 1 - with algorithms, 2, 252.144000, 49
806, 1 - with algorithms, 2, 173.034000, 50
807, 1 - with algorithms, 2, 176.361000, 52
808, 1 - with algorithms, 2, 267.883000, 54
809, 1 - with algorithms, 2, 287.901000, 51
810, 1 - with algorithms, 2, 265.909000, 53
811, 1 - with algorithms, 2, 221.776000, 50
812, 1 - with algorithms, 2, 172.494000, 51
813, 1 - with algorithms, 2, 305.764000, 50
814, 1 - with algorithms, 2, 297.689000, 50
815, 1 - with algorithms, 2, 173.024000, 52
816, 1 - with algorithms, 2, 468.810000, 54
817, 1 - with algorithms, 2, 206.257000, 48
818, 1 - with algorithms, 2, 305.824000, 54
819, 1 - with algorithms, 2, 314.179000, 53
820, 1 - with algorithms, 2, 178.626000, 53
821, 1 - with algorithms, 2, 678.373000, 52
822, 1 - with algorithms, 2, 176.782000, 53
823, 1 - with algorithms, 2, 226.666000, 55
824, 1 - with algorithms, 2, 277.120000, 50
825, 1 - with algorithms, 2, 645.281000, 52
826, 1 - with algorithms, 2, 166.913000, 49
827, 1 - with algorithms, 2, 356.950000, 54
828, 1 - with algorithms, 2, 269.365000, 52
829, 1 - with algorithms, 2, 391.425000, 54
830, 1 - with algorithms, 2, 177.473000, 52
831, 1 - with algorithms, 2, 489.699000, 57
832, 1 - with algorithms, 2, 467.267000, 54
833, 1 - with algorithms, 2, 282.219000, 50
834, 1 - with algorithms, 2, 178.535000, 53
835, 1 - with algorithms, 2, 316.635000, 51
836, 1 - with algorithms, 2, 292.429000, 51
837, 1 - with algorithms, 2, 367.189000, 54
838, 1 - with algorithms, 2, 268.764000, 52
839, 1 - with algorithms, 2, 293.921000, 51
840, 1 - with algorithms, 2, 342.634000, 52
841, 1 - with algorithms, 2, 360.056000, 51
842, 1 - with algorithms, 2, 275.517000, 52
843, 1 - with algorithms, 2, 254.548000, 48
844, 1 - with algorithms, 2, 170.991000, 51
845, 1 - with algorithms, 2, 311.334000, 52
846, 1 - with algorithms, 2, 290.696000, 52
847, 1 - with algorithms, 2, 311.876000, 51
848, 1 - with algorithms, 2, 473.759000, 54
849, 1 - with algorithms, 2, 309.892000, 49
850, 1 - with algorithms, 2, 255.921000, 55
851, 1 - with algorithms, 2, 307.267000, 52
852, 1 - with algorithms, 2, 638.719000, 53
853, 1 - with algorithms, 2, 230.061000, 55
854, 1 - with algorithms, 2, 180.458000, 54
855, 1 - with algorithms, 2, 262.002000, 46
856, 1 - with algorithms, 2, 420.769000, 54
857, 1 - with algorithms, 2, 281.068000, 52
858, 1 - with algorithms, 2, 315.392000, 52
859, 1 - with algorithms, 2, 171.642000, 51
860, 1 - with algorithms, 2, 350.418000, 51
861, 1 - with algorithms, 2, 327.124000, 50
862, 1 - with algorithms, 2, 324.790000, 46
863, 1 - with algorithms, 2, 173.276000, 52
864, 1 - with algorithms, 2, 293.962000, 50
865, 1 - with algorithms, 2, 169.148000, 50
866, 1 - with algorithms, 2, 217.849000, 53
867, 1 - with algorithms, 2, 312.146000, 51
868, 1 - with algorithms, 2, 357.231000, 53
869, 1 - with algorithms, 2, 185.738000, 56
870, 1 - with algorithms, 2, 288.581000, 52
871, 1 - with algorithms, 2, 430.939000, 53
872, 1 - with algorithms, 2, 261.691000, 53
873, 1 - with algorithms, 2, 164.268000, 48
874, 1 - with algorithms, 2, 264.877000, 51
875, 1 - with algorithms, 2, 260.428000, 47
876, 1 - with algorithms, 2, 591.359000, 74
877, 1 - with algorithms, 2, 316.825000, 51
878, 1 - with algorithms, 2, 214.242000, 51
879, 1 - with algorithms, 2, 333.436000, 55
880, 1 - with algorithms, 2, 284.964000, 54
881, 1 - with algorithms, 2, 274.565000, 54
882, 1 - with algorithms, 2, 656.593000, 53
883, 1 - with algorithms, 2, 176.361000, 52
884, 1 - with algorithms, 2, 425.288000, 55
885, 1 - with algorithms, 2, 178.876000, 53
886, 1 - with algorithms, 2, 256.131000, 51
887, 1 - with algorithms, 2, 171.732000, 51
888, 1 - with algorithms, 2, 159.559000, 47
889, 1 - with algorithms, 2, 264.266000, 51
890, 1 - with algorithms, 2, 355.989000, 52
891, 1 - with algorithms, 2, 245.050000, 53
892, 1 - with algorithms, 2, 288.632000, 50
893, 1 - with algorithms, 2, 405.341000, 54
894, 1 - with algorithms, 2, 164.139000, 48
895, 1 - with algorithms, 2, 218.871000, 52
896, 1 - with algorithms, 2, 317.987000, 54
897, 1 - with algorithms, 2, 279.865000, 51
898, 1 - with algorithms, 2, 160.782000, 47
899, 1 - with algorithms, 2, 324.519000, 51
900, 1 - with algorithms, 2, 388.248000, 52
901, 1 - with algorithms, 2, 169.979000, 51
902, 1 - with algorithms, 2, 176.020000, 53
903, 1 - with algorithms, 2, 308.949000, 54
904, 1 - with algorithms, 2, 237.536000, 54
905, 1 - with algorithms, 2, 333.365000, 53
906, 1 - with algorithms, 2, 166.202000, 48
907, 1 - with algorithms, 2, 323.086000, 52
908, 1 - with algorithms, 2, 364.274000, 54
909, 1 - with algorithms, 2, 378.580000, 53
910, 1 - with algorithms, 2, 173.676000, 52
911, 1 - with algorithms, 2, 514.215000, 52
912, 1 - with algorithms, 2, 439.605000, 55
913, 1 - with algorithms, 2, 253.495000, 51
914, 1 - with algorithms, 2, 601.088000, 53
915, 1 - with algorithms, 2, 180.169000, 52
916, 1 - with algorithms, 2, 176.832000, 53
917, 1 - with algorithms, 2, 369.373000, 50
918, 1 - with algorithms, 2, 168.366000, 50
919, 1 - with algorithms, 2, 372.659000, 56
920, 1 - with algorithms, 2, 176.291000, 53
921, 1 - with algorithms, 2, 443.042000, 53
922, 1 - with algorithms, 2, 282.460000, 55
923, 1 - with algorithms, 2, 286.297000, 54
924, 1 - with algorithms, 2, 657.504000, 54
925, 1 - with algorithms, 2, 262.653000, 50
926, 1 - with algorithms, 2, 516.830000, 72
927, 1 - with algorithms, 2, 346.300000, 56
928, 1 - with algorithms, 2, 310.543000, 52
929, 1 - with algorithms, 2, 168.446000, 50
930, 1 - with algorithms, 2, 179.657000, 54
931, 1 - with algorithms, 2, 165.781000, 49
932, 1 - with algorithms, 2, 267.973000, 54
933, 1 - with algorithms, 2, 268.845000, 50
934, 1 - with algorithms, 2, 165.711000, 49
935, 1 - with algorithms, 2, 472.307000, 54
936, 1 - with algorithms, 2, 296.046000, 53
937, 1 - with algorithms, 2, 433.714000, 54
938, 1 - with algorithms, 2, 1464.298000, 89
939, 1 - with algorithms, 2, 215.104000, 49
940, 1 - with algorithms, 2, 423.184000, 54
941, 1 - with algorithms, 2, 426.410000, 53
942, 1 - with algorithms, 2, 244.499000, 48
943, 1 - with algorithms, 2, 170.700000, 51
944, 1 - with algorithms, 2, 365.346000, 53
945, 1 - with algorithms, 2, 264.386000, 51
946, 1 - with algorithms, 2, 171.803000, 52
947, 1 - with algorithms, 2, 175.740000, 52
948, 1 - with algorithms, 2, 169.528000, 51
949, 1 - with algorithms, 2, 462.498000, 52
950, 1 - with algorithms, 2, 181.921000, 55
951, 1 - with algorithms, 2, 264.687000, 51
952, 1 - with algorithms, 2, 312.927000, 53
953, 1 - with algorithms, 2, 264.577000, 52
954, 1 - with algorithms, 2, 329.729000, 50
955, 1 - with algorithms, 2, 291.758000, 53
956, 1 - with algorithms, 2, 172.373000, 52
957, 1 - with algorithms, 2, 330.220000, 50
958, 1 - with algorithms, 2, 389.802000, 51
959, 1 - with algorithms, 2, 302.658000, 52
960, 1 - with algorithms, 2, 1446.826000, 93
961, 1 - with algorithms, 2, 173.024000, 52
962, 1 - with algorithms, 2, 237.646000, 53
963, 1 - with algorithms, 2, 174.668000, 52
964, 1 - with algorithms, 2, 170.771000, 50
965, 1 - with algorithms, 2, 267.342000, 47
966, 1 - with algorithms, 2, 271.630000, 52
967, 1 - with algorithms, 2, 178.895000, 54
968, 1 - with algorithms, 2, 398.768000, 55
969, 1 - with algorithms, 2, 600.758000, 52
970, 1 - with algorithms, 2, 167.935000, 50
971, 1 - with algorithms, 2, 279.786000, 50
972, 1 - with algorithms, 2, 168.286000, 50
973, 1 - with algorithms, 2, 262.833000, 51
974, 1 - with algorithms, 2, 348.775000, 52
975, 1 - with algorithms, 2, 171.703000, 52
976, 1 - with algorithms, 2, 171.772000, 51
977, 1 - with algorithms, 2, 415.249000, 53
978, 1 - with algorithms, 2, 297.789000, 52
979, 1 - with algorithms, 2, 352.321000, 53
980, 1 - with algorithms, 2, 333.115000, 52
981, 1 - with algorithms, 2, 547.878000, 51
982, 1 - with algorithms, 2, 184.637000, 56
983, 1 - with algorithms, 2, 241.023000, 52
984, 1 - with algorithms, 2, 213.150000, 49
985, 1 - with algorithms, 2, 322.025000, 52
986, 1 - with algorithms, 2, 285.055000, 52
987, 1 - with algorithms, 2, 163.817000, 49
988, 1 - with algorithms, 2, 313.728000, 53
989, 1 - with algorithms, 2, 278.293000, 51
990, 1 - with algorithms, 2, 299.142000, 51
991, 1 - with algorithms, 2, 407.775000, 50
992, 1 - with algorithms, 2, 304.772000, 52
993, 1 - with algorithms, 2, 167.685000, 50
994, 1 - with algorithms, 2, 215.034000, 50
995, 1 - with algorithms, 2, 275.157000, 51
996, 1 - with algorithms, 2, 170.220000, 51
997, 1 - with algorithms, 2, 276.649000, 53
998, 1 - with algorithms, 2, 307.197000, 52
999, 1 - with algorithms, 2, 294.012000, 55
1000, 1 - with algorithms, 2, 364.144000, 52
1001, 1 - with algorithms, 2, 312.777000, 53
1002, 1 - with algorithms, 2, 167.434000, 49
1003, 1 - with algorithms, 2, 291.297000, 51
1004, 1 - with algorithms, 2, 277.070000, 55
1005, 1 - with algorithms, 2, 316.985000, 52
1006, 1 - with algorithms, 2, 168.557000, 50
1007, 1 - with algorithms, 2, 279.124000, 56
1008, 1 - with algorithms, 2, 178.405000, 54
1009, 1 - with algorithms, 2, 174.126000, 52
1010, 1 - with algorithms, 2, 230.532000, 53
1011, 1 - with algorithms, 2, 247.194000, 53
1012, 1 - with algorithms, 2, 364.073000, 53
1013, 1 - with algorithms, 2, 175.009000, 52
1014, 1 - with algorithms, 2, 168.246000, 50
1015, 1 - with algorithms, 2, 280.566000, 52
1016, 1 - with algorithms, 2, 315.402000, 51
1017, 1 - with algorithms, 2, 174.087000, 52
1018, 1 - with algorithms, 2, 173.997000, 51
1019, 1 - with algorithms, 2, 393.839000, 51
1020, 1 - with algorithms, 2, 363.101000, 55
1021, 1 - with algorithms, 2, 322.996000, 51
1022, 1 - with algorithms, 2, 312.426000, 50
1023, 1 - with algorithms, 2, 339.227000, 51
1024, 1 - with algorithms, 2, 298.099000, 54
1025, 1 - with algorithms, 2, 279.895000, 52
1026, 1 - with algorithms, 2, 170.570000, 50
1027, 1 - with algorithms, 2, 688.412000, 54
1028, 1 - with algorithms, 2, 165.261000, 48
1029, 1 - with algorithms, 2, 341.201000, 52
1030, 1 - with algorithms, 2, 295.325000, 50
1031, 1 - with algorithms, 2, 293.360000, 53
1032, 1 - with algorithms, 2, 355.868000, 50
1033, 1 - with algorithms, 2, 186.210000, 56
1034, 1 - with algorithms, 2, 227.397000, 52
1035, 1 - with algorithms, 2, 367.460000, 51
1036, 1 - with algorithms, 2, 226.695000, 51
1037, 1 - with algorithms, 2, 270.298000, 52
1038, 1 - with algorithms, 2, 331.552000, 51
1039, 1 - with algorithms, 2, 335.340000, 54
1040, 1 - with algorithms, 2, 285.236000, 54
1041, 1 - with algorithms, 2, 347.422000, 52
1042, 1 - with algorithms, 2, 175.179000, 52
1043, 1 - with algorithms, 2, 282.219000, 51
1044, 1 - with algorithms, 2, 335.319000, 53
1045, 1 - with algorithms, 2, 404.890000, 48
1046, 1 - with algorithms, 2, 402.836000, 53
1047, 1 - with algorithms, 2, 517.161000, 54
1048, 1 - with algorithms, 2, 170.800000, 51
1049, 1 - with algorithms, 2, 173.716000, 51
1050, 1 - with algorithms, 2, 349.536000, 53
1051, 1 - with algorithms, 2, 286.147000, 51
1052, 1 - with algorithms, 2, 426.641000, 69
1053, 1 - with algorithms, 2, 307.647000, 53
1054, 1 - with algorithms, 2, 159.509000, 46
1055, 1 - with algorithms, 2, 185.628000, 55
1056, 1 - with algorithms, 2, 447.249000, 53
1057, 1 - with algorithms, 2, 228.008000, 53
1058, 1 - with algorithms, 2, 172.444000, 51
1059, 1 - with algorithms, 2, 175.689000, 52
1060, 1 - with algorithms, 2, 423.935000, 67
1061, 1 - with algorithms, 2, 167.605000, 49
1062, 1 - with algorithms, 2, 306.065000, 52
1063, 1 - with algorithms, 2, 217.809000, 51
1064, 1 - with algorithms, 2, 422.272000, 55
1065, 1 - with algorithms, 2, 362.330000, 52
1066, 1 - with algorithms, 2, 452.619000, 51
1067, 1 - with algorithms, 2, 285.335000, 51
1068, 1 - with algorithms, 2, 229.460000, 55
1069, 1 - with algorithms, 2, 322.415000, 49
1070, 1 - with algorithms, 2, 302.087000, 53
1071, 1 - with algorithms, 2, 162.856000, 48
1072, 1 - with algorithms, 2, 334.839000, 53
1073, 1 - with algorithms, 2, 735.911000, 79
1074, 1 - with algorithms, 2, 303.399000, 51
1075, 1 - with algorithms, 2, 181.521000, 53
1076, 1 - with algorithms, 2, 286.858000, 52
1077, 1 - with algorithms, 2, 314.731000, 53
1078, 1 - with algorithms, 2, 392.957000, 53
1079, 1 - with algorithms, 2, 183.565000, 55
1080, 1 - with algorithms, 2, 217.518000, 49
1081, 1 - with algorithms, 2, 301.025000, 51
1082, 1 - with algorithms, 2, 184.837000, 56
1083, 1 - with algorithms, 2, 335.951000, 51
1084, 1 - with algorithms, 2, 527.570000, 55
1085, 1 - with algorithms, 2, 266.931000, 52
1086, 1 - with algorithms, 2, 404.800000, 52
1087, 1 - with algorithms, 2, 282.911000, 51
1088, 1 - with algorithms, 2, 336.171000, 50
1089, 1 - with algorithms, 2, 202.049000, 46
1090, 1 - with algorithms, 2, 278.131000, 51
1091, 1 - with algorithms, 2, 211.196000, 51
1092, 1 - with algorithms, 2, 255.439000, 51
1093, 1 - with algorithms, 2, 306.365000, 54
1094, 1 - with algorithms, 2, 428.765000, 55
1095, 1 - with algorithms, 2, 325.511000, 51
1096, 1 - with algorithms, 2, 470.383000, 49
1097, 1 - with algorithms, 2, 284.314000, 50
1098, 1 - with algorithms, 2, 347.643000, 54
1099, 1 - with algorithms, 2, 255.580000, 51
1100, 1 - with algorithms, 2, 289.393000, 51
1101, 1 - with algorithms, 2, 522.691000, 54
1102, 1 - with algorithms, 2, 351.229000, 53
1103, 1 - with algorithms, 2, 399.620000, 54
1104, 1 - with algorithms, 2, 308.349000, 51
1105, 1 - with algorithms, 2, 322.486000, 53
1106, 1 - with algorithms, 2, 266.600000, 51
1107, 1 - with algorithms, 2, 240.602000, 55
1108, 1 - with algorithms, 2, 298.380000, 54
1109, 1 - with algorithms, 2, 263.895000, 50
1110, 1 - with algorithms, 2, 173.726000, 52
1111, 1 - with algorithms, 2, 444.524000, 52
1112, 1 - with algorithms, 2, 264.437000, 53
1113, 1 - with algorithms, 2, 352.311000, 50
1114, 1 - with algorithms, 2, 317.987000, 53
1115, 1 - with algorithms, 2, 357.621000, 52
1116, 1 - with algorithms, 2, 298.260000, 53
1117, 1 - with algorithms, 2, 386.756000, 53
1118, 1 - with algorithms, 2, 388.630000, 54
1119, 1 - with algorithms, 2, 315.943000, 52
1120, 1 - with algorithms, 2, 354.185000, 53
1121, 1 - with algorithms, 2, 287.710000, 51
1122, 1 - with algorithms, 2, 385.974000, 53
1123, 1 - with algorithms, 2, 745.740000, 88
1124, 1 - with algorithms, 2, 176.381000, 52
1125, 1 - with algorithms, 2, 268.634000, 51
1126, 1 - with algorithms, 2, 172.093000, 51
1127, 1 - with algorithms, 2, 419.117000, 53
1128, 1 - with algorithms, 2, 323.597000, 54
1129, 1 - with algorithms, 2, 490.420000, 54
1130, 1 - with algorithms, 2, 256.601000, 47
1131, 1 - with algorithms, 2, 179.136000, 53
1132, 1 - with algorithms, 2, 318.438000, 50
1133, 1 - with algorithms, 2, 162.756000, 48
1134, 1 - with algorithms, 2, 275.477000, 52
1135, 1 - with algorithms, 2, 571.703000, 51
1136, 1 - with algorithms, 2, 287.219000, 48
1137, 1 - with algorithms, 2, 279.063000, 54
1138, 1 - with algorithms, 2, 175.500000, 53
1139, 1 - with algorithms, 2, 279.334000, 54
1140, 1 - with algorithms, 2, 265.388000, 51
1141, 1 - with algorithms, 2, 265.819000, 51
1142, 1 - with algorithms, 2, 163.898000, 48
1143, 1 - with algorithms, 2, 323.887000, 51
1144, 1 - with algorithms, 2, 458.150000, 52
1145, 1 - with algorithms, 2, 227.708000, 53
1146, 1 - with algorithms, 2, 278.212000, 52
1147, 1 - with algorithms, 2, 264.416000, 54
1148, 1 - with algorithms, 2, 265.228000, 55
1149, 1 - with algorithms, 2, 895.360000, 77
1150, 1 - with algorithms, 2, 157.606000, 46
1151, 1 - with algorithms, 2, 268.785000, 52
1152, 1 - with algorithms, 2, 177.062000, 53
1153, 1 - with algorithms, 2, 466.565000, 53
1154, 1 - with algorithms, 2, 319.690000, 51
1155, 1 - with algorithms, 2, 403.447000, 53
1156, 1 - with algorithms, 2, 299.902000, 53
1157, 1 - with algorithms, 2, 301.986000, 55
1158, 1 - with algorithms, 2, 336.341000, 53
1159, 1 - with algorithms, 2, 450.476000, 53
1160, 1 - with algorithms, 2, 171.252000, 51
1161, 1 - with algorithms, 2, 338.525000, 56
1162, 1 - with algorithms, 2, 360.667000, 50
1163, 1 - with algorithms, 2, 321.494000, 52
1164, 1 - with algorithms, 2, 295.475000, 53
1165, 1 - with algorithms, 2, 180.719000, 55
1166, 1 - with algorithms, 2, 250.750000, 49
1167, 1 - with algorithms, 2, 265.198000, 51
1168, 1 - with algorithms, 2, 332.253000, 54
1169, 1 - with algorithms, 2, 269.536000, 53
1170, 1 - with algorithms, 2, 168.957000, 50
1171, 1 - with algorithms, 2, 313.197000, 53
1172, 1 - with algorithms, 2, 266.349000, 51
1173, 1 - with algorithms, 2, 368.332000, 53
1174, 1 - with algorithms, 2, 174.337000, 52
1175, 1 - with algorithms, 2, 292.630000, 49
1176, 1 - with algorithms, 2, 175.419000, 51
1177, 1 - with algorithms, 2, 280.827000, 52
1178, 1 - with algorithms, 2, 567.776000, 54
1179, 1 - with algorithms, 2, 316.885000, 54
1180, 1 - with algorithms, 2, 290.956000, 51
1181, 1 - with algorithms, 2, 308.739000, 51
1182, 1 - with algorithms, 2, 266.891000, 51
1183, 1 - with algorithms, 2, 181.461000, 54
1184, 1 - with algorithms, 2, 298.901000, 53
1185, 1 - with algorithms, 2, 362.581000, 56
1186, 1 - with algorithms, 2, 264.446000, 50
1187, 1 - with algorithms, 2, 284.904000, 51
1188, 1 - with algorithms, 2, 293.662000, 51
1189, 1 - with algorithms, 2, 182.512000, 55
1190, 1 - with algorithms, 2, 350.097000, 55
1191, 1 - with algorithms, 2, 330.310000, 51
1192, 1 - with algorithms, 2, 381.335000, 54
1193, 1 - with algorithms, 2, 170.360000, 51
1194, 1 - with algorithms, 2, 279.715000, 53
1195, 1 - with algorithms, 2, 378.651000, 55
1196, 1 - with algorithms, 2, 278.603000, 52
1197, 1 - with algorithms, 2, 328.446000, 47
1198, 1 - with algorithms, 2, 298.460000, 54
1199, 1 - with algorithms, 2, 357.481000, 53
1200, 1 - with algorithms, 218, 353.794000, 40
1201, 1 - with algorithms, 3, 620.865000, 56
1202, 1 - with algorithms, 3, 386.105000, 55
1203, 1 - with algorithms, 3, 407.364000, 53
1204, 1 - with algorithms, 3, 184.025000, 55
1205, 1 - with algorithms, 3, 329.389000, 49
1206, 1 - with algorithms, 3, 219.222000, 51
1207, 1 - with algorithms, 3, 296.266000, 52
1208, 1 - with algorithms, 3, 416.442000, 54
1209, 1 - with algorithms, 3, 364.404000, 54
1210, 1 - with algorithms, 3, 292.549000, 52
1211, 1 - with algorithms, 3, 301.746000, 56
1212, 1 - with algorithms, 3, 401.173000, 51
1213, 1 - with algorithms, 3, 360.827000, 54
1214, 1 - with algorithms, 3, 649.108000, 56
1215, 1 - with algorithms, 3, 290.145000, 54
1216, 1 - with algorithms, 3, 552.307000, 55
1217, 1 - with algorithms, 3, 696.757000, 79
1218, 1 - with algorithms, 3, 731.132000, 56
1219, 1 - with algorithms, 3, 291.558000, 55
1220, 1 - with algorithms, 3, 765.597000, 56
1221, 1 - with algorithms, 3, 480.532000, 55
1222, 1 - with algorithms, 3, 368.242000, 50
1223, 1 - with algorithms, 3, 321.905000, 51
1224, 1 - with algorithms, 3, 371.347000, 51
1225, 1 - with algorithms, 3, 458.741000, 54
1226, 1 - with algorithms, 3, 320.502000, 52
1227, 1 - with algorithms, 3, 395.642000, 56
1228, 1 - with algorithms, 3, 371.698000, 55
1229, 1 - with algorithms, 3, 194.455000, 57
1230, 1 - with algorithms, 3, 348.264000, 55
1231, 1 - with algorithms, 3, 340.950000, 57
1232, 1 - with algorithms, 3, 668.154000, 58
1233, 1 - with algorithms, 3, 378.961000, 53
1234, 1 - with algorithms, 3, 471.265000, 53
1235, 1 - with algorithms, 3, 519.515000, 53
1236, 1 - with algorithms, 3, 418.425000, 54
1237, 1 - with algorithms, 3, 516.339000, 55
1238, 1 - with algorithms, 3, 502.614000, 54
1239, 1 - with algorithms, 3, 506.711000, 53
1240, 1 - with algorithms, 3, 355.317000, 52
1241, 1 - with algorithms, 3, 519.274000, 55
1242, 1 - with algorithms, 3, 453.381000, 52
1243, 1 - with algorithms, 3, 315.202000, 51
1244, 1 - with algorithms, 3, 280.196000, 46
1245, 1 - with algorithms, 3, 521.408000, 55
1246, 1 - with algorithms, 3, 849.424000, 70
1247, 1 - with algorithms, 3, 617.789000, 56
1248, 1 - with algorithms, 3, 529.384000, 55
1249, 1 - with algorithms, 3, 241.924000, 52
1250, 1 - with algorithms, 3, 318.548000, 51
1251, 1 - with algorithms, 3, 222.317000, 52
1252, 1 - with algorithms, 3, 465.504000, 52
1253, 1 - with algorithms, 3, 332.043000, 53
1254, 1 - with algorithms, 3, 357.480000, 53
1255, 1 - with algorithms, 3, 301.185000, 49
1256, 1 - with algorithms, 3, 331.883000, 51
1257, 1 - with algorithms, 3, 327.585000, 53
1258, 1 - with algorithms, 3, 354.636000, 53
1259, 1 - with algorithms, 3, 844.676000, 55
1260, 1 - with algorithms, 3, 339.938000, 55
1261, 1 - with algorithms, 3, 382.929000, 56
1262, 1 - with algorithms, 3, 317.225000, 52
1263, 1 - with algorithms, 3, 284.655000, 53
1264, 1 - with algorithms, 3, 2025.562000, 160
1265, 1 - with algorithms, 3, 325.091000, 57
1266, 1 - with algorithms, 3, 690.556000, 56
1267, 1 - with algorithms, 3, 1714.728000, 80
1268, 1 - with algorithms, 3, 474.430000, 54
1269, 1 - with algorithms, 3, 247.735000, 55
1270, 1 - with algorithms, 3, 293.160000, 52
1271, 1 - with algorithms, 3, 300.033000, 52
1272, 1 - with algorithms, 3, 442.571000, 56
1273, 1 - with algorithms, 3, 1337.570000, 53
1274, 1 - with algorithms, 3, 565.852000, 75
1275, 1 - with algorithms, 3, 386.635000, 55
1276, 1 - with algorithms, 3, 420.579000, 55
1277, 1 - with algorithms, 3, 416.803000, 53
1278, 1 - with algorithms, 3, 288.261000, 51
1279, 1 - with algorithms, 3, 291.988000, 55
1280, 1 - with algorithms, 3, 1043.518000, 94
1281, 1 - with algorithms, 3, 897.224000, 56
1282, 1 - with algorithms, 3, 430.287000, 55
1283, 1 - with algorithms, 3, 415.901000, 56
1284, 1 - with algorithms, 3, 409.910000, 53
1285, 1 - with algorithms, 3, 365.907000, 54
1286, 1 - with algorithms, 3, 322.455000, 52
1287, 1 - with algorithms, 3, 360.978000, 54
1288, 1 - with algorithms, 3, 190.508000, 55
1289, 1 - with algorithms, 3, 366.297000, 51
1290, 1 - with algorithms, 3, 313.879000, 53
1291, 1 - with algorithms, 3, 403.427000, 54
1292, 1 - with algorithms, 3, 795.814000, 57
1293, 1 - with algorithms, 3, 450.335000, 54
1294, 1 - with algorithms, 3, 499.327000, 57
1295, 1 - with algorithms, 3, 494.087000, 58
1296, 1 - with algorithms, 3, 437.351000, 54
1297, 1 - with algorithms, 3, 279.264000, 53
1298, 1 - with algorithms, 3, 1171.308000, 93
1299, 1 - with algorithms, 3, 508.284000, 58
1300, 1 - with algorithms, 3, 320.993000, 50
1301, 1 - with algorithms, 3, 1885.559000, 94
1302, 1 - with algorithms, 3, 813.116000, 55
1303, 1 - with algorithms, 3, 1733.583000, 105
1304, 1 - with algorithms, 3, 338.184000, 52
1305, 1 - with algorithms, 3, 382.097000, 53
1306, 1 - with algorithms, 3, 514.615000, 56
1307, 1 - with algorithms, 3, 247.143000, 51
1308, 1 - with algorithms, 3, 391.515000, 56
1309, 1 - with algorithms, 3, 590.959000, 53
1310, 1 - with algorithms, 3, 377.809000, 53
1311, 1 - with algorithms, 3, 932.931000, 71
1312, 1 - with algorithms, 3, 517.972000, 52
1313, 1 - with algorithms, 3, 298.500000, 54
1314, 1 - with algorithms, 3, 787.247000, 85
1315, 1 - with algorithms, 3, 690.907000, 67
1316, 1 - with algorithms, 3, 1477.794000, 131
1317, 1 - with algorithms, 3, 396.314000, 52
1318, 1 - with algorithms, 3, 589.466000, 54
1319, 1 - with algorithms, 3, 378.230000, 56
1320, 1 - with algorithms, 3, 419.918000, 54
1321, 1 - with algorithms, 3, 281.809000, 53
1322, 1 - with algorithms, 3, 302.107000, 53
1323, 1 - with algorithms, 3, 374.383000, 55
1324, 1 - with algorithms, 3, 2497.036000, 168
1325, 1 - with algorithms, 3, 433.344000, 54
1326, 1 - with algorithms, 3, 363.472000, 54
1327, 1 - with algorithms, 3, 677.612000, 54
1328, 1 - with algorithms, 3, 835.619000, 83
1329, 1 - with algorithms, 3, 391.695000, 54
1330, 1 - with algorithms, 3, 730.771000, 80
1331, 1 - with algorithms, 3, 3617.098000, 132
1332, 1 - with algorithms, 3, 305.303000, 51
1333, 1 - with algorithms, 3, 366.848000, 53
1334, 1 - with algorithms, 3, 353.263000, 53
1335, 1 - with algorithms, 3, 389.872000, 55
1336, 1 - with algorithms, 3, 996.110000, 75
1337, 1 - with algorithms, 3, 369.043000, 53
1338, 1 - with algorithms, 3, 439.494000, 54
1339, 1 - with algorithms, 3, 353.773000, 53
1340, 1 - with algorithms, 3, 808.397000, 81
1341, 1 - with algorithms, 3, 465.994000, 53
1342, 1 - with algorithms, 3, 874.722000, 95
1343, 1 - with algorithms, 3, 422.012000, 56
1344, 1 - with algorithms, 3, 1014.293000, 53
1345, 1 - with algorithms, 3, 362.120000, 54
1346, 1 - with algorithms, 3, 437.962000, 51
1347, 1 - with algorithms, 3, 376.076000, 54
1348, 1 - with algorithms, 3, 281.218000, 51
1349, 1 - with algorithms, 3, 1524.441000, 76
1350, 1 - with algorithms, 3, 520.937000, 55
1351, 1 - with algorithms, 3, 310.412000, 50
1352, 1 - with algorithms, 3, 391.224000, 53
1353, 1 - with algorithms, 3, 438.844000, 52
1354, 1 - with algorithms, 3, 241.854000, 48
1355, 1 - with algorithms, 3, 283.312000, 57
1356, 1 - with algorithms, 3, 329.739000, 54
1357, 1 - with algorithms, 3, 475.402000, 67
1358, 1 - with algorithms, 3, 487.254000, 54
1359, 1 - with algorithms, 3, 474.932000, 53
1360, 1 - with algorithms, 3, 389.521000, 54
1361, 1 - with algorithms, 3, 385.413000, 54
1362, 1 - with algorithms, 3, 383.771000, 53
1363, 1 - with algorithms, 3, 288.211000, 52
1364, 1 - with algorithms, 3, 742.894000, 54
1365, 1 - with algorithms, 3, 637.847000, 57
1366, 1 - with algorithms, 3, 309.140000, 53
1367, 1 - with algorithms, 3, 374.202000, 54
1368, 1 - with algorithms, 3, 225.704000, 55
1369, 1 - with algorithms, 3, 349.586000, 55
1370, 1 - with algorithms, 3, 570.090000, 55
1371, 1 - with algorithms, 3, 353.112000, 55
1372, 1 - with algorithms, 3, 537.920000, 54
1373, 1 - with algorithms, 3, 2392.640000, 93
1374, 1 - with algorithms, 3, 367.610000, 55
1375, 1 - with algorithms, 3, 497.544000, 52
1376, 1 - with algorithms, 3, 357.251000, 53
1377, 1 - with algorithms, 3, 475.001000, 55
1378, 1 - with algorithms, 3, 388.639000, 50
1379, 1 - with algorithms, 3, 1001.400000, 84
1380, 1 - with algorithms, 3, 747.743000, 57
1381, 1 - with algorithms, 3, 298.089000, 52
1382, 1 - with algorithms, 3, 439.344000, 54
1383, 1 - with algorithms, 3, 321.804000, 51
1384, 1 - with algorithms, 3, 338.906000, 54
1385, 1 - with algorithms, 3, 911.912000, 91
1386, 1 - with algorithms, 3, 2375.949000, 93
1387, 1 - with algorithms, 3, 632.407000, 54
1388, 1 - with algorithms, 3, 506.170000, 55
1389, 1 - with algorithms, 3, 333.055000, 53
1390, 1 - with algorithms, 3, 229.982000, 56
1391, 1 - with algorithms, 3, 293.310000, 51
1392, 1 - with algorithms, 3, 297.268000, 51
1393, 1 - with algorithms, 3, 446.278000, 53
1394, 1 - with algorithms, 3, 290.805000, 54
1395, 1 - with algorithms, 3, 352.792000, 52
1396, 1 - with algorithms, 3, 376.377000, 55
1397, 1 - with algorithms, 3, 490.290000, 78
1398, 1 - with algorithms, 3, 330.120000, 54
1399, 1 - with algorithms, 3, 301.475000, 54
1400, 1 - with algorithms, 3, 466.906000, 56
1401, 1 - with algorithms, 3, 1136.033000, 93
1402, 1 - with algorithms, 3, 1236.891000, 83
1403, 1 - with algorithms, 3, 389.641000, 52
1404, 1 - with algorithms, 3, 325.781000, 54
1405, 1 - with algorithms, 3, 552.076000, 54
1406, 1 - with algorithms, 3, 305.954000, 52
1407, 1 - with algorithms, 3, 411.032000, 54
1408, 1 - with algorithms, 3, 175.489000, 53
1409, 1 - with algorithms, 3, 1166.289000, 91
1410, 1 - with algorithms, 3, 318.828000, 55
1411, 1 - with algorithms, 3, 348.834000, 49
1412, 1 - with algorithms, 3, 389.761000, 57
1413, 1 - with algorithms, 3, 441.058000, 56
1414, 1 - with algorithms, 3, 294.542000, 54
1415, 1 - with algorithms, 3, 344.717000, 52
1416, 1 - with algorithms, 3, 391.154000, 54
1417, 1 - with algorithms, 3, 291.187000, 54
1418, 1 - with algorithms, 3, 369.163000, 53
1419, 1 - with algorithms, 3, 225.022000, 51
1420, 1 - with algorithms, 3, 300.985000, 53
1421, 1 - with algorithms, 3, 379.272000, 55
1422, 1 - with algorithms, 3, 408.336000, 54
1423, 1 - with algorithms, 3, 278.032000, 51
1424, 1 - with algorithms, 3, 912.132000, 53
1425, 1 - with algorithms, 3, 826.872000, 53
1426, 1 - with algorithms, 3, 522.190000, 54
1427, 1 - with algorithms, 3, 286.067000, 51
1428, 1 - with algorithms, 3, 343.054000, 55
1429, 1 - with algorithms, 3, 488.647000, 55
1430, 1 - with algorithms, 3, 438.804000, 54
1431, 1 - with algorithms, 3, 325.120000, 53
1432, 1 - with algorithms, 3, 365.256000, 54
1433, 1 - with algorithms, 3, 433.313000, 54
1434, 1 - with algorithms, 3, 733.186000, 112
1435, 1 - with algorithms, 3, 403.677000, 55
1436, 1 - with algorithms, 3, 445.737000, 56
1437, 1 - with algorithms, 3, 1661.628000, 124
1438, 1 - with algorithms, 3, 332.624000, 53
1439, 1 - with algorithms, 3, 538.480000, 55
1440, 1 - with algorithms, 3, 314.219000, 54
1441, 1 - with algorithms, 3, 411.151000, 53
1442, 1 - with algorithms, 3, 310.613000, 55
1443, 1 - with algorithms, 3, 324.429000, 52
1444, 1 - with algorithms, 3, 300.144000, 53
1445, 1 - with algorithms, 3, 400.030000, 53
1446, 1 - with algorithms, 3, 342.001000, 54
1447, 1 - with algorithms, 3, 303.149000, 52
1448, 1 - with algorithms, 3, 181.120000, 55
1449, 1 - with algorithms, 3, 2032.795000, 135
1450, 1 - with algorithms, 3, 1774.250000, 54
1451, 1 - with algorithms, 3, 373.481000, 53
1452, 1 - with algorithms, 3, 371.958000, 55
1453, 1 - with algorithms, 3, 312.687000, 53
1454, 1 - with algorithms, 3, 314.730000, 51
1455, 1 - with algorithms, 3, 418.385000, 56
1456, 1 - with algorithms, 3, 408.517000, 54
1457, 1 - with algorithms, 3, 308.579000, 54
1458, 1 - with algorithms, 3, 329.618000, 55
1459, 1 - with algorithms, 3, 1156.721000, 85
1460, 1 - with algorithms, 3, 334.979000, 52
1461, 1 - with algorithms, 3, 290.074000, 53
1462, 1 - with algorithms, 3, 726.684000, 76
1463, 1 - with algorithms, 3, 444.985000, 55
1464, 1 - with algorithms, 3, 417.774000, 54
1465, 1 - with algorithms, 3, 712.668000, 52
1466, 1 - with algorithms, 3, 1033.330000, 59
1467, 1 - with algorithms, 3, 431.099000, 52
1468, 1 - with algorithms, 3, 554.241000, 54
1469, 1 - with algorithms, 3, 260.569000, 52
1470, 1 - with algorithms, 3, 496.963000, 54
1471, 1 - with algorithms, 3, 572.505000, 51
1472, 1 - with algorithms, 3, 297.359000, 48
1473, 1 - with algorithms, 3, 531.327000, 55
1474, 1 - with algorithms, 3, 902.804000, 109
1475, 1 - with algorithms, 3, 323.357000, 50
1476, 1 - with algorithms, 3, 439.034000, 54
1477, 1 - with algorithms, 3, 377.158000, 54
1478, 1 - with algorithms, 3, 932.520000, 68
1479, 1 - with algorithms, 3, 399.008000, 50
1480, 1 - with algorithms, 3, 476.555000, 56
1481, 1 - with algorithms, 3, 251.933000, 56
1482, 1 - with algorithms, 3, 350.979000, 53
1483, 1 - with algorithms, 3, 312.406000, 52
1484, 1 - with algorithms, 3, 289.043000, 51
1485, 1 - with algorithms, 3, 389.090000, 54
1486, 1 - with algorithms, 3, 380.604000, 51
1487, 1 - with algorithms, 3, 352.752000, 53
1488, 1 - with algorithms, 3, 712.517000, 80
1489, 1 - with algorithms, 3, 179.186000, 55
1490, 1 - with algorithms, 3, 283.382000, 51
1491, 1 - with algorithms, 3, 364.404000, 53
1492, 1 - with algorithms, 3, 502.162000, 55
1493, 1 - with algorithms, 3, 448.491000, 57
1494, 1 - with algorithms, 3, 275.988000, 51
1495, 1 - with algorithms, 3, 419.107000, 51
1496, 1 - with algorithms, 3, 605.055000, 58
1497, 1 - with algorithms, 3, 386.666000, 55
1498, 1 - with algorithms, 3, 310.724000, 55
1499, 1 - with algorithms, 3, 360.847000, 54
1500, 1 - with algorithms, 3, 953.259000, 82
1501, 1 - with algorithms, 3, 230.553000, 51
1502, 1 - with algorithms, 3, 825.429000, 76
1503, 1 - with algorithms, 3, 382.658000, 55
1504, 1 - with algorithms, 3, 743.235000, 50
1505, 1 - with algorithms, 3, 277.261000, 53
1506, 1 - with algorithms, 3, 510.558000, 55
1507, 1 - with algorithms, 3, 299.041000, 49
1508, 1 - with algorithms, 3, 1351.787000, 93
1509, 1 - with algorithms, 3, 416.342000, 52
1510, 1 - with algorithms, 3, 295.285000, 51
1511, 1 - with algorithms, 3, 532.709000, 56
1512, 1 - with algorithms, 3, 457.729000, 56
1513, 1 - with algorithms, 3, 369.814000, 53
1514, 1 - with algorithms, 3, 393.509000, 56
1515, 1 - with algorithms, 3, 378.530000, 56
1516, 1 - with algorithms, 3, 322.164000, 53
1517, 1 - with algorithms, 3, 360.036000, 54
1518, 1 - with algorithms, 3, 417.864000, 55
1519, 1 - with algorithms, 3, 326.042000, 52
1520, 1 - with algorithms, 3, 704.262000, 80
1521, 1 - with algorithms, 3, 447.901000, 53
1522, 1 - with algorithms, 3, 339.777000, 54
1523, 1 - with algorithms, 3, 1540.131000, 109
1524, 1 - with algorithms, 3, 381.567000, 52
1525, 1 - with algorithms, 3, 600.177000, 75
1526, 1 - with algorithms, 3, 502.232000, 58
1527, 1 - with algorithms, 3, 329.038000, 55
1528, 1 - with algorithms, 3, 547.277000, 52
1529, 1 - with algorithms, 3, 366.899000, 56
1530, 1 - with algorithms, 3, 299.873000, 51
1531, 1 - with algorithms, 3, 381.937000, 51
1532, 1 - with algorithms, 3, 291.757000, 52
1533, 1 - with algorithms, 3, 347.021000, 53
1534, 1 - with algorithms, 3, 291.477000, 57
1535, 1 - with algorithms, 3, 365.597000, 55
1536, 1 - with algorithms, 3, 739.859000, 54
1537, 1 - with algorithms, 3, 413.837000, 53
1538, 1 - with algorithms, 3, 515.437000, 54
1539, 1 - with algorithms, 3, 325.080000, 53
1540, 1 - with algorithms, 3, 426.831000, 54
1541, 1 - with algorithms, 3, 311.725000, 55
1542, 1 - with algorithms, 3, 346.069000, 51
1543, 1 - with algorithms, 3, 234.991000, 54
1544, 1 - with algorithms, 3, 369.684000, 55
1545, 1 - with algorithms, 3, 547.899000, 53
1546, 1 - with algorithms, 3, 635.473000, 79
1547, 1 - with algorithms, 3, 293.551000, 54
1548, 1 - with algorithms, 3, 295.134000, 55
1549, 1 - with algorithms, 3, 410.350000, 52
1550, 1 - with algorithms, 3, 554.821000, 53
1551, 1 - with algorithms, 3, 639.220000, 54
1552, 1 - with algorithms, 3, 298.601000, 52
1553, 1 - with algorithms, 3, 1221.232000, 80
1554, 1 - with algorithms, 3, 579.448000, 54
1555, 1 - with algorithms, 3, 301.025000, 52
1556, 1 - with algorithms, 3, 319.219000, 51
1557, 1 - with algorithms, 3, 397.586000, 54
1558, 1 - with algorithms, 3, 890.952000, 51
1559, 1 - with algorithms, 3, 458.100000, 55
1560, 1 - with algorithms, 3, 475.382000, 55
1561, 1 - with algorithms, 3, 364.734000, 55
1562, 1 - with algorithms, 3, 593.033000, 66
1563, 1 - with algorithms, 3, 179.758000, 55
1564, 1 - with algorithms, 3, 351.840000, 55
1565, 1 - with algorithms, 3, 1044.360000, 54
1566, 1 - with algorithms, 3, 391.505000, 56
1567, 1 - with algorithms, 3, 598.333000, 58
1568, 1 - with algorithms, 3, 528.542000, 72
1569, 1 - with algorithms, 3, 319.790000, 56
1570, 1 - with algorithms, 3, 280.036000, 53
1571, 1 - with algorithms, 3, 276.930000, 50
1572, 1 - with algorithms, 3, 734.167000, 55
1573, 1 - with algorithms, 3, 276.659000, 50
1574, 1 - with algorithms, 3, 229.902000, 52
1575, 1 - with algorithms, 3, 398.929000, 51
1576, 1 - with algorithms, 3, 325.981000, 54
1577, 1 - with algorithms, 3, 582.273000, 56
1578, 1 - with algorithms, 3, 395.482000, 47
1579, 1 - with algorithms, 3, 349.596000, 55
1580, 1 - with algorithms, 3, 374.964000, 53
1581, 1 - with algorithms, 3, 410.010000, 51
1582, 1 - with algorithms, 3, 648.286000, 91
1583, 1 - with algorithms, 3, 446.928000, 55
1584, 1 - with algorithms, 3, 335.950000, 54
1585, 1 - with algorithms, 3, 317.225000, 51
1586, 1 - with algorithms, 3, 446.538000, 52
1587, 1 - with algorithms, 3, 650.671000, 54
1588, 1 - with algorithms, 3, 306.205000, 51
1589, 1 - with algorithms, 3, 433.113000, 54
1590, 1 - with algorithms, 3, 342.283000, 53
1591, 1 - with algorithms, 3, 396.935000, 54
1592, 1 - with algorithms, 3, 726.714000, 69
1593, 1 - with algorithms, 3, 343.344000, 55
1594, 1 - with algorithms, 3, 546.726000, 54
1595, 1 - with algorithms, 3, 365.746000, 54
1596, 1 - with algorithms, 3, 429.466000, 53
1597, 1 - with algorithms, 3, 839.877000, 82
1598, 1 - with algorithms, 3, 271.740000, 51
1599, 1 - with algorithms, 3, 301.526000, 52
1600, 1 - with algorithms, 3, 453.621000, 55
1601, 1 - with algorithms, 3, 468.940000, 53
1602, 1 - with algorithms, 3, 407.275000, 51
1603, 1 - with algorithms, 3, 291.387000, 50
1604, 1 - with algorithms, 3, 407.755000, 64
1605, 1 - with algorithms, 3, 221.296000, 53
1606, 1 - with algorithms, 3, 521.148000, 54
1607, 1 - with algorithms, 3, 439.224000, 52
1608, 1 - with algorithms, 3, 1120.042000, 52
1609, 1 - with algorithms, 3, 333.847000, 52
1610, 1 - with algorithms, 3, 308.128000, 54
1611, 1 - with algorithms, 3, 1006.459000, 91
1612, 1 - with algorithms, 3, 329.729000, 54
1613, 1 - with algorithms, 3, 319.800000, 55
1614, 1 - with algorithms, 3, 440.326000, 54
1615, 1 - with algorithms, 3, 380.955000, 54
1616, 1 - with algorithms, 3, 354.325000, 54
1617, 1 - with algorithms, 3, 221.816000, 52
1618, 1 - with algorithms, 3, 371.848000, 56
1619, 1 - with algorithms, 3, 448.813000, 52
1620, 1 - with algorithms, 3, 289.183000, 50
1621, 1 - with algorithms, 3, 446.028000, 55
1622, 1 - with algorithms, 3, 463.049000, 51
1623, 1 - with algorithms, 3, 532.670000, 53
1624, 1 - with algorithms, 3, 353.143000, 52
1625, 1 - with algorithms, 3, 173.807000, 53
1626, 1 - with algorithms, 3, 301.396000, 55
1627, 1 - with algorithms, 3, 494.338000, 55
1628, 1 - with algorithms, 3, 420.229000, 54
1629, 1 - with algorithms, 3, 412.444000, 55
1630, 1 - with algorithms, 3, 339.757000, 53
1631, 1 - with algorithms, 3, 355.267000, 53
1632, 1 - with algorithms, 3, 724.710000, 69
1633, 1 - with algorithms, 3, 275.617000, 53
1634, 1 - with algorithms, 3, 392.616000, 54
1635, 1 - with algorithms, 3, 336.061000, 49
1636, 1 - with algorithms, 3, 460.835000, 52
1637, 1 - with algorithms, 3, 311.775000, 53
1638, 1 - with algorithms, 3, 306.705000, 54
1639, 1 - with algorithms, 3, 342.573000, 52
1640, 1 - with algorithms, 3, 447.761000, 53
1641, 1 - with algorithms, 3, 442.610000, 56
1642, 1 - with algorithms, 3, 633.419000, 49
1643, 1 - with algorithms, 3, 299.602000, 54
1644, 1 - with algorithms, 3, 824.057000, 83
1645, 1 - with algorithms, 3, 517.421000, 54
1646, 1 - with algorithms, 3, 455.325000, 54
1647, 1 - with algorithms, 3, 383.450000, 52
1648, 1 - with algorithms, 3, 409.389000, 55
1649, 1 - with algorithms, 3, 404.690000, 54
1650, 1 - with algorithms, 3, 278.844000, 54
1651, 1 - with algorithms, 3, 526.368000, 71
1652, 1 - with algorithms, 3, 260.439000, 51
1653, 1 - with algorithms, 3, 312.817000, 53
1654, 1 - with algorithms, 3, 311.184000, 52
1655, 1 - with algorithms, 3, 439.836000, 53
1656, 1 - with algorithms, 3, 410.761000, 53
1657, 1 - with algorithms, 3, 272.231000, 55
1658, 1 - with algorithms, 3, 1100.326000, 73
1659, 1 - with algorithms, 3, 326.603000, 54
1660, 1 - with algorithms, 3, 329.078000, 52
1661, 1 - with algorithms, 3, 308.339000, 51
1662, 1 - with algorithms, 3, 424.697000, 55
1663, 1 - with algorithms, 3, 736.302000, 78
1664, 1 - with algorithms, 3, 569.589000, 56
1665, 1 - with algorithms, 3, 414.208000, 51
1666, 1 - with algorithms, 3, 2168.219000, 88
1667, 1 - with algorithms, 3, 425.920000, 52
1668, 1 - with algorithms, 3, 280.416000, 55
1669, 1 - with algorithms, 3, 331.412000, 54
1670, 1 - with algorithms, 3, 375.144000, 53
1671, 1 - with algorithms, 3, 361.388000, 56
1672, 1 - with algorithms, 3, 399.459000, 56
1673, 1 - with algorithms, 3, 565.732000, 56
1674, 1 - with algorithms, 3, 452.269000, 54
1675, 1 - with algorithms, 3, 432.672000, 54
1676, 1 - with algorithms, 3, 326.302000, 51
1677, 1 - with algorithms, 3, 770.747000, 87
1678, 1 - with algorithms, 3, 287.550000, 51
1679, 1 - with algorithms, 3, 752.462000, 81
1680, 1 - with algorithms, 3, 540.234000, 56
1681, 1 - with algorithms, 3, 404.379000, 53
1682, 1 - with algorithms, 3, 336.852000, 53
1683, 1 - with algorithms, 3, 297.548000, 52
1684, 1 - with algorithms, 3, 550.934000, 57
1685, 1 - with algorithms, 3, 832.362000, 51
1686, 1 - with algorithms, 3, 945.915000, 104
1687, 1 - with algorithms, 3, 299.202000, 53
1688, 1 - with algorithms, 3, 302.628000, 50
1689, 1 - with algorithms, 3, 334.908000, 55
1690, 1 - with algorithms, 3, 695.495000, 78
1691, 1 - with algorithms, 3, 853.091000, 54
1692, 1 - with algorithms, 3, 326.914000, 52
1693, 1 - with algorithms, 3, 442.832000, 53
1694, 1 - with algorithms, 3, 378.912000, 54
1695, 1 - with algorithms, 3, 286.357000, 52
1696, 1 - with algorithms, 3, 437.491000, 56
1697, 1 - with algorithms, 3, 609.615000, 79
1698, 1 - with algorithms, 3, 545.403000, 55
1699, 1 - with algorithms, 3, 411.422000, 54
1700, 1 - with algorithms, 3, 279.635000, 53
1701, 1 - with algorithms, 3, 969.229000, 74
1702, 1 - with algorithms, 3, 251.923000, 46
1703, 1 - with algorithms, 3, 298.401000, 54
1704, 1 - with algorithms, 3, 367.330000, 49
1705, 1 - with algorithms, 3, 820.950000, 57
1706, 1 - with algorithms, 3, 460.605000, 56
1707, 1 - with algorithms, 3, 377.659000, 56
1708, 1 - with algorithms, 3, 320.030000, 53
1709, 1 - with algorithms, 3, 350.868000, 53
1710, 1 - with algorithms, 3, 350.447000, 52
1711, 1 - with algorithms, 3, 339.357000, 52
1712, 1 - with algorithms, 3, 440.387000, 54
1713, 1 - with algorithms, 3, 364.053000, 55
1714, 1 - with algorithms, 3, 342.673000, 54
1715, 1 - with algorithms, 3, 853.672000, 58
1716, 1 - with algorithms, 3, 387.737000, 51
1717, 1 - with algorithms, 3, 317.566000, 53
1718, 1 - with algorithms, 3, 382.999000, 55
1719, 1 - with algorithms, 3, 183.545000, 55
1720, 1 - with algorithms, 3, 314.250000, 51
1721, 1 - with algorithms, 3, 352.762000, 54
1722, 1 - with algorithms, 3, 312.577000, 53
1723, 1 - with algorithms, 3, 358.904000, 53
1724, 1 - with algorithms, 3, 598.854000, 52
1725, 1 - with algorithms, 3, 1177.189000, 124
1726, 1 - with algorithms, 3, 416.362000, 55
1727, 1 - with algorithms, 3, 337.975000, 54
1728, 1 - with algorithms, 3, 648.488000, 54
1729, 1 - with algorithms, 3, 640.522000, 75
1730, 1 - with algorithms, 3, 305.253000, 51
1731, 1 - with algorithms, 3, 572.284000, 57
1732, 1 - with algorithms, 3, 305.634000, 53
1733, 1 - with algorithms, 3, 673.794000, 49
1734, 1 - with algorithms, 3, 477.847000, 56
1735, 1 - with algorithms, 3, 703.811000, 78
1736, 1 - with algorithms, 3, 434.816000, 55
1737, 1 - with algorithms, 3, 362.090000, 50
1738, 1 - with algorithms, 3, 1109.803000, 124
1739, 1 - with algorithms, 3, 304.722000, 53
1740, 1 - with algorithms, 3, 351.049000, 54
1741, 1 - with algorithms, 3, 1259.915000, 93
1742, 1 - with algorithms, 3, 275.357000, 52
1743, 1 - with algorithms, 3, 426.841000, 53
1744, 1 - with algorithms, 3, 429.035000, 54
1745, 1 - with algorithms, 3, 1674.432000, 136
1746, 1 - with algorithms, 3, 447.510000, 47
1747, 1 - with algorithms, 3, 335.760000, 54
1748, 1 - with algorithms, 3, 298.310000, 54
1749, 1 - with algorithms, 3, 391.335000, 51
1750, 1 - with algorithms, 3, 391.655000, 54
1751, 1 - with algorithms, 3, 306.946000, 51
1752, 1 - with algorithms, 3, 1325.968000, 117
1753, 1 - with algorithms, 3, 417.173000, 55
1754, 1 - with algorithms, 3, 318.477000, 55
1755, 1 - with algorithms, 3, 308.078000, 55
1756, 1 - with algorithms, 3, 484.419000, 53
1757, 1 - with algorithms, 3, 301.967000, 51
1758, 1 - with algorithms, 3, 327.564000, 52
1759, 1 - with algorithms, 3, 338.455000, 53
1760, 1 - with algorithms, 3, 306.986000, 51
1761, 1 - with algorithms, 3, 511.169000, 53
1762, 1 - with algorithms, 3, 298.820000, 50
1763, 1 - with algorithms, 3, 301.136000, 56
1764, 1 - with algorithms, 3, 864.963000, 54
1765, 1 - with algorithms, 3, 295.665000, 56
1766, 1 - with algorithms, 3, 521.097000, 55
1767, 1 - with algorithms, 3, 364.715000, 52
1768, 1 - with algorithms, 3, 291.958000, 52
1769, 1 - with algorithms, 3, 409.178000, 54
1770, 1 - with algorithms, 3, 310.132000, 52
1771, 1 - with algorithms, 3, 366.678000, 50
1772, 1 - with algorithms, 3, 276.730000, 52
1773, 1 - with algorithms, 3, 512.221000, 58
1774, 1 - with algorithms, 3, 267.272000, 52
1775, 1 - with algorithms, 3, 313.819000, 55
1776, 1 - with algorithms, 3, 406.914000, 52
1777, 1 - with algorithms, 3, 337.743000, 53
1778, 1 - with algorithms, 3, 776.457000, 55
1779, 1 - with algorithms, 3, 2004.131000, 136
1780, 1 - with algorithms, 3, 294.222000, 53
1781, 1 - with algorithms, 3, 297.990000, 53
1782, 1 - with algorithms, 3, 294.443000, 50
1783, 1 - with algorithms, 3, 378.530000, 52
1784, 1 - with algorithms, 3, 295.204000, 52
1785, 1 - with algorithms, 3, 347.162000, 55
1786, 1 - with algorithms, 3, 460.544000, 53
1787, 1 - with algorithms, 3, 460.705000, 54
1788, 1 - with algorithms, 3, 370.706000, 54
1789, 1 - with algorithms, 3, 327.395000, 53
1790, 1 - with algorithms, 3, 2075.866000, 137
1791, 1 - with algorithms, 3, 583.124000, 52
1792, 1 - with algorithms, 3, 321.102000, 55
1793, 1 - with algorithms, 3, 280.096000, 52
1794, 1 - with algorithms, 3, 509.275000, 53
1795, 1 - with algorithms, 3, 325.491000, 55
1796, 1 - with algorithms, 3, 1112.828000, 89
1797, 1 - with algorithms, 3, 337.193000, 53
1798, 1 - with algorithms, 3, 425.970000, 54
1799, 1 - with algorithms, 3, 483.557000, 54
1800, 1 - with algorithms, 218, 497.744000, 37
1801, 1 - with algorithms, 4, 513.594000, 57
1802, 1 - with algorithms, 4, 851.929000, 85
1803, 1 - with algorithms, 4, 413.056000, 55
1804, 1 - with algorithms, 4, 1963.405000, 56
1805, 1 - with algorithms, 4, 425.799000, 54
1806, 1 - with algorithms, 4, 418.155000, 56
1807, 1 - with algorithms, 4, 596.299000, 55
1808, 1 - with algorithms, 4, 769.514000, 87
1809, 1 - with algorithms, 4, 427.302000, 57
1810, 1 - with algorithms, 4, 694.634000, 52
1811, 1 - with algorithms, 4, 561.574000, 53
1812, 1 - with algorithms, 4, 571.192000, 57
1813, 1 - with algorithms, 4, 2144.525000, 89
1814, 1 - with algorithms, 4, 281.909000, 53
1815, 1 - with algorithms, 4, 757.892000, 56
1816, 1 - with algorithms, 4, 434.456000, 55
1817, 1 - with algorithms, 4, 584.257000, 56
1818, 1 - with algorithms, 4, 535.685000, 54
1819, 1 - with algorithms, 4, 2165.715000, 161
1820, 1 - with algorithms, 4, 347.382000, 53
1821, 1 - with algorithms, 4, 472.016000, 54
1822, 1 - with algorithms, 4, 4752.961000, 275
1823, 1 - with algorithms, 4, 468.469000, 56
1824, 1 - with algorithms, 4, 1513.580000, 86
1825, 1 - with algorithms, 4, 547.918000, 57
1826, 1 - with algorithms, 4, 1547.084000, 136
1827, 1 - with algorithms, 4, 342.042000, 54
1828, 1 - with algorithms, 4, 1077.382000, 98
1829, 1 - with algorithms, 4, 1216.753000, 93
1830, 1 - with algorithms, 4, 314.660000, 54
1831, 1 - with algorithms, 4, 1354.792000, 57
1832, 1 - with algorithms, 4, 3359.275000, 182
1833, 1 - with algorithms, 4, 312.717000, 53
1834, 1 - with algorithms, 4, 922.060000, 94
1835, 1 - with algorithms, 4, 499.006000, 54
1836, 1 - with algorithms, 4, 529.994000, 54
1837, 1 - with algorithms, 4, 366.037000, 55
1838, 1 - with algorithms, 4, 437.440000, 53
1839, 1 - with algorithms, 4, 369.153000, 52
1840, 1 - with algorithms, 4, 472.467000, 55
1841, 1 - with algorithms, 4, 903.245000, 58
1842, 1 - with algorithms, 4, 530.565000, 57
1843, 1 - with algorithms, 4, 968.006000, 79
1844, 1 - with algorithms, 4, 439.464000, 55
1845, 1 - with algorithms, 4, 658.606000, 57
1846, 1 - with algorithms, 4, 329.869000, 52
1847, 1 - with algorithms, 4, 378.831000, 52
1848, 1 - with algorithms, 4, 490.020000, 55
1849, 1 - with algorithms, 4, 561.684000, 53
1850, 1 - with algorithms, 4, 331.983000, 55
1851, 1 - with algorithms, 4, 594.606000, 58
1852, 1 - with algorithms, 4, 803.378000, 56
1853, 1 - with algorithms, 4, 575.460000, 83
1854, 1 - with algorithms, 4, 961.355000, 88
1855, 1 - with algorithms, 4, 556.875000, 56
1856, 1 - with algorithms, 4, 649.949000, 56
1857, 1 - with algorithms, 4, 695.134000, 55
1858, 1 - with algorithms, 4, 1407.992000, 103
1859, 1 - with algorithms, 4, 426.561000, 56
1860, 1 - with algorithms, 4, 741.702000, 54
1861, 1 - with algorithms, 4, 983.907000, 82
1862, 1 - with algorithms, 4, 1168.854000, 98
1863, 1 - with algorithms, 4, 571.061000, 55
1864, 1 - with algorithms, 4, 573.266000, 54
1865, 1 - with algorithms, 4, 1308.466000, 84
1866, 1 - with algorithms, 4, 478.288000, 58
1867, 1 - with algorithms, 4, 1002.061000, 95
1868, 1 - with algorithms, 4, 387.928000, 55
1869, 1 - with algorithms, 4, 433.814000, 54
1870, 1 - with algorithms, 4, 1899.565000, 139
1871, 1 - with algorithms, 4, 311.174000, 53
1872, 1 - with algorithms, 4, 565.551000, 56
1873, 1 - with algorithms, 4, 573.997000, 56
1874, 1 - with algorithms, 4, 528.341000, 56
1875, 1 - with algorithms, 4, 1807.051000, 148
1876, 1 - with algorithms, 4, 569.930000, 56
1877, 1 - with algorithms, 4, 1016.958000, 57
1878, 1 - with algorithms, 4, 419.868000, 57
1879, 1 - with algorithms, 4, 308.950000, 56
1880, 1 - with algorithms, 4, 528.842000, 55
1881, 1 - with algorithms, 4, 414.328000, 56
1882, 1 - with algorithms, 4, 449.734000, 57
1883, 1 - with algorithms, 4, 465.223000, 56
1884, 1 - with algorithms, 4, 328.837000, 58
1885, 1 - with algorithms, 4, 1297.405000, 86
1886, 1 - with algorithms, 4, 482.425000, 55
1887, 1 - with algorithms, 4, 1141.743000, 54
1888, 1 - with algorithms, 4, 377.128000, 56
1889, 1 - with algorithms, 4, 390.573000, 54
1890, 1 - with algorithms, 4, 353.023000, 56
1891, 1 - with algorithms, 4, 1870.330000, 82
1892, 1 - with algorithms, 4, 345.939000, 54
1893, 1 - with algorithms, 4, 932.960000, 54
1894, 1 - with algorithms, 4, 1708.887000, 122
1895, 1 - with algorithms, 4, 902.634000, 55
1896, 1 - with algorithms, 4, 449.604000, 57
1897, 1 - with algorithms, 4, 496.351000, 54
1898, 1 - with algorithms, 4, 384.161000, 57
1899, 1 - with algorithms, 4, 536.937000, 56
1900, 1 - with algorithms, 4, 857.319000, 55
1901, 1 - with algorithms, 4, 644.510000, 82
1902, 1 - with algorithms, 4, 425.358000, 53
1903, 1 - with algorithms, 4, 517.341000, 53
1904, 1 - with algorithms, 4, 2230.106000, 103
1905, 1 - with algorithms, 4, 1446.464000, 74
1906, 1 - with algorithms, 4, 507.472000, 58
1907, 1 - with algorithms, 4, 463.300000, 57
1908, 1 - with algorithms, 4, 687.710000, 56
1909, 1 - with algorithms, 4, 554.040000, 58
1910, 1 - with algorithms, 4, 463.710000, 54
1911, 1 - with algorithms, 4, 3571.623000, 289
1912, 1 - with algorithms, 4, 412.114000, 53
1913, 1 - with algorithms, 4, 366.839000, 53
1914, 1 - with algorithms, 4, 732.695000, 57
1915, 1 - with algorithms, 4, 478.869000, 56
1916, 1 - with algorithms, 4, 454.302000, 56
1917, 1 - with algorithms, 4, 525.787000, 55
1918, 1 - with algorithms, 4, 381.486000, 55
1919, 1 - with algorithms, 4, 601.438000, 55
1920, 1 - with algorithms, 4, 458.270000, 56
1921, 1 - with algorithms, 4, 334.718000, 53
1922, 1 - with algorithms, 4, 416.481000, 55
1923, 1 - with algorithms, 4, 399.450000, 55
1924, 1 - with algorithms, 4, 758.534000, 57
1925, 1 - with algorithms, 4, 307.948000, 54
1926, 1 - with algorithms, 4, 334.137000, 55
1927, 1 - with algorithms, 4, 526.969000, 53
1928, 1 - with algorithms, 4, 434.866000, 53
1929, 1 - with algorithms, 4, 878.429000, 57
1930, 1 - with algorithms, 4, 273.894000, 54
1931, 1 - with algorithms, 4, 757.061000, 89
1932, 1 - with algorithms, 4, 1843.209000, 137
1933, 1 - with algorithms, 4, 381.086000, 54
1934, 1 - with algorithms, 4, 416.322000, 56
1935, 1 - with algorithms, 4, 345.008000, 53
1936, 1 - with algorithms, 4, 481.503000, 54
1937, 1 - with algorithms, 4, 554.360000, 55
1938, 1 - with algorithms, 4, 416.552000, 52
1939, 1 - with algorithms, 4, 2027.044000, 150
1940, 1 - with algorithms, 4, 388.940000, 55
1941, 1 - with algorithms, 4, 395.512000, 52
1942, 1 - with algorithms, 4, 2009.792000, 162
1943, 1 - with algorithms, 4, 514.395000, 58
1944, 1 - with algorithms, 4, 1142.965000, 54
1945, 1 - with algorithms, 4, 2618.845000, 137
1946, 1 - with algorithms, 4, 405.721000, 54
1947, 1 - with algorithms, 4, 401.283000, 57
1948, 1 - with algorithms, 4, 356.028000, 54
1949, 1 - with algorithms, 4, 1814.275000, 117
1950, 1 - with algorithms, 4, 690.436000, 54
1951, 1 - with algorithms, 4, 340.208000, 53
1952, 1 - with algorithms, 4, 461.977000, 54
1953, 1 - with algorithms, 4, 2018.979000, 130
1954, 1 - with algorithms, 4, 694.363000, 55
1955, 1 - with algorithms, 4, 373.811000, 52
1956, 1 - with algorithms, 4, 540.494000, 57
1957, 1 - with algorithms, 4, 364.704000, 53
1958, 1 - with algorithms, 4, 741.983000, 52
1959, 1 - with algorithms, 4, 306.124000, 55
1960, 1 - with algorithms, 4, 365.636000, 54
1961, 1 - with algorithms, 4, 466.074000, 54
1962, 1 - with algorithms, 4, 532.229000, 56
1963, 1 - with algorithms, 4, 315.322000, 53
1964, 1 - with algorithms, 4, 285.175000, 54
1965, 1 - with algorithms, 4, 456.206000, 54
1966, 1 - with algorithms, 4, 409.018000, 55
1967, 1 - with algorithms, 4, 480.412000, 56
1968, 1 - with algorithms, 4, 393.769000, 55
1969, 1 - with algorithms, 4, 289.773000, 51
1970, 1 - with algorithms, 4, 1332.050000, 93
1971, 1 - with algorithms, 4, 816.051000, 75
1972, 1 - with algorithms, 4, 565.061000, 55
1973, 1 - with algorithms, 4, 647.595000, 56
1974, 1 - with algorithms, 4, 609.173000, 57
1975, 1 - with algorithms, 4, 447.400000, 57
1976, 1 - with algorithms, 4, 361.980000, 54
1977, 1 - with algorithms, 4, 4412.851000, 311
1978, 1 - with algorithms, 4, 493.396000, 51
1979, 1 - with algorithms, 4, 636.715000, 54
1980, 1 - with algorithms, 4, 995.879000, 71
1981, 1 - with algorithms, 4, 1016.388000, 56
1982, 1 - with algorithms, 4, 1694.590000, 91
1983, 1 - with algorithms, 4, 399.229000, 56
1984, 1 - with algorithms, 4, 913.624000, 87
1985, 1 - with algorithms, 4, 563.818000, 52
1986, 1 - with algorithms, 4, 601.769000, 53
1987, 1 - with algorithms, 4, 351.650000, 53
1988, 1 - with algorithms, 4, 1095.647000, 58
1989, 1 - with algorithms, 4, 551.886000, 56
1990, 1 - with algorithms, 4, 373.712000, 53
1991, 1 - with algorithms, 4, 629.732000, 56
1992, 1 - with algorithms, 4, 375.415000, 54
1993, 1 - with algorithms, 4, 995.859000, 54
1994, 1 - with algorithms, 4, 652.715000, 54
1995, 1 - with algorithms, 4, 1631.101000, 106
1996, 1 - with algorithms, 4, 697.048000, 57
1997, 1 - with algorithms, 4, 895.851000, 96
1998, 1 - with algorithms, 4, 561.284000, 55
1999, 1 - with algorithms, 4, 361.318000, 53
2000, 1 - with algorithms, 4, 545.985000, 54
2001, 1 - with algorithms, 4, 1138.406000, 56
2002, 1 - with algorithms, 4, 321.934000, 57
2003, 1 - with algorithms, 4, 410.731000, 58
2004, 1 - with algorithms, 4, 1373.037000, 56
2005, 1 - with algorithms, 4, 308.720000, 52
2006, 1 - with algorithms, 4, 556.274000, 57
2007, 1 - with algorithms, 4, 463.018000, 55
2008, 1 - with algorithms, 4, 541.677000, 54
2009, 1 - with algorithms, 4, 1106.196000, 100
2010, 1 - with algorithms, 4, 439.325000, 55
2011, 1 - with algorithms, 4, 369.093000, 54
2012, 1 - with algorithms, 4, 700.024000, 56
2013, 1 - with algorithms, 4, 286.337000, 56
2014, 1 - with algorithms, 4, 403.608000, 54
2015, 1 - with algorithms, 4, 572.345000, 55
2016, 1 - with algorithms, 4, 677.822000, 53
2017, 1 - with algorithms, 4, 1451.865000, 108
2018, 1 - with algorithms, 4, 384.191000, 55
2019, 1 - with algorithms, 4, 544.712000, 55
2020, 1 - with algorithms, 4, 1697.466000, 128
2021, 1 - with algorithms, 4, 1231.371000, 92
2022, 1 - with algorithms, 4, 555.101000, 54
2023, 1 - with algorithms, 4, 332.795000, 54
2024, 1 - with algorithms, 4, 680.998000, 78
2025, 1 - with algorithms, 4, 427.352000, 52
2026, 1 - with algorithms, 4, 999.536000, 116
2027, 1 - with algorithms, 4, 490.481000, 51
2028, 1 - with algorithms, 4, 1056.663000, 84
2029, 1 - with algorithms, 4, 394.821000, 55
2030, 1 - with algorithms, 4, 2215.638000, 92
2031, 1 - with algorithms, 4, 587.743000, 54
2032, 1 - with algorithms, 4, 429.476000, 54
2033, 1 - with algorithms, 4, 417.102000, 56
2034, 1 - with algorithms, 4, 330.470000, 54
2035, 1 - with algorithms, 4, 362.952000, 56
2036, 1 - with algorithms, 4, 1089.264000, 98
2037, 1 - with algorithms, 4, 394.881000, 55
2038, 1 - with algorithms, 4, 891.814000, 100
2039, 1 - with algorithms, 4, 1599.262000, 133
2040, 1 - with algorithms, 4, 2701.039000, 172
2041, 1 - with algorithms, 4, 2190.070000, 155
2042, 1 - with algorithms, 4, 326.933000, 54
2043, 1 - with algorithms, 4, 372.629000, 55
2044, 1 - with algorithms, 4, 1833.622000, 93
2045, 1 - with algorithms, 4, 622.087000, 56
2046, 1 - with algorithms, 4, 451.858000, 55
2047, 1 - with algorithms, 4, 704.191000, 56
2048, 1 - with algorithms, 4, 486.063000, 56
2049, 1 - with algorithms, 4, 414.698000, 54
2050, 1 - with algorithms, 4, 4058.026000, 194
2051, 1 - with algorithms, 4, 384.561000, 55
2052, 1 - with algorithms, 4, 463.119000, 54
2053, 1 - with algorithms, 4, 1143.886000, 80
2054, 1 - with algorithms, 4, 657.394000, 51
2055, 1 - with algorithms, 4, 395.973000, 54
2056, 1 - with algorithms, 4, 1323.403000, 90
2057, 1 - with algorithms, 4, 480.281000, 55
2058, 1 - with algorithms, 4, 446.698000, 54
2059, 1 - with algorithms, 4, 365.456000, 54
2060, 1 - with algorithms, 4, 512.953000, 56
2061, 1 - with algorithms, 4, 456.356000, 56
2062, 1 - with algorithms, 4, 538.762000, 53
2063, 1 - with algorithms, 4, 343.315000, 54
2064, 1 - with algorithms, 4, 329.759000, 55
2065, 1 - with algorithms, 4, 545.824000, 55
2066, 1 - with algorithms, 4, 989.728000, 75
2067, 1 - with algorithms, 4, 510.538000, 55
2068, 1 - with algorithms, 4, 341.561000, 55
2069, 1 - with algorithms, 4, 444.705000, 55
2070, 1 - with algorithms, 4, 516.500000, 55
2071, 1 - with algorithms, 4, 371.588000, 54
2072, 1 - with algorithms, 4, 1360.663000, 131
2073, 1 - with algorithms, 4, 1701.743000, 109
2074, 1 - with algorithms, 4, 461.506000, 54
2075, 1 - with algorithms, 4, 930.647000, 54
2076, 1 - with algorithms, 4, 587.032000, 52
2077, 1 - with algorithms, 4, 653.096000, 56
2078, 1 - with algorithms, 4, 369.263000, 53
2079, 1 - with algorithms, 4, 388.960000, 54
2080, 1 - with algorithms, 4, 491.373000, 54
2081, 1 - with algorithms, 4, 358.834000, 54
2082, 1 - with algorithms, 4, 352.872000, 53
2083, 1 - with algorithms, 4, 1072.613000, 90
2084, 1 - with algorithms, 4, 508.304000, 56
2085, 1 - with algorithms, 4, 392.227000, 54
2086, 1 - with algorithms, 4, 338.716000, 53
2087, 1 - with algorithms, 4, 449.904000, 55
2088, 1 - with algorithms, 4, 730.211000, 79
2089, 1 - with algorithms, 4, 1031.927000, 58
2090, 1 - with algorithms, 4, 321.875000, 54
2091, 1 - with algorithms, 4, 471.044000, 52
2092, 1 - with algorithms, 4, 1046.544000, 86
2093, 1 - with algorithms, 4, 419.307000, 57
2094, 1 - with algorithms, 4, 572.294000, 54
2095, 1 - with algorithms, 4, 331.252000, 54
2096, 1 - with algorithms, 4, 498.746000, 57
2097, 1 - with algorithms, 4, 1459.539000, 91
2098, 1 - with algorithms, 4, 472.086000, 56
2099, 1 - with algorithms, 4, 1810.267000, 129
2100, 1 - with algorithms, 4, 4595.364000, 229
2101, 1 - with algorithms, 4, 394.701000, 54
2102, 1 - with algorithms, 4, 709.321000, 54
2103, 1 - with algorithms, 4, 390.714000, 53
2104, 1 - with algorithms, 4, 2122.323000, 94
2105, 1 - with algorithms, 4, 972.345000, 82
2106, 1 - with algorithms, 4, 467.808000, 57
2107, 1 - with algorithms, 4, 437.160000, 58
2108, 1 - with algorithms, 4, 827.904000, 81
2109, 1 - with algorithms, 4, 1869.479000, 155
2110, 1 - with algorithms, 4, 884.279000, 56
2111, 1 - with algorithms, 4, 408.526000, 54
2112, 1 - with algorithms, 4, 381.837000, 53
2113, 1 - with algorithms, 4, 1065.209000, 74
2114, 1 - with algorithms, 4, 500.390000, 56
2115, 1 - with algorithms, 4, 539.543000, 56
2116, 1 - with algorithms, 4, 918.083000, 78
2117, 1 - with algorithms, 4, 377.128000, 56
2118, 1 - with algorithms, 4, 414.207000, 54
2119, 1 - with algorithms, 4, 1231.772000, 57
2120, 1 - with algorithms, 4, 831.861000, 88
2121, 1 - with algorithms, 4, 731.753000, 55
2122, 1 - with algorithms, 4, 424.216000, 56
2123, 1 - with algorithms, 4, 600.116000, 57
2124, 1 - with algorithms, 4, 724.319000, 54
2125, 1 - with algorithms, 4, 995.248000, 82
2126, 1 - with algorithms, 4, 675.227000, 54
2127, 1 - with algorithms, 4, 1405.187000, 90
2128, 1 - with algorithms, 4, 318.588000, 51
2129, 1 - with algorithms, 4, 572.665000, 77
2130, 1 - with algorithms, 4, 350.819000, 56
2131, 1 - with algorithms, 4, 1664.493000, 127
2132, 1 - with algorithms, 4, 1090.928000, 58
2133, 1 - with algorithms, 4, 494.418000, 53
2134, 1 - with algorithms, 4, 523.984000, 53
2135, 1 - with algorithms, 4, 416.963000, 55
2136, 1 - with algorithms, 4, 503.675000, 54
2137, 1 - with algorithms, 4, 435.868000, 53
2138, 1 - with algorithms, 4, 363.993000, 55
2139, 1 - with algorithms, 4, 1150.129000, 56
2140, 1 - with algorithms, 4, 771.458000, 70
2141, 1 - with algorithms, 4, 395.292000, 55
2142, 1 - with algorithms, 4, 546.566000, 55
2143, 1 - with algorithms, 4, 2089.362000, 188
2144, 1 - with algorithms, 4, 372.789000, 56
2145, 1 - with algorithms, 4, 725.692000, 56
2146, 1 - with algorithms, 4, 622.548000, 56
2147, 1 - with algorithms, 4, 394.541000, 54
2148, 1 - with algorithms, 4, 549.541000, 53
2149, 1 - with algorithms, 4, 1379.529000, 101
2150, 1 - with algorithms, 4, 865.745000, 59
2151, 1 - with algorithms, 4, 571.603000, 55
2152, 1 - with algorithms, 4, 401.764000, 55
2153, 1 - with algorithms, 4, 636.204000, 53
2154, 1 - with algorithms, 4, 478.709000, 54
2155, 1 - with algorithms, 4, 498.185000, 53
2156, 1 - with algorithms, 4, 302.848000, 53
2157, 1 - with algorithms, 4, 418.936000, 55
2158, 1 - with algorithms, 4, 491.913000, 69
2159, 1 - with algorithms, 4, 363.803000, 52
2160, 1 - with algorithms, 4, 699.082000, 74
2161, 1 - with algorithms, 4, 756.460000, 79
2162, 1 - with algorithms, 4, 1396.260000, 97
2163, 1 - with algorithms, 4, 540.395000, 54
2164, 1 - with algorithms, 4, 1863.578000, 154
2165, 1 - with algorithms, 4, 374.663000, 56
2166, 1 - with algorithms, 4, 340.169000, 55
2167, 1 - with algorithms, 4, 417.674000, 55
2168, 1 - with algorithms, 4, 409.719000, 57
2169, 1 - with algorithms, 4, 712.728000, 55
2170, 1 - with algorithms, 4, 882.346000, 84
2171, 1 - with algorithms, 4, 566.563000, 53
2172, 1 - with algorithms, 4, 422.472000, 53
2173, 1 - with algorithms, 4, 580.820000, 56
2174, 1 - with algorithms, 4, 534.784000, 52
2175, 1 - with algorithms, 4, 638.489000, 55
2176, 1 - with algorithms, 4, 744.217000, 57
2177, 1 - with algorithms, 4, 398.188000, 54
2178, 1 - with algorithms, 4, 522.871000, 56
2179, 1 - with algorithms, 4, 383.229000, 53
2180, 1 - with algorithms, 4, 654.528000, 57
2181, 1 - with algorithms, 4, 451.428000, 56
2182, 1 - with algorithms, 4, 1894.306000, 89
2183, 1 - with algorithms, 4, 421.821000, 52
2184, 1 - with algorithms, 4, 2274.979000, 99
2185, 1 - with algorithms, 4, 403.297000, 53
2186, 1 - with algorithms, 4, 542.057000, 56
2187, 1 - with algorithms, 4, 289.303000, 54
2188, 1 - with algorithms, 4, 359.134000, 55
2189, 1 - with algorithms, 4, 290.556000, 52
2190, 1 - with algorithms, 4, 402.625000, 56
2191, 1 - with algorithms, 4, 389.962000, 54
2192, 1 - with algorithms, 4, 518.452000, 56
2193, 1 - with algorithms, 4, 310.803000, 56
2194, 1 - with algorithms, 4, 476.905000, 56
2195, 1 - with algorithms, 4, 410.510000, 57
2196, 1 - with algorithms, 4, 383.430000, 54
2197, 1 - with algorithms, 4, 1154.627000, 84
2198, 1 - with algorithms, 4, 483.768000, 57
2199, 1 - with algorithms, 4, 689.364000, 56
2200, 1 - with algorithms, 4, 377.728000, 52
2201, 1 - with algorithms, 4, 310.763000, 54
2202, 1 - with algorithms, 4, 381.005000, 54
2203, 1 - with algorithms, 4, 907.944000, 55
2204, 1 - with algorithms, 4, 955.403000, 88
2205, 1 - with algorithms, 4, 3284.153000, 92
2206, 1 - with algorithms, 4, 571.612000, 69
2207, 1 - with algorithms, 4, 367.460000, 58
2208, 1 - with algorithms, 4, 392.476000, 54
2209, 1 - with algorithms, 4, 505.419000, 57
2210, 1 - with algorithms, 4, 414.928000, 55
2211, 1 - with algorithms, 4, 567.666000, 67
2212, 1 - with algorithms, 4, 1048.738000, 80
2213, 1 - with algorithms, 4, 448.051000, 56
2214, 1 - with algorithms, 4, 2252.187000, 187
2215, 1 - with algorithms, 4, 1010.897000, 86
2216, 1 - with algorithms, 4, 378.129000, 55
2217, 1 - with algorithms, 4, 619.973000, 51
2218, 1 - with algorithms, 4, 1008.292000, 53
2219, 1 - with algorithms, 4, 331.572000, 56
2220, 1 - with algorithms, 4, 393.017000, 54
2221, 1 - with algorithms, 4, 1680.824000, 95
2222, 1 - with algorithms, 4, 428.645000, 57
2223, 1 - with algorithms, 4, 671.601000, 56
2224, 1 - with algorithms, 4, 584.437000, 56
2225, 1 - with algorithms, 4, 1007.020000, 55
2226, 1 - with algorithms, 4, 437.410000, 54
2227, 1 - with algorithms, 4, 492.444000, 57
2228, 1 - with algorithms, 4, 1006.198000, 90
2229, 1 - with algorithms, 4, 459.753000, 55
2230, 1 - with algorithms, 4, 1949.238000, 143
2231, 1 - with algorithms, 4, 1502.530000, 56
2232, 1 - with algorithms, 4, 1416.288000, 134
2233, 1 - with algorithms, 4, 365.957000, 55
2234, 1 - with algorithms, 4, 617.469000, 56
2235, 1 - with algorithms, 4, 587.683000, 56
2236, 1 - with algorithms, 4, 384.602000, 53
2237, 1 - with algorithms, 4, 1196.446000, 88
2238, 1 - with algorithms, 4, 306.556000, 51
2239, 1 - with algorithms, 4, 395.643000, 52
2240, 1 - with algorithms, 4, 1102.639000, 84
2241, 1 - with algorithms, 4, 1271.366000, 102
2242, 1 - with algorithms, 4, 428.074000, 56
2243, 1 - with algorithms, 4, 592.021000, 56
2244, 1 - with algorithms, 4, 401.663000, 57
2245, 1 - with algorithms, 4, 617.739000, 55
2246, 1 - with algorithms, 4, 473.298000, 56
2247, 1 - with algorithms, 4, 410.460000, 56
2248, 1 - with algorithms, 4, 413.215000, 54
2249, 1 - with algorithms, 4, 459.913000, 55
2250, 1 - with algorithms, 4, 423.174000, 56
2251, 1 - with algorithms, 4, 1128.047000, 91
2252, 1 - with algorithms, 4, 413.266000, 56
2253, 1 - with algorithms, 4, 482.205000, 54
2254, 1 - with algorithms, 4, 888.778000, 86
2255, 1 - with algorithms, 4, 629.220000, 55
2256, 1 - with algorithms, 4, 1075.197000, 86
2257, 1 - with algorithms, 4, 373.791000, 55
2258, 1 - with algorithms, 4, 1536.804000, 57
2259, 1 - with algorithms, 4, 569.969000, 56
2260, 1 - with algorithms, 4, 1932.337000, 130
2261, 1 - with algorithms, 4, 858.852000, 56
2262, 1 - with algorithms, 4, 590.959000, 54
2263, 1 - with algorithms, 4, 614.033000, 57
2264, 1 - with algorithms, 4, 1036.655000, 86
2265, 1 - with algorithms, 4, 1042.918000, 93
2266, 1 - with algorithms, 4, 408.727000, 51
2267, 1 - with algorithms, 4, 510.508000, 55
2268, 1 - with algorithms, 4, 494.218000, 55
2269, 1 - with algorithms, 4, 340.209000, 53
2270, 1 - with algorithms, 4, 402.576000, 51
2271, 1 - with algorithms, 4, 420.239000, 55
2272, 1 - with algorithms, 4, 600.708000, 55
2273, 1 - with algorithms, 4, 588.865000, 55
2274, 1 - with algorithms, 4, 924.305000, 54
2275, 1 - with algorithms, 4, 692.058000, 77
2276, 1 - with algorithms, 4, 401.063000, 56
2277, 1 - with algorithms, 4, 653.577000, 55
2278, 1 - with algorithms, 4, 831.310000, 57
2279, 1 - with algorithms, 4, 691.928000, 52
2280, 1 - with algorithms, 4, 1554.638000, 117
2281, 1 - with algorithms, 4, 345.548000, 57
2282, 1 - with algorithms, 4, 457.088000, 56
2283, 1 - with algorithms, 4, 699.092000, 54
2284, 1 - with algorithms, 4, 611.538000, 55
2285, 1 - with algorithms, 4, 540.485000, 55
2286, 1 - with algorithms, 4, 385.073000, 55
2287, 1 - with algorithms, 4, 459.743000, 56
2288, 1 - with algorithms, 4, 1168.583000, 82
2289, 1 - with algorithms, 4, 1040.322000, 87
2290, 1 - with algorithms, 4, 420.058000, 53
2291, 1 - with algorithms, 4, 1889.846000, 107
2292, 1 - with algorithms, 4, 391.354000, 55
2293, 1 - with algorithms, 4, 530.616000, 56
2294, 1 - with algorithms, 4, 1347.859000, 112
2295, 1 - with algorithms, 4, 653.787000, 83
2296, 1 - with algorithms, 4, 1125.762000, 109
2297, 1 - with algorithms, 4, 398.658000, 56
2298, 1 - with algorithms, 4, 1314.998000, 84
2299, 1 - with algorithms, 4, 664.638000, 54
2300, 1 - with algorithms, 4, 1275.093000, 74
2301, 1 - with algorithms, 4, 406.072000, 54
2302, 1 - with algorithms, 4, 414.869000, 54
2303, 1 - with algorithms, 4, 391.856000, 54
2304, 1 - with algorithms, 4, 351.219000, 54
2305, 1 - with algorithms, 4, 379.573000, 52
2306, 1 - with algorithms, 4, 304.101000, 53
2307, 1 - with algorithms, 4, 348.944000, 54
2308, 1 - with algorithms, 4, 594.185000, 54
2309, 1 - with algorithms, 4, 514.916000, 55
2310, 1 - with algorithms, 4, 478.809000, 56
2311, 1 - with algorithms, 4, 2252.667000, 138
2312, 1 - with algorithms, 4, 304.712000, 55
2313, 1 - with algorithms, 4, 417.513000, 54
2314, 1 - with algorithms, 4, 343.194000, 54
2315, 1 - with algorithms, 4, 824.818000, 53
2316, 1 - with algorithms, 4, 528.181000, 55
2317, 1 - with algorithms, 4, 524.044000, 56
2318, 1 - with algorithms, 4, 422.804000, 56
2319, 1 - with algorithms, 4, 435.517000, 52
2320, 1 - with algorithms, 4, 500.509000, 55
2321, 1 - with algorithms, 4, 1320.347000, 80
2322, 1 - with algorithms, 4, 1518.661000, 98
2323, 1 - with algorithms, 4, 655.841000, 51
2324, 1 - with algorithms, 4, 332.494000, 55
2325, 1 - with algorithms, 4, 556.034000, 56
2326, 1 - with algorithms, 4, 596.960000, 56
2327, 1 - with algorithms, 4, 337.283000, 52
2328, 1 - with algorithms, 4, 714.941000, 54
2329, 1 - with algorithms, 4, 465.604000, 55
2330, 1 - with algorithms, 4, 381.957000, 54
2331, 1 - with algorithms, 4, 729.419000, 83
2332, 1 - with algorithms, 4, 601.209000, 56
2333, 1 - with algorithms, 4, 644.309000, 55
2334, 1 - with algorithms, 4, 693.591000, 57
2335, 1 - with algorithms, 4, 1779.760000, 55
2336, 1 - with algorithms, 4, 2455.488000, 101
2337, 1 - with algorithms, 4, 430.188000, 55
2338, 1 - with algorithms, 4, 359.806000, 54
2339, 1 - with algorithms, 4, 1064.347000, 92
2340, 1 - with algorithms, 4, 492.174000, 57
2341, 1 - with algorithms, 4, 609.313000, 55
2342, 1 - with algorithms, 4, 336.071000, 54
2343, 1 - with algorithms, 4, 529.915000, 58
2344, 1 - with algorithms, 4, 295.204000, 52
2345, 1 - with algorithms, 4, 487.364000, 54
2346, 1 - with algorithms, 4, 610.856000, 58
2347, 1 - with algorithms, 4, 3715.804000, 132
2348, 1 - with algorithms, 4, 412.895000, 56
2349, 1 - with algorithms, 4, 397.315000, 58
2350, 1 - with algorithms, 4, 354.254000, 57
2351, 1 - with algorithms, 4, 341.641000, 54
2352, 1 - with algorithms, 4, 793.148000, 79
2353, 1 - with algorithms, 4, 450.355000, 54
2354, 1 - with algorithms, 4, 1066.732000, 87
2355, 1 - with algorithms, 4, 449.884000, 54
2356, 1 - with algorithms, 4, 554.892000, 72
2357, 1 - with algorithms, 4, 760.267000, 73
2358, 1 - with algorithms, 4, 344.907000, 56
2359, 1 - with algorithms, 4, 504.477000, 57
2360, 1 - with algorithms, 4, 1302.304000, 119
2361, 1 - with algorithms, 4, 525.667000, 57
2362, 1 - with algorithms, 4, 438.213000, 54
2363, 1 - with algorithms, 4, 611.358000, 54
2364, 1 - with algorithms, 4, 392.737000, 50
2365, 1 - with algorithms, 4, 497.073000, 55
2366, 1 - with algorithms, 4, 502.804000, 54
2367, 1 - with algorithms, 4, 388.629000, 54
2368, 1 - with algorithms, 4, 447.770000, 54
2369, 1 - with algorithms, 4, 536.837000, 53
2370, 1 - with algorithms, 4, 315.592000, 56
2371, 1 - with algorithms, 4, 356.820000, 52
2372, 1 - with algorithms, 4, 535.124000, 54
2373, 1 - with algorithms, 4, 654.388000, 54
2374, 1 - with algorithms, 4, 481.805000, 54
2375, 1 - with algorithms, 4, 498.255000, 54
2376, 1 - with algorithms, 4, 935.396000, 91
2377, 1 - with algorithms, 4, 347.322000, 55
2378, 1 - with algorithms, 4, 392.908000, 54
2379, 1 - with algorithms, 4, 756.179000, 54
2380, 1 - with algorithms, 4, 586.471000, 55
2381, 1 - with algorithms, 4, 424.948000, 53
2382, 1 - with algorithms, 4, 564.840000, 59
2383, 1 - with algorithms, 4, 1553.966000, 151
2384, 1 - with algorithms, 4, 651.232000, 54
2385, 1 - with algorithms, 4, 531.708000, 51
2386, 1 - with algorithms, 4, 341.170000, 53
2387, 1 - with algorithms, 4, 1191.566000, 86
2388, 1 - with algorithms, 4, 304.191000, 53
2389, 1 - with algorithms, 4, 552.988000, 57
2390, 1 - with algorithms, 4, 558.599000, 57
2391, 1 - with algorithms, 4, 964.641000, 55
2392, 1 - with algorithms, 4, 3070.101000, 141
2393, 1 - with algorithms, 4, 465.022000, 55
2394, 1 - with algorithms, 4, 656.332000, 55
2395, 1 - with algorithms, 4, 542.328000, 55
2396, 1 - with algorithms, 4, 353.314000, 54
2397, 1 - with algorithms, 4, 498.366000, 56
2398, 1 - with algorithms, 4, 644.019000, 78
2399, 1 - with algorithms, 4, 542.548000, 56
2400, 1 - with algorithms, 218, 415.059000, 33
2401, 1 - with algorithms, 5, 876.545000, 59
2402, 1 - with algorithms, 5, 396.605000, 57
2403, 1 - with algorithms, 5, 403.227000, 56
2404, 1 - with algorithms, 5, 430.919000, 55
2405, 1 - with algorithms, 5, 613.592000, 57
2406, 1 - with algorithms, 5, 462.097000, 57
2407, 1 - with algorithms, 5, 360.466000, 55
2408, 1 - with algorithms, 5, 706.757000, 55
2409, 1 - with algorithms, 5, 524.004000, 56
2410, 1 - with algorithms, 5, 746.451000, 57
2411, 1 - with algorithms, 5, 530.135000, 56
2412, 1 - with algorithms, 5, 1543.517000, 91
2413, 1 - with algorithms, 5, 586.681000, 57
2414, 1 - with algorithms, 5, 681.389000, 55
2415, 1 - with algorithms, 5, 998.264000, 58
2416, 1 - with algorithms, 5, 1702.395000, 127
2417, 1 - with algorithms, 5, 1485.628000, 58
2418, 1 - with algorithms, 5, 459.632000, 58
2419, 1 - with algorithms, 5, 525.366000, 56
2420, 1 - with algorithms, 5, 858.691000, 58
2421, 1 - with algorithms, 5, 696.307000, 57
2422, 1 - with algorithms, 5, 1176.879000, 93
2423, 1 - with algorithms, 5, 367.380000, 57
2424, 1 - with algorithms, 5, 789.481000, 57
2425, 1 - with algorithms, 5, 757.602000, 56
2426, 1 - with algorithms, 5, 643.287000, 58
2427, 1 - with algorithms, 5, 1027.698000, 57
2428, 1 - with algorithms, 5, 735.120000, 57
2429, 1 - with algorithms, 5, 497.564000, 56
2430, 1 - with algorithms, 5, 517.922000, 57
2431, 1 - with algorithms, 5, 636.064000, 58
2432, 1 - with algorithms, 5, 606.829000, 57
2433, 1 - with algorithms, 5, 458.440000, 56
2434, 1 - with algorithms, 5, 476.324000, 56
2435, 1 - with algorithms, 5, 1273.199000, 114
2436, 1 - with algorithms, 5, 1986.137000, 124
2437, 1 - with algorithms, 5, 700.345000, 57
2438, 1 - with algorithms, 5, 3625.043000, 202
2439, 1 - with algorithms, 5, 2478.311000, 127
2440, 1 - with algorithms, 5, 840.347000, 57
2441, 1 - with algorithms, 5, 548.299000, 57
2442, 1 - with algorithms, 5, 476.204000, 56
2443, 1 - with algorithms, 5, 494.188000, 56
2444, 1 - with algorithms, 5, 432.993000, 58
2445, 1 - with algorithms, 5, 443.833000, 57
2446, 1 - with algorithms, 5, 533.421000, 57
2447, 1 - with algorithms, 5, 580.429000, 57
2448, 1 - with algorithms, 5, 637.055000, 57
2449, 1 - with algorithms, 5, 910.038000, 55
2450, 1 - with algorithms, 5, 731.863000, 55
2451, 1 - with algorithms, 5, 440.427000, 56
2452, 1 - with algorithms, 5, 1416.348000, 131
2453, 1 - with algorithms, 5, 1419.013000, 58
2454, 1 - with algorithms, 5, 737.233000, 51
2455, 1 - with algorithms, 5, 521.078000, 56
2456, 1 - with algorithms, 5, 702.809000, 58
2457, 1 - with algorithms, 5, 502.132000, 57
2458, 1 - with algorithms, 5, 698.601000, 58
2459, 1 - with algorithms, 5, 1398.305000, 57
2460, 1 - with algorithms, 5, 588.745000, 57
2461, 1 - with algorithms, 5, 514.355000, 57
2462, 1 - with algorithms, 5, 575.320000, 57
2463, 1 - with algorithms, 5, 320.362000, 54
2464, 1 - with algorithms, 5, 1666.347000, 95
2465, 1 - with algorithms, 5, 582.724000, 58
2466, 1 - with algorithms, 5, 364.274000, 56
2467, 1 - with algorithms, 5, 2294.686000, 97
2468, 1 - with algorithms, 5, 514.055000, 54
2469, 1 - with algorithms, 5, 1194.171000, 94
2470, 1 - with algorithms, 5, 586.991000, 56
2471, 1 - with algorithms, 5, 504.757000, 56
2472, 1 - with algorithms, 5, 403.497000, 56
2473, 1 - with algorithms, 5, 1846.766000, 88
2474, 1 - with algorithms, 5, 564.018000, 74
2475, 1 - with algorithms, 5, 608.331000, 58
2476, 1 - with algorithms, 5, 600.016000, 55
2477, 1 - with algorithms, 5, 952.267000, 57
2478, 1 - with algorithms, 5, 494.629000, 55
2479, 1 - with algorithms, 5, 865.505000, 54
2480, 1 - with algorithms, 5, 1862.375000, 119
2481, 1 - with algorithms, 5, 500.950000, 55
2482, 1 - with algorithms, 5, 1086.369000, 58
2483, 1 - with algorithms, 5, 410.861000, 56
2484, 1 - with algorithms, 5, 539.383000, 56
2485, 1 - with algorithms, 5, 471.094000, 56
2486, 1 - with algorithms, 5, 1301.923000, 54
2487, 1 - with algorithms, 5, 598.153000, 56
2488, 1 - with algorithms, 5, 507.111000, 56
2489, 1 - with algorithms, 5, 1033.149000, 56
2490, 1 - with algorithms, 5, 706.846000, 57
2491, 1 - with algorithms, 5, 495.129000, 57
2492, 1 - with algorithms, 5, 603.914000, 57
2493, 1 - with algorithms, 5, 632.607000, 58
2494, 1 - with algorithms, 5, 434.836000, 58
2495, 1 - with algorithms, 5, 4626.223000, 243
2496, 1 - with algorithms, 5, 491.713000, 55
2497, 1 - with algorithms, 5, 2432.496000, 180
2498, 1 - with algorithms, 5, 1363.048000, 56
2499, 1 - with algorithms, 5, 1554.928000, 91
2500, 1 - with algorithms, 5, 3398.468000, 135
2501, 1 - with algorithms, 5, 608.051000, 57
2502, 1 - with algorithms, 5, 1073.144000, 89
2503, 1 - with algorithms, 5, 438.493000, 54
2504, 1 - with algorithms, 5, 857.860000, 57
2505, 1 - with algorithms, 5, 505.919000, 57
2506, 1 - with algorithms, 5, 348.824000, 55
2507, 1 - with algorithms, 5, 599.595000, 55
2508, 1 - with algorithms, 5, 703.130000, 56
2509, 1 - with algorithms, 5, 997.121000, 93
2510, 1 - with algorithms, 5, 1285.663000, 91
2511, 1 - with algorithms, 5, 901.221000, 102
2512, 1 - with algorithms, 5, 415.359000, 56
2513, 1 - with algorithms, 5, 369.884000, 55
2514, 1 - with algorithms, 5, 555.723000, 52
2515, 1 - with algorithms, 5, 641.113000, 57
2516, 1 - with algorithms, 5, 492.795000, 55
2517, 1 - with algorithms, 5, 848.312000, 54
2518, 1 - with algorithms, 5, 403.788000, 56
2519, 1 - with algorithms, 5, 748.115000, 59
2520, 1 - with algorithms, 5, 844.856000, 56
2521, 1 - with algorithms, 5, 2492.858000, 153
2522, 1 - with algorithms, 5, 501.851000, 56
2523, 1 - with algorithms, 5, 475.983000, 54
2524, 1 - with algorithms, 5, 992.102000, 57
2525, 1 - with algorithms, 5, 585.699000, 56
2526, 1 - with algorithms, 5, 735.902000, 55
2527, 1 - with algorithms, 5, 399.700000, 55
2528, 1 - with algorithms, 5, 631.185000, 55
2529, 1 - with algorithms, 5, 486.994000, 54
2530, 1 - with algorithms, 5, 612.580000, 68
2531, 1 - with algorithms, 5, 638.889000, 56
2532, 1 - with algorithms, 5, 396.955000, 57
2533, 1 - with algorithms, 5, 1162.051000, 85
2534, 1 - with algorithms, 5, 932.200000, 82
2535, 1 - with algorithms, 5, 750.959000, 58
2536, 1 - with algorithms, 5, 2200.960000, 126
2537, 1 - with algorithms, 5, 1456.604000, 56
2538, 1 - with algorithms, 5, 821.542000, 55
2539, 1 - with algorithms, 5, 380.484000, 56
2540, 1 - with algorithms, 5, 572.375000, 55
2541, 1 - with algorithms, 5, 961.515000, 89
2542, 1 - with algorithms, 5, 605.326000, 54
2543, 1 - with algorithms, 5, 1467.664000, 96
2544, 1 - with algorithms, 5, 1023.371000, 90
2545, 1 - with algorithms, 5, 515.177000, 55
2546, 1 - with algorithms, 5, 1521.716000, 118
2547, 1 - with algorithms, 5, 345.107000, 55
2548, 1 - with algorithms, 5, 1660.807000, 145
2549, 1 - with algorithms, 5, 536.607000, 57
2550, 1 - with algorithms, 5, 597.932000, 55
2551, 1 - with algorithms, 5, 493.366000, 55
2552, 1 - with algorithms, 5, 858.732000, 74
2553, 1 - with algorithms, 5, 536.998000, 56
2554, 1 - with algorithms, 5, 463.279000, 54
2555, 1 - with algorithms, 5, 998.444000, 87
2556, 1 - with algorithms, 5, 1691.274000, 87
2557, 1 - with algorithms, 5, 394.210000, 57
2558, 1 - with algorithms, 5, 762.140000, 53
2559, 1 - with algorithms, 5, 469.882000, 55
2560, 1 - with algorithms, 5, 528.602000, 56
2561, 1 - with algorithms, 5, 1261.617000, 98
2562, 1 - with algorithms, 5, 500.720000, 57
2563, 1 - with algorithms, 5, 2718.612000, 95
2564, 1 - with algorithms, 5, 356.800000, 53
2565, 1 - with algorithms, 5, 2160.925000, 133
2566, 1 - with algorithms, 5, 347.773000, 55
2567, 1 - with algorithms, 5, 613.602000, 57
2568, 1 - with algorithms, 5, 926.960000, 57
2569, 1 - with algorithms, 5, 1115.504000, 57
2570, 1 - with algorithms, 5, 396.674000, 56
2571, 1 - with algorithms, 5, 1084.576000, 76
2572, 1 - with algorithms, 5, 941.618000, 74
2573, 1 - with algorithms, 5, 803.137000, 55
2574, 1 - with algorithms, 5, 905.158000, 56
2575, 1 - with algorithms, 5, 397.406000, 55
2576, 1 - with algorithms, 5, 4899.425000, 200
2577, 1 - with algorithms, 5, 715.382000, 54
2578, 1 - with algorithms, 5, 1245.909000, 56
2579, 1 - with algorithms, 5, 400.090000, 55
2580, 1 - with algorithms, 5, 1024.452000, 78
2581, 1 - with algorithms, 5, 518.653000, 55
2582, 1 - with algorithms, 5, 656.562000, 57
2583, 1 - with algorithms, 5, 759.325000, 55
2584, 1 - with algorithms, 5, 419.336000, 55
2585, 1 - with algorithms, 5, 493.887000, 56
2586, 1 - with algorithms, 5, 706.926000, 53
2587, 1 - with algorithms, 5, 715.803000, 56
2588, 1 - with algorithms, 5, 787.368000, 54
2589, 1 - with algorithms, 5, 756.269000, 53
2590, 1 - with algorithms, 5, 447.510000, 55
2591, 1 - with algorithms, 5, 580.429000, 57
2592, 1 - with algorithms, 5, 3009.458000, 175
2593, 1 - with algorithms, 5, 560.431000, 57
2594, 1 - with algorithms, 5, 847.680000, 57
2595, 1 - with algorithms, 5, 342.844000, 52
2596, 1 - with algorithms, 5, 797.738000, 54
2597, 1 - with algorithms, 5, 399.960000, 55
2598, 1 - with algorithms, 5, 1988.562000, 169
2599, 1 - with algorithms, 5, 475.773000, 56
2600, 1 - with algorithms, 5, 658.536000, 55
2601, 1 - with algorithms, 5, 358.733000, 56
2602, 1 - with algorithms, 5, 710.885000, 75
2603, 1 - with algorithms, 5, 473.679000, 58
2604, 1 - with algorithms, 5, 1469.608000, 100
2605, 1 - with algorithms, 5, 701.446000, 75
2606, 1 - with algorithms, 5, 434.215000, 56
2607, 1 - with algorithms, 5, 605.206000, 55
2608, 1 - with algorithms, 5, 487.915000, 54
2609, 1 - with algorithms, 5, 1188.841000, 69
2610, 1 - with algorithms, 5, 580.489000, 54
2611, 1 - with algorithms, 5, 630.183000, 54
2612, 1 - with algorithms, 5, 472.126000, 57
2613, 1 - with algorithms, 5, 652.455000, 56
2614, 1 - with algorithms, 5, 653.306000, 56
2615, 1 - with algorithms, 5, 530.105000, 56
2616, 1 - with algorithms, 5, 513.844000, 58
2617, 1 - with algorithms, 5, 799.240000, 57
2618, 1 - with algorithms, 5, 1114.392000, 57
2619, 1 - with algorithms, 5, 636.244000, 57
2620, 1 - with algorithms, 5, 464.061000, 56
2621, 1 - with algorithms, 5, 658.145000, 56
2622, 1 - with algorithms, 5, 503.075000, 54
2623, 1 - with algorithms, 5, 1580.877000, 85
2624, 1 - with algorithms, 5, 673.394000, 55
2625, 1 - with algorithms, 5, 858.932000, 56
2626, 1 - with algorithms, 5, 3202.079000, 185
2627, 1 - with algorithms, 5, 1100.766000, 56
2628, 1 - with algorithms, 5, 940.786000, 86
2629, 1 - with algorithms, 5, 1085.978000, 54
2630, 1 - with algorithms, 5, 491.592000, 55
2631, 1 - with algorithms, 5, 4183.051000, 203
2632, 1 - with algorithms, 5, 514.185000, 58
2633, 1 - with algorithms, 5, 6180.780000, 325
2634, 1 - with algorithms, 5, 772.800000, 57
2635, 1 - with algorithms, 5, 1710.100000, 96
2636, 1 - with algorithms, 5, 400.662000, 59
2637, 1 - with algorithms, 5, 1045.572000, 56
2638, 1 - with algorithms, 5, 469.371000, 58
2639, 1 - with algorithms, 5, 546.906000, 56
2640, 1 - with algorithms, 5, 452.860000, 54
2641, 1 - with algorithms, 5, 830.760000, 55
2642, 1 - with algorithms, 5, 1436.576000, 117
2643, 1 - with algorithms, 5, 327.285000, 56
2644, 1 - with algorithms, 5, 997.562000, 93
2645, 1 - with algorithms, 5, 351.961000, 56
2646, 1 - with algorithms, 5, 322.295000, 55
2647, 1 - with algorithms, 5, 541.817000, 56
2648, 1 - with algorithms, 5, 773.331000, 75
2649, 1 - with algorithms, 5, 626.075000, 56
2650, 1 - with algorithms, 5, 1435.594000, 55
2651, 1 - with algorithms, 5, 397.026000, 55
2652, 1 - with algorithms, 5, 1034.121000, 58
2653, 1 - with algorithms, 5, 471.445000, 57
2654, 1 - with algorithms, 5, 377.238000, 55
2655, 1 - with algorithms, 5, 436.890000, 55
2656, 1 - with algorithms, 5, 737.494000, 56
2657, 1 - with algorithms, 5, 1034.762000, 99
2658, 1 - with algorithms, 5, 845.347000, 53
2659, 1 - with algorithms, 5, 537.930000, 55
2660, 1 - with algorithms, 5, 551.836000, 56
2661, 1 - with algorithms, 5, 698.501000, 56
2662, 1 - with algorithms, 5, 553.519000, 57
2663, 1 - with algorithms, 5, 962.457000, 56
2664, 1 - with algorithms, 5, 1165.658000, 94
2665, 1 - with algorithms, 5, 439.105000, 52
2666, 1 - with algorithms, 5, 1065.480000, 57
2667, 1 - with algorithms, 5, 849.304000, 56
2668, 1 - with algorithms, 5, 344.286000, 55
2669, 1 - with algorithms, 5, 383.900000, 55
2670, 1 - with algorithms, 5, 335.860000, 54
2671, 1 - with algorithms, 5, 527.079000, 56
2672, 1 - with algorithms, 5, 847.661000, 57
2673, 1 - with algorithms, 5, 499.277000, 54
2674, 1 - with algorithms, 5, 809.008000, 57
2675, 1 - with algorithms, 5, 1184.453000, 79
2676, 1 - with algorithms, 5, 527.600000, 57
2677, 1 - with algorithms, 5, 735.801000, 55
2678, 1 - with algorithms, 5, 837.692000, 58
2679, 1 - with algorithms, 5, 1555.229000, 96
2680, 1 - with algorithms, 5, 332.454000, 52
2681, 1 - with algorithms, 5, 601.138000, 57
2682, 1 - with algorithms, 5, 1119.622000, 56
2683, 1 - with algorithms, 5, 532.810000, 56
2684, 1 - with algorithms, 5, 404.258000, 53
2685, 1 - with algorithms, 5, 531.779000, 57
2686, 1 - with algorithms, 5, 437.552000, 56
2687, 1 - with algorithms, 5, 495.500000, 56
2688, 1 - with algorithms, 5, 1477.693000, 94
2689, 1 - with algorithms, 5, 957.998000, 55
2690, 1 - with algorithms, 5, 611.257000, 57
2691, 1 - with algorithms, 5, 368.191000, 55
2692, 1 - with algorithms, 5, 1501.678000, 57
2693, 1 - with algorithms, 5, 540.304000, 55
2694, 1 - with algorithms, 5, 513.904000, 57
2695, 1 - with algorithms, 5, 573.236000, 53
2696, 1 - with algorithms, 5, 357.070000, 56
2697, 1 - with algorithms, 5, 540.053000, 55
2698, 1 - with algorithms, 5, 760.898000, 78
2699, 1 - with algorithms, 5, 5717.510000, 359
2700, 1 - with algorithms, 5, 682.951000, 56
2701, 1 - with algorithms, 5, 651.011000, 55
2702, 1 - with algorithms, 5, 530.276000, 52
2703, 1 - with algorithms, 5, 1122.496000, 96
2704, 1 - with algorithms, 5, 592.241000, 56
2705, 1 - with algorithms, 5, 1058.206000, 56
2706, 1 - with algorithms, 5, 2147.520000, 86
2707, 1 - with algorithms, 5, 530.335000, 56
2708, 1 - with algorithms, 5, 837.912000, 79
2709, 1 - with algorithms, 5, 697.419000, 56
2710, 1 - with algorithms, 5, 1219.820000, 87
2711, 1 - with algorithms, 5, 697.509000, 56
2712, 1 - with algorithms, 5, 749.186000, 58
2713, 1 - with algorithms, 5, 379.843000, 58
2714, 1 - with algorithms, 5, 700.174000, 69
2715, 1 - with algorithms, 5, 535.665000, 59
2716, 1 - with algorithms, 5, 649.770000, 55
2717, 1 - with algorithms, 5, 906.101000, 74
2718, 1 - with algorithms, 5, 417.994000, 54
2719, 1 - with algorithms, 5, 1842.067000, 123
2720, 1 - with algorithms, 5, 647.475000, 56
2721, 1 - with algorithms, 5, 874.932000, 59
2722, 1 - with algorithms, 5, 551.986000, 56
2723, 1 - with algorithms, 5, 486.403000, 54
2724, 1 - with algorithms, 5, 430.518000, 57
2725, 1 - with algorithms, 5, 594.475000, 58
2726, 1 - with algorithms, 5, 379.732000, 56
2727, 1 - with algorithms, 5, 1164.796000, 56
2728, 1 - with algorithms, 5, 1482.934000, 56
2729, 1 - with algorithms, 5, 2164.472000, 133
2730, 1 - with algorithms, 5, 1610.442000, 94
2731, 1 - with algorithms, 5, 709.572000, 56
2732, 1 - with algorithms, 5, 833.144000, 55
2733, 1 - with algorithms, 5, 510.187000, 53
2734, 1 - with algorithms, 5, 505.218000, 55
2735, 1 - with algorithms, 5, 919.716000, 84
2736, 1 - with algorithms, 5, 1339.043000, 96
2737, 1 - with algorithms, 5, 375.214000, 57
2738, 1 - with algorithms, 5, 417.924000, 57
2739, 1 - with algorithms, 5, 488.186000, 58
2740, 1 - with algorithms, 5, 1001.750000, 90
2741, 1 - with algorithms, 5, 430.438000, 55
2742, 1 - with algorithms, 5, 375.084000, 57
2743, 1 - with algorithms, 5, 1063.546000, 89
2744, 1 - with algorithms, 5, 741.071000, 56
2745, 1 - with algorithms, 5, 695.425000, 56
2746, 1 - with algorithms, 5, 1018.532000, 56
2747, 1 - with algorithms, 5, 522.450000, 59
2748, 1 - with algorithms, 5, 494.728000, 58
2749, 1 - with algorithms, 5, 627.448000, 55
2750, 1 - with algorithms, 5, 313.639000, 50
2751, 1 - with algorithms, 5, 430.347000, 56
2752, 1 - with algorithms, 5, 435.588000, 54
2753, 1 - with algorithms, 5, 616.607000, 58
2754, 1 - with algorithms, 5, 624.713000, 54
2755, 1 - with algorithms, 5, 847.591000, 57
2756, 1 - with algorithms, 5, 669.577000, 54
2757, 1 - with algorithms, 5, 738.335000, 56
2758, 1 - with algorithms, 5, 3546.606000, 250
2759, 1 - with algorithms, 5, 593.694000, 55
2760, 1 - with algorithms, 5, 1059.188000, 55
2761, 1 - with algorithms, 5, 469.592000, 56
2762, 1 - with algorithms, 5, 346.119000, 58
2763, 1 - with algorithms, 5, 469.821000, 56
2764, 1 - with algorithms, 5, 2586.274000, 162
2765, 1 - with algorithms, 5, 725.932000, 56
2766, 1 - with algorithms, 5, 499.978000, 55
2767, 1 - with algorithms, 5, 555.422000, 57
2768, 1 - with algorithms, 5, 3114.625000, 135
2769, 1 - with algorithms, 5, 715.012000, 57
2770, 1 - with algorithms, 5, 818.947000, 54
2771, 1 - with algorithms, 5, 547.498000, 58
2772, 1 - with algorithms, 5, 349.306000, 56
2773, 1 - with algorithms, 5, 460.184000, 54
2774, 1 - with algorithms, 5, 916.590000, 79
2775, 1 - with algorithms, 5, 484.780000, 56
2776, 1 - with algorithms, 5, 472.747000, 55
2777, 1 - with algorithms, 5, 676.540000, 58
2778, 1 - with algorithms, 5, 393.158000, 56
2779, 1 - with algorithms, 5, 552.136000, 56
2780, 1 - with algorithms, 5, 1290.382000, 94
2781, 1 - with algorithms, 5, 501.751000, 53
2782, 1 - with algorithms, 5, 506.400000, 59
2783, 1 - with algorithms, 5, 665.188000, 55
2784, 1 - with algorithms, 5, 1320.398000, 107
2785, 1 - with algorithms, 5, 457.248000, 55
2786, 1 - with algorithms, 5, 411.913000, 56
2787, 1 - with algorithms, 5, 421.340000, 56
2788, 1 - with algorithms, 5, 1977.381000, 91
2789, 1 - with algorithms, 5, 3362.150000, 224
2790, 1 - with algorithms, 5, 375.374000, 57
2791, 1 - with algorithms, 5, 472.988000, 56
2792, 1 - with algorithms, 5, 472.266000, 54
2793, 1 - with algorithms, 5, 551.645000, 54
2794, 1 - with algorithms, 5, 509.687000, 57
2795, 1 - with algorithms, 5, 1096.177000, 58
2796, 1 - with algorithms, 5, 1955.099000, 96
2797, 1 - with algorithms, 5, 522.320000, 56
2798, 1 - with algorithms, 5, 746.742000, 55
2799, 1 - with algorithms, 5, 868.971000, 65
2800, 1 - with algorithms, 5, 588.394000, 55
2801, 1 - with algorithms, 5, 506.100000, 57
2802, 1 - with algorithms, 5, 844.184000, 86
2803, 1 - with algorithms, 5, 2522.905000, 135
2804, 1 - with algorithms, 5, 527.881000, 56
2805, 1 - with algorithms, 5, 458.651000, 55
2806, 1 - with algorithms, 5, 1238.004000, 86
2807, 1 - with algorithms, 5, 927.330000, 58
2808, 1 - with algorithms, 5, 587.312000, 57
2809, 1 - with algorithms, 5, 374.122000, 53
2810, 1 - with algorithms, 5, 886.334000, 58
2811, 1 - with algorithms, 5, 1229.387000, 95
2812, 1 - with algorithms, 5, 1452.746000, 108
2813, 1 - with algorithms, 5, 463.990000, 57
2814, 1 - with algorithms, 5, 446.038000, 57
2815, 1 - with algorithms, 5, 1558.475000, 129
2816, 1 - with algorithms, 5, 501.732000, 55
2817, 1 - with algorithms, 5, 521.749000, 54
2818, 1 - with algorithms, 5, 502.964000, 56
2819, 1 - with algorithms, 5, 720.582000, 57
2820, 1 - with algorithms, 5, 486.513000, 55
2821, 1 - with algorithms, 5, 383.800000, 56
2822, 1 - with algorithms, 5, 330.561000, 57
2823, 1 - with algorithms, 5, 568.136000, 54
2824, 1 - with algorithms, 5, 437.841000, 56
2825, 1 - with algorithms, 5, 1542.706000, 126
2826, 1 - with algorithms, 5, 842.491000, 57
2827, 1 - with algorithms, 5, 1785.621000, 151
2828, 1 - with algorithms, 5, 627.869000, 57
2829, 1 - with algorithms, 5, 1059.538000, 79
2830, 1 - with algorithms, 5, 1175.827000, 57
2831, 1 - with algorithms, 5, 503.315000, 56
2832, 1 - with algorithms, 5, 633.379000, 56
2833, 1 - with algorithms, 5, 2472.991000, 105
2834, 1 - with algorithms, 5, 343.084000, 56
2835, 1 - with algorithms, 5, 813.647000, 57
2836, 1 - with algorithms, 5, 2201.672000, 96
2837, 1 - with algorithms, 5, 693.812000, 54
2838, 1 - with algorithms, 5, 448.883000, 55
2839, 1 - with algorithms, 5, 604.635000, 55
2840, 1 - with algorithms, 5, 398.378000, 54
2841, 1 - with algorithms, 5, 624.001000, 56
2842, 1 - with algorithms, 5, 1467.714000, 97
2843, 1 - with algorithms, 5, 480.231000, 56
2844, 1 - with algorithms, 5, 453.762000, 56
2845, 1 - with algorithms, 5, 666.140000, 54
2846, 1 - with algorithms, 5, 367.941000, 58
2847, 1 - with algorithms, 5, 362.740000, 57
2848, 1 - with algorithms, 5, 948.981000, 59
2849, 1 - with algorithms, 5, 522.080000, 54
2850, 1 - with algorithms, 5, 479.870000, 54
2851, 1 - with algorithms, 5, 3294.022000, 247
2852, 1 - with algorithms, 5, 514.796000, 55
2853, 1 - with algorithms, 5, 1073.996000, 92
2854, 1 - with algorithms, 5, 1274.192000, 54
2855, 1 - with algorithms, 5, 944.432000, 56
2856, 1 - with algorithms, 5, 567.475000, 55
2857, 1 - with algorithms, 5, 384.452000, 57
2858, 1 - with algorithms, 5, 701.837000, 55
2859, 1 - with algorithms, 5, 576.181000, 56
2860, 1 - with algorithms, 5, 729.799000, 56
2861, 1 - with algorithms, 5, 438.193000, 54
2862, 1 - with algorithms, 5, 699.673000, 56
2863, 1 - with algorithms, 5, 847.861000, 55
2864, 1 - with algorithms, 5, 570.671000, 54
2865, 1 - with algorithms, 5, 558.508000, 56
2866, 1 - with algorithms, 5, 412.695000, 54
2867, 1 - with algorithms, 5, 598.774000, 54
2868, 1 - with algorithms, 5, 1506.608000, 102
2869, 1 - with algorithms, 5, 485.180000, 53
2870, 1 - with algorithms, 5, 608.933000, 54
2871, 1 - with algorithms, 5, 457.058000, 56
2872, 1 - with algorithms, 5, 482.185000, 57
2873, 1 - with algorithms, 5, 336.511000, 55
2874, 1 - with algorithms, 5, 407.514000, 54
2875, 1 - with algorithms, 5, 584.868000, 55
2876, 1 - with algorithms, 5, 406.774000, 56
2877, 1 - with algorithms, 5, 562.526000, 57
2878, 1 - with algorithms, 5, 800.122000, 55
2879, 1 - with algorithms, 5, 557.597000, 75
2880, 1 - with algorithms, 5, 2547.861000, 157
2881, 1 - with algorithms, 5, 433.093000, 54
2882, 1 - with algorithms, 5, 393.709000, 56
2883, 1 - with algorithms, 5, 1009.024000, 90
2884, 1 - with algorithms, 5, 1265.585000, 58
2885, 1 - with algorithms, 5, 735.270000, 56
2886, 1 - with algorithms, 5, 959.070000, 84
2887, 1 - with algorithms, 5, 2102.466000, 133
2888, 1 - with algorithms, 5, 668.234000, 55
2889, 1 - with algorithms, 5, 404.268000, 56
2890, 1 - with algorithms, 5, 669.036000, 56
2891, 1 - with algorithms, 5, 376.166000, 55
2892, 1 - with algorithms, 5, 475.271000, 57
2893, 1 - with algorithms, 5, 545.204000, 56
2894, 1 - with algorithms, 5, 394.390000, 55
2895, 1 - with algorithms, 5, 336.000000, 56
2896, 1 - with algorithms, 5, 954.322000, 80
2897, 1 - with algorithms, 5, 534.303000, 53
2898, 1 - with algorithms, 5, 592.061000, 55
2899, 1 - with algorithms, 5, 1384.839000, 95
2900, 1 - with algorithms, 5, 452.028000, 56
2901, 1 - with algorithms, 5, 325.280000, 52
2902, 1 - with algorithms, 5, 947.077000, 56
2903, 1 - with algorithms, 5, 533.051000, 57
2904, 1 - with algorithms, 5, 1142.444000, 56
2905, 1 - with algorithms, 5, 640.031000, 58
2906, 1 - with algorithms, 5, 499.057000, 56
2907, 1 - with algorithms, 5, 2753.007000, 176
2908, 1 - with algorithms, 5, 1077.041000, 90
2909, 1 - with algorithms, 5, 640.703000, 57
2910, 1 - with algorithms, 5, 882.136000, 56
2911, 1 - with algorithms, 5, 499.598000, 58
2912, 1 - with algorithms, 5, 497.694000, 57
2913, 1 - with algorithms, 5, 1795.650000, 139
2914, 1 - with algorithms, 5, 453.321000, 57
2915, 1 - with algorithms, 5, 361.538000, 55
2916, 1 - with algorithms, 5, 448.292000, 56
2917, 1 - with algorithms, 5, 1095.536000, 56
2918, 1 - with algorithms, 5, 1404.255000, 95
2919, 1 - with algorithms, 5, 352.842000, 57
2920, 1 - with algorithms, 5, 1962.102000, 122
2921, 1 - with algorithms, 5, 748.525000, 86
2922, 1 - with algorithms, 5, 2627.772000, 118
2923, 1 - with algorithms, 5, 610.736000, 56
2924, 1 - with algorithms, 5, 1392.984000, 103
2925, 1 - with algorithms, 5, 441.829000, 58
2926, 1 - with algorithms, 5, 684.153000, 56
2927, 1 - with algorithms, 5, 454.333000, 52
2928, 1 - with algorithms, 5, 1371.574000, 107
2929, 1 - with algorithms, 5, 651.382000, 54
2930, 1 - with algorithms, 5, 456.697000, 55
2931, 1 - with algorithms, 5, 462.367000, 56
2932, 1 - with algorithms, 5, 4311.101000, 259
2933, 1 - with algorithms, 5, 3738.025000, 145
2934, 1 - with algorithms, 5, 340.148000, 54
2935, 1 - with algorithms, 5, 715.523000, 58
2936, 1 - with algorithms, 5, 6312.127000, 296
2937, 1 - with algorithms, 5, 510.027000, 56
2938, 1 - with algorithms, 5, 497.594000, 55
2939, 1 - with algorithms, 5, 334.298000, 55
2940, 1 - with algorithms, 5, 429.446000, 57
2941, 1 - with algorithms, 5, 763.162000, 57
2942, 1 - with algorithms, 5, 1830.686000, 90
2943, 1 - with algorithms, 5, 447.611000, 56
2944, 1 - with algorithms, 5, 481.183000, 57
2945, 1 - with algorithms, 5, 703.731000, 57
2946, 1 - with algorithms, 5, 436.389000, 55
2947, 1 - with algorithms, 5, 479.761000, 57
2948, 1 - with algorithms, 5, 442.521000, 55
2949, 1 - with algorithms, 5, 618.190000, 57
2950, 1 - with algorithms, 5, 429.005000, 54
2951, 1 - with algorithms, 5, 594.265000, 57
2952, 1 - with algorithms, 5, 509.877000, 56
2953, 1 - with algorithms, 5, 412.705000, 58
2954, 1 - with algorithms, 5, 474.160000, 54
2955, 1 - with algorithms, 5, 2752.085000, 175
2956, 1 - with algorithms, 5, 1305.660000, 56
2957, 1 - with algorithms, 5, 504.878000, 58
2958, 1 - with algorithms, 5, 818.476000, 82
2959, 1 - with algorithms, 5, 633.719000, 56
2960, 1 - with algorithms, 5, 576.232000, 55
2961, 1 - with algorithms, 5, 2494.882000, 95
2962, 1 - with algorithms, 5, 863.140000, 54
2963, 1 - with algorithms, 5, 363.021000, 55
2964, 1 - with algorithms, 5, 816.012000, 55
2965, 1 - with algorithms, 5, 456.206000, 56
2966, 1 - with algorithms, 5, 433.424000, 54
2967, 1 - with algorithms, 5, 1491.700000, 56
2968, 1 - with algorithms, 5, 714.211000, 56
2969, 1 - with algorithms, 5, 599.204000, 58
2970, 1 - with algorithms, 5, 930.296000, 55
2971, 1 - with algorithms, 5, 422.082000, 56
2972, 1 - with algorithms, 5, 645.862000, 54
2973, 1 - with algorithms, 5, 628.320000, 54
2974, 1 - with algorithms, 5, 402.425000, 57
2975, 1 - with algorithms, 5, 376.246000, 56
2976, 1 - with algorithms, 5, 468.359000, 55
2977, 1 - with algorithms, 5, 660.129000, 56
2978, 1 - with algorithms, 5, 797.076000, 55
2979, 1 - with algorithms, 5, 1003.053000, 81
2980, 1 - with algorithms, 5, 914.857000, 58
2981, 1 - with algorithms, 5, 1598.861000, 103
2982, 1 - with algorithms, 5, 1088.854000, 81
2983, 1 - with algorithms, 5, 1998.641000, 87
2984, 1 - with algorithms, 5, 496.742000, 56
2985, 1 - with algorithms, 5, 599.264000, 54
2986, 1 - with algorithms, 5, 612.599000, 57
2987, 1 - with algorithms, 5, 952.347000, 77
2988, 1 - with algorithms, 5, 1304.388000, 104
2989, 1 - with algorithms, 5, 462.018000, 56
2990, 1 - with algorithms, 5, 1416.829000, 57
2991, 1 - with algorithms, 5, 544.922000, 56
2992, 1 - with algorithms, 5, 452.028000, 56
2993, 1 - with algorithms, 5, 493.135000, 56
2994, 1 - with algorithms, 5, 680.006000, 56
2995, 1 - with algorithms, 5, 524.725000, 55
2996, 1 - with algorithms, 5, 1591.116000, 54
2997, 1 - with algorithms, 5, 467.798000, 54
2998, 1 - with algorithms, 5, 2490.534000, 97
2999, 1 - with algorithms, 5, 715.402000, 57
3000, 1 - with algorithms, 5, 602.380000, 56
3001, 1 - with algorithms, 5, 1125.893000, 56
3002, 1 - with algorithms, 5, 1141.262000, 104
3003, 1 - with algorithms, 5, 774.223000, 87
3004, 1 - with algorithms, 5, 583.315000, 58
3005, 1 - with algorithms, 5, 604.986000, 56
3006, 1 - with algorithms, 5, 559.050000, 57
3007, 1 - with algorithms, 5, 512.061000, 53
3008, 1 - with algorithms, 5, 610.365000, 56
3009, 1 - with algorithms, 5, 419.196000, 57
3010, 1 - with algorithms, 5, 828.956000, 52
3011, 1 - with algorithms, 5, 321.172000, 55
3012, 1 - with algorithms, 5, 435.607000, 56
3013, 1 - with algorithms, 5, 432.822000, 56
0, 1 - without algorithms, 1, 133.441000, 45
1, 1 - without algorithms, 1, 118.021000, 42
2, 1 - without algorithms, 1, 122.740000, 44
3, 1 - without algorithms, 1, 149.491000, 51
4, 1 - without algorithms, 1, 143.740000, 50
5, 1 - without algorithms, 1, 138.560000, 49
6, 1 - without algorithms, 1, 132.579000, 47
7, 1 - without algorithms, 1, 135.254000, 48
8, 1 - without algorithms, 1, 129.192000, 46
9, 1 - without algorithms, 1, 142.257000, 50
10, 1 - without algorithms, 1, 139.442000, 49
11, 1 - without algorithms, 1, 128.201000, 46
12, 1 - without algorithms, 1, 139.112000, 49
13, 1 - without algorithms, 1, 132.359000, 47
14, 1 - without algorithms, 1, 150.182000, 51
15, 1 - without algorithms, 1, 142.046000, 50
16, 1 - without algorithms, 1, 140.393000, 49
17, 1 - without algorithms, 1, 138.280000, 49
18, 1 - without algorithms, 1, 141.496000, 50
19, 1 - without algorithms, 1, 129.774000, 46
20, 1 - without algorithms, 1, 149.130000, 52
21, 1 - without algorithms, 1, 145.864000, 50
22, 1 - without algorithms, 1, 141.565000, 50
23, 1 - without algorithms, 1, 140.404000, 49
24, 1 - without algorithms, 1, 129.052000, 46
25, 1 - without algorithms, 1, 130.315000, 47
26, 1 - without algorithms, 1, 144.561000, 50
27, 1 - without algorithms, 1, 138.039000, 48
28, 1 - without algorithms, 1, 138.640000, 48
29, 1 - without algorithms, 1, 147.447000, 51
30, 1 - without algorithms, 1, 149.180000, 50
31, 1 - without algorithms, 1, 135.524000, 48
32, 1 - without algorithms, 1, 154.570000, 53
33, 1 - without algorithms, 1, 133.220000, 47
34, 1 - without algorithms, 1, 139.782000, 49
35, 1 - without algorithms, 1, 137.889000, 48
36, 1 - without algorithms, 1, 136.887000, 48
37, 1 - without algorithms, 1, 135.815000, 48
38, 1 - without algorithms, 1, 134.342000, 47
39, 1 - without algorithms, 1, 138.029000, 48
40, 1 - without algorithms, 1, 134.683000, 48
41, 1 - without algorithms, 1, 151.024000, 51
42, 1 - without algorithms, 1, 136.126000, 48
43, 1 - without algorithms, 1, 142.708000, 50
44, 1 - without algorithms, 1, 134.923000, 48
45, 1 - without algorithms, 1, 146.705000, 51
46, 1 - without algorithms, 1, 184.036000, 65
47, 1 - without algorithms, 1, 129.082000, 46
48, 1 - without algorithms, 1, 145.653000, 51
49, 1 - without algorithms, 1, 136.746000, 48
50, 1 - without algorithms, 1, 133.671000, 47
51, 1 - without algorithms, 1, 139.522000, 49
52, 1 - without algorithms, 1, 165.070000, 58
53, 1 - without algorithms, 1, 141.976000, 49
54, 1 - without algorithms, 1, 116.308000, 42
55, 1 - without algorithms, 1, 145.804000, 51
56, 1 - without algorithms, 1, 127.399000, 46
57, 1 - without algorithms, 1, 135.855000, 48
58, 1 - without algorithms, 1, 135.514000, 48
59, 1 - without algorithms, 1, 153.067000, 53
60, 1 - without algorithms, 1, 135.374000, 47
61, 1 - without algorithms, 1, 148.729000, 52
62, 1 - without algorithms, 1, 146.264000, 51
63, 1 - without algorithms, 1, 139.382000, 49
64, 1 - without algorithms, 1, 151.424000, 53
65, 1 - without algorithms, 1, 202.490000, 70
66, 1 - without algorithms, 1, 144.912000, 51
67, 1 - without algorithms, 1, 148.118000, 51
68, 1 - without algorithms, 1, 138.550000, 49
69, 1 - without algorithms, 1, 138.310000, 49
70, 1 - without algorithms, 1, 145.994000, 51
71, 1 - without algorithms, 1, 142.217000, 50
72, 1 - without algorithms, 1, 150.031000, 52
73, 1 - without algorithms, 1, 147.276000, 52
74, 1 - without algorithms, 1, 161.102000, 55
75, 1 - without algorithms, 1, 124.644000, 45
76, 1 - without algorithms, 1, 146.204000, 51
77, 1 - without algorithms, 1, 120.707000, 44
78, 1 - without algorithms, 1, 142.217000, 50
79, 1 - without algorithms, 1, 134.272000, 48
80, 1 - without algorithms, 1, 136.306000, 48
81, 1 - without algorithms, 1, 142.147000, 50
82, 1 - without algorithms, 1, 155.051000, 54
83, 1 - without algorithms, 1, 145.192000, 51
84, 1 - without algorithms, 1, 165.551000, 60
85, 1 - without algorithms, 1, 136.256000, 48
86, 1 - without algorithms, 1, 142.738000, 50
87, 1 - without algorithms, 1, 143.499000, 51
88, 1 - without algorithms, 1, 144.862000, 51
89, 1 - without algorithms, 1, 137.268000, 49
90, 1 - without algorithms, 1, 129.624000, 46
91, 1 - without algorithms, 1, 123.733000, 45
92, 1 - without algorithms, 1, 143.359000, 50
93, 1 - without algorithms, 1, 128.972000, 46
94, 1 - without algorithms, 1, 133.110000, 48
95, 1 - without algorithms, 1, 133.891000, 48
96, 1 - without algorithms, 1, 148.619000, 52
97, 1 - without algorithms, 1, 134.743000, 48
98, 1 - without algorithms, 1, 134.002000, 48
99, 1 - without algorithms, 1, 127.008000, 46
100, 1 - without algorithms, 1, 142.528000, 50
101, 1 - without algorithms, 1, 146.615000, 52
102, 1 - without algorithms, 1, 131.186000, 47
103, 1 - without algorithms, 1, 137.308000, 48
104, 1 - without algorithms, 1, 137.549000, 49
105, 1 - without algorithms, 1, 140.043000, 50
106, 1 - without algorithms, 1, 124.734000, 45
107, 1 - without algorithms, 1, 124.534000, 45
108, 1 - without algorithms, 1, 130.165000, 47
109, 1 - without algorithms, 1, 134.222000, 48
110, 1 - without algorithms, 1, 154.901000, 53
111, 1 - without algorithms, 1, 131.206000, 47
112, 1 - without algorithms, 1, 137.588000, 49
113, 1 - without algorithms, 1, 133.000000, 48
114, 1 - without algorithms, 1, 142.057000, 50
115, 1 - without algorithms, 1, 136.346000, 49
116, 1 - without algorithms, 1, 146.756000, 51
117, 1 - without algorithms, 1, 131.727000, 47
118, 1 - without algorithms, 1, 131.116000, 47
119, 1 - without algorithms, 1, 131.487000, 47
120, 1 - without algorithms, 1, 131.146000, 47
121, 1 - without algorithms, 1, 139.642000, 49
122, 1 - without algorithms, 1, 147.698000, 52
123, 1 - without algorithms, 1, 137.749000, 49
124, 1 - without algorithms, 1, 139.973000, 50
125, 1 - without algorithms, 1, 130.645000, 47
126, 1 - without algorithms, 1, 134.963000, 48
127, 1 - without algorithms, 1, 128.471000, 46
128, 1 - without algorithms, 1, 144.091000, 50
129, 1 - without algorithms, 1, 138.200000, 49
130, 1 - without algorithms, 1, 130.595000, 47
131, 1 - without algorithms, 1, 136.386000, 48
132, 1 - without algorithms, 1, 140.484000, 49
133, 1 - without algorithms, 1, 138.821000, 49
134, 1 - without algorithms, 1, 128.400000, 46
135, 1 - without algorithms, 1, 134.352000, 48
136, 1 - without algorithms, 1, 142.567000, 50
137, 1 - without algorithms, 1, 141.225000, 50
138, 1 - without algorithms, 1, 125.195000, 45
139, 1 - without algorithms, 1, 143.589000, 50
140, 1 - without algorithms, 1, 143.470000, 50
141, 1 - without algorithms, 1, 149.301000, 52
142, 1 - without algorithms, 1, 141.315000, 50
143, 1 - without algorithms, 1, 133.110000, 48
144, 1 - without algorithms, 1, 130.775000, 47
145, 1 - without algorithms, 1, 127.138000, 46
146, 1 - without algorithms, 1, 138.560000, 48
147, 1 - without algorithms, 1, 124.434000, 45
148, 1 - without algorithms, 1, 145.573000, 51
149, 1 - without algorithms, 1, 129.684000, 47
150, 1 - without algorithms, 1, 139.792000, 49
151, 1 - without algorithms, 1, 141.095000, 50
152, 1 - without algorithms, 1, 123.071000, 45
153, 1 - without algorithms, 1, 140.904000, 50
154, 1 - without algorithms, 1, 127.029000, 46
155, 1 - without algorithms, 1, 158.948000, 53
156, 1 - without algorithms, 1, 126.277000, 46
157, 1 - without algorithms, 1, 132.268000, 47
158, 1 - without algorithms, 1, 136.917000, 49
159, 1 - without algorithms, 1, 133.130000, 48
160, 1 - without algorithms, 1, 133.441000, 48
161, 1 - without algorithms, 1, 130.484000, 47
162, 1 - without algorithms, 1, 131.246000, 47
163, 1 - without algorithms, 1, 132.749000, 48
164, 1 - without algorithms, 1, 150.984000, 53
165, 1 - without algorithms, 1, 130.204000, 47
166, 1 - without algorithms, 1, 140.624000, 50
167, 1 - without algorithms, 1, 123.923000, 45
168, 1 - without algorithms, 1, 152.486000, 53
169, 1 - without algorithms, 1, 146.685000, 52
170, 1 - without algorithms, 1, 140.102000, 50
171, 1 - without algorithms, 1, 141.897000, 51
172, 1 - without algorithms, 1, 139.632000, 50
173, 1 - without algorithms, 1, 131.076000, 47
174, 1 - without algorithms, 1, 144.992000, 51
175, 1 - without algorithms, 1, 138.370000, 49
176, 1 - without algorithms, 1, 129.984000, 47
177, 1 - without algorithms, 1, 242.575000, 86
178, 1 - without algorithms, 1, 143.991000, 51
179, 1 - without algorithms, 1, 142.437000, 51
180, 1 - without algorithms, 1, 140.193000, 50
181, 1 - without algorithms, 1, 123.913000, 45
182, 1 - without algorithms, 1, 137.217000, 48
183, 1 - without algorithms, 1, 149.250000, 52
184, 1 - without algorithms, 1, 149.832000, 52
185, 1 - without algorithms, 1, 134.522000, 48
186, 1 - without algorithms, 1, 129.213000, 47
187, 1 - without algorithms, 1, 151.053000, 53
188, 1 - without algorithms, 1, 141.685000, 50
189, 1 - without algorithms, 1, 138.410000, 49
190, 1 - without algorithms, 1, 136.907000, 49
191, 1 - without algorithms, 1, 147.928000, 52
192, 1 - without algorithms, 1, 142.848000, 51
193, 1 - without algorithms, 1, 138.690000, 49
194, 1 - without algorithms, 1, 134.041000, 48
195, 1 - without algorithms, 1, 132.929000, 48
196, 1 - without algorithms, 1, 132.789000, 48
197, 1 - without algorithms, 1, 129.573000, 47
198, 1 - without algorithms, 1, 137.358000, 49
199, 1 - without algorithms, 1, 135.314000, 48
200, 1 - without algorithms, 1, 145.002000, 50
201, 1 - without algorithms, 1, 142.227000, 51
202, 1 - without algorithms, 1, 140.774000, 50
203, 1 - without algorithms, 1, 147.947000, 52
204, 1 - without algorithms, 1, 146.105000, 51
205, 1 - without algorithms, 1, 136.586000, 49
206, 1 - without algorithms, 1, 290.785000, 100
207, 1 - without algorithms, 1, 140.473000, 49
208, 1 - without algorithms, 1, 151.644000, 53
209, 1 - without algorithms, 1, 132.679000, 48
210, 1 - without algorithms, 1, 145.042000, 51
211, 1 - without algorithms, 1, 140.213000, 50
212, 1 - without algorithms, 1, 133.050000, 48
213, 1 - without algorithms, 1, 127.579000, 46
214, 1 - without algorithms, 1, 132.980000, 47
215, 1 - without algorithms, 1, 124.964000, 45
216, 1 - without algorithms, 1, 139.742000, 49
217, 1 - without algorithms, 1, 134.312000, 48
218, 1 - without algorithms, 1, 137.528000, 49
219, 1 - without algorithms, 1, 148.249000, 52
220, 1 - without algorithms, 1, 145.203000, 51
221, 1 - without algorithms, 1, 140.003000, 50
222, 1 - without algorithms, 1, 143.178000, 51
223, 1 - without algorithms, 1, 115.717000, 42
224, 1 - without algorithms, 1, 133.160000, 48
225, 1 - without algorithms, 1, 144.582000, 50
226, 1 - without algorithms, 1, 133.921000, 48
227, 1 - without algorithms, 1, 143.068000, 50
228, 1 - without algorithms, 1, 135.895000, 49
229, 1 - without algorithms, 1, 134.732000, 48
230, 1 - without algorithms, 1, 137.528000, 49
231, 1 - without algorithms, 1, 144.671000, 51
232, 1 - without algorithms, 1, 147.867000, 51
233, 1 - without algorithms, 1, 141.876000, 50
234, 1 - without algorithms, 1, 143.580000, 51
235, 1 - without algorithms, 1, 135.404000, 48
236, 1 - without algorithms, 1, 139.000000, 49
237, 1 - without algorithms, 1, 235.692000, 84
238, 1 - without algorithms, 1, 139.902000, 50
239, 1 - without algorithms, 1, 151.063000, 52
240, 1 - without algorithms, 1, 199.715000, 69
241, 1 - without algorithms, 1, 138.490000, 49
242, 1 - without algorithms, 1, 150.322000, 53
243, 1 - without algorithms, 1, 137.898000, 49
244, 1 - without algorithms, 1, 147.197000, 51
245, 1 - without algorithms, 1, 137.338000, 49
246, 1 - without algorithms, 1, 143.630000, 50
247, 1 - without algorithms, 1, 185.789000, 66
248, 1 - without algorithms, 1, 144.691000, 51
249, 1 - without algorithms, 1, 136.306000, 49
250, 1 - without algorithms, 1, 146.204000, 51
251, 1 - without algorithms, 1, 117.371000, 43
252, 1 - without algorithms, 1, 127.699000, 46
253, 1 - without algorithms, 1, 142.247000, 49
254, 1 - without algorithms, 1, 141.766000, 50
255, 1 - without algorithms, 1, 136.937000, 49
256, 1 - without algorithms, 1, 137.007000, 49
257, 1 - without algorithms, 1, 138.891000, 49
258, 1 - without algorithms, 1, 134.202000, 48
259, 1 - without algorithms, 1, 135.384000, 48
260, 1 - without algorithms, 1, 137.287000, 49
261, 1 - without algorithms, 1, 145.102000, 51
262, 1 - without algorithms, 1, 135.835000, 49
263, 1 - without algorithms, 1, 133.761000, 48
264, 1 - without algorithms, 1, 139.612000, 49
265, 1 - without algorithms, 1, 132.759000, 48
266, 1 - without algorithms, 1, 121.137000, 44
267, 1 - without algorithms, 1, 145.292000, 51
268, 1 - without algorithms, 1, 128.521000, 46
269, 1 - without algorithms, 1, 134.322000, 48
270, 1 - without algorithms, 1, 127.399000, 46
271, 1 - without algorithms, 1, 146.996000, 50
272, 1 - without algorithms, 1, 127.089000, 46
273, 1 - without algorithms, 1, 156.393000, 55
274, 1 - without algorithms, 1, 127.439000, 46
275, 1 - without algorithms, 1, 150.092000, 54
276, 1 - without algorithms, 1, 134.602000, 48
277, 1 - without algorithms, 1, 134.151000, 48
278, 1 - without algorithms, 1, 134.262000, 48
279, 1 - without algorithms, 1, 142.297000, 50
280, 1 - without algorithms, 1, 150.382000, 53
281, 1 - without algorithms, 1, 129.954000, 47
282, 1 - without algorithms, 1, 147.126000, 51
283, 1 - without algorithms, 1, 130.856000, 47
284, 1 - without algorithms, 1, 134.413000, 48
285, 1 - without algorithms, 1, 142.027000, 50
286, 1 - without algorithms, 1, 136.045000, 49
287, 1 - without algorithms, 1, 123.011000, 45
288, 1 - without algorithms, 1, 140.644000, 50
289, 1 - without algorithms, 1, 154.289000, 51
290, 1 - without algorithms, 1, 140.233000, 50
291, 1 - without algorithms, 1, 144.922000, 51
292, 1 - without algorithms, 1, 134.913000, 48
293, 1 - without algorithms, 1, 145.072000, 51
294, 1 - without algorithms, 1, 135.374000, 48
295, 1 - without algorithms, 1, 133.541000, 48
296, 1 - without algorithms, 1, 138.360000, 49
297, 1 - without algorithms, 1, 130.946000, 47
298, 1 - without algorithms, 1, 147.747000, 52
299, 1 - without algorithms, 1, 134.502000, 48
300, 1 - without algorithms, 1, 132.529000, 47
301, 1 - without algorithms, 1, 138.149000, 49
302, 1 - without algorithms, 1, 134.252000, 48
303, 1 - without algorithms, 1, 137.648000, 49
304, 1 - without algorithms, 1, 142.086000, 50
305, 1 - without algorithms, 1, 138.450000, 49
306, 1 - without algorithms, 1, 132.949000, 48
307, 1 - without algorithms, 1, 136.987000, 49
308, 1 - without algorithms, 1, 134.112000, 48
309, 1 - without algorithms, 1, 139.982000, 50
310, 1 - without algorithms, 1, 135.925000, 48
311, 1 - without algorithms, 1, 136.516000, 48
312, 1 - without algorithms, 1, 127.819000, 46
313, 1 - without algorithms, 1, 133.721000, 48
314, 1 - without algorithms, 1, 136.476000, 49
315, 1 - without algorithms, 1, 153.729000, 53
316, 1 - without algorithms, 1, 129.253000, 47
317, 1 - without algorithms, 1, 144.261000, 51
318, 1 - without algorithms, 1, 151.724000, 52
319, 1 - without algorithms, 1, 134.132000, 48
320, 1 - without algorithms, 1, 129.483000, 47
321, 1 - without algorithms, 1, 146.535000, 52
322, 1 - without algorithms, 1, 143.049000, 50
323, 1 - without algorithms, 1, 121.087000, 44
324, 1 - without algorithms, 1, 138.711000, 49
325, 1 - without algorithms, 1, 127.910000, 46
326, 1 - without algorithms, 1, 135.193000, 48
327, 1 - without algorithms, 1, 128.221000, 46
328, 1 - without algorithms, 1, 144.681000, 51
329, 1 - without algorithms, 1, 137.198000, 48
330, 1 - without algorithms, 1, 137.097000, 49
331, 1 - without algorithms, 1, 145.594000, 51
332, 1 - without algorithms, 1, 144.551000, 51
333, 1 - without algorithms, 1, 144.120000, 51
334, 1 - without algorithms, 1, 128.461000, 46
335, 1 - without algorithms, 1, 130.606000, 47
336, 1 - without algorithms, 1, 141.516000, 50
337, 1 - without algorithms, 1, 149.541000, 52
338, 1 - without algorithms, 1, 147.176000, 52
339, 1 - without algorithms, 1, 122.189000, 45
340, 1 - without algorithms, 1, 138.580000, 49
341, 1 - without algorithms, 1, 127.990000, 46
342, 1 - without algorithms, 1, 147.247000, 52
343, 1 - without algorithms, 1, 123.262000, 45
344, 1 - without algorithms, 1, 137.719000, 49
345, 1 - without algorithms, 1, 133.290000, 48
346, 1 - without algorithms, 1, 143.800000, 51
347, 1 - without algorithms, 1, 135.594000, 48
348, 1 - without algorithms, 1, 126.337000, 46
349, 1 - without algorithms, 1, 167.774000, 49
350, 1 - without algorithms, 1, 130.114000, 47
351, 1 - without algorithms, 1, 141.556000, 50
352, 1 - without algorithms, 1, 129.943000, 47
353, 1 - without algorithms, 1, 126.868000, 46
354, 1 - without algorithms, 1, 145.292000, 51
355, 1 - without algorithms, 1, 134.152000, 48
356, 1 - without algorithms, 1, 129.282000, 47
357, 1 - without algorithms, 1, 132.669000, 48
358, 1 - without algorithms, 1, 127.159000, 46
359, 1 - without algorithms, 1, 133.410000, 48
360, 1 - without algorithms, 1, 130.835000, 47
361, 1 - without algorithms, 1, 127.650000, 46
362, 1 - without algorithms, 1, 147.557000, 52
363, 1 - without algorithms, 1, 129.162000, 47
364, 1 - without algorithms, 1, 140.504000, 50
365, 1 - without algorithms, 1, 150.192000, 53
366, 1 - without algorithms, 1, 140.934000, 50
367, 1 - without algorithms, 1, 147.006000, 52
368, 1 - without algorithms, 1, 137.047000, 49
369, 1 - without algorithms, 1, 126.969000, 45
370, 1 - without algorithms, 1, 136.817000, 49
371, 1 - without algorithms, 1, 145.523000, 52
372, 1 - without algorithms, 1, 126.558000, 46
373, 1 - without algorithms, 1, 138.019000, 49
374, 1 - without algorithms, 1, 137.358000, 49
375, 1 - without algorithms, 1, 137.989000, 49
376, 1 - without algorithms, 1, 133.290000, 47
377, 1 - without algorithms, 1, 138.380000, 50
378, 1 - without algorithms, 1, 179.738000, 63
379, 1 - without algorithms, 1, 140.974000, 50
380, 1 - without algorithms, 1, 137.157000, 49
381, 1 - without algorithms, 1, 112.651000, 42
382, 1 - without algorithms, 1, 130.114000, 47
383, 1 - without algorithms, 1, 134.883000, 48
384, 1 - without algorithms, 1, 110.608000, 41
385, 1 - without algorithms, 1, 153.608000, 54
386, 1 - without algorithms, 1, 137.658000, 49
387, 1 - without algorithms, 1, 137.468000, 48
388, 1 - without algorithms, 1, 149.500000, 52
389, 1 - without algorithms, 1, 130.124000, 47
390, 1 - without algorithms, 1, 148.269000, 52
391, 1 - without algorithms, 1, 133.281000, 48
392, 1 - without algorithms, 1, 178.485000, 63
393, 1 - without algorithms, 1, 137.608000, 49
394, 1 - without algorithms, 1, 136.697000, 48
395, 1 - without algorithms, 1, 141.225000, 50
396, 1 - without algorithms, 1, 129.172000, 47
397, 1 - without algorithms, 1, 141.305000, 50
398, 1 - without algorithms, 1, 180.138000, 65
399, 1 - without algorithms, 1, 136.987000, 49
400, 1 - without algorithms, 1, 144.983000, 51
401, 1 - without algorithms, 1, 137.007000, 48
402, 1 - without algorithms, 1, 136.476000, 49
403, 1 - without algorithms, 1, 120.436000, 44
404, 1 - without algorithms, 1, 126.046000, 46
405, 1 - without algorithms, 1, 138.720000, 48
406, 1 - without algorithms, 1, 368.591000, 128
407, 1 - without algorithms, 1, 129.383000, 47
408, 1 - without algorithms, 1, 130.445000, 47
409, 1 - without algorithms, 1, 123.272000, 45
410, 1 - without algorithms, 1, 130.304000, 47
411, 1 - without algorithms, 1, 150.883000, 53
412, 1 - without algorithms, 1, 143.590000, 51
413, 1 - without algorithms, 1, 124.263000, 45
414, 1 - without algorithms, 1, 137.297000, 49
415, 1 - without algorithms, 1, 167.324000, 58
416, 1 - without algorithms, 1, 136.005000, 49
417, 1 - without algorithms, 1, 169.218000, 51
418, 1 - without algorithms, 1, 128.791000, 47
419, 1 - without algorithms, 1, 316.564000, 113
420, 1 - without algorithms, 1, 132.209000, 48
421, 1 - without algorithms, 1, 136.796000, 49
422, 1 - without algorithms, 1, 132.990000, 48
423, 1 - without algorithms, 1, 127.860000, 46
424, 1 - without algorithms, 1, 136.626000, 49
425, 1 - without algorithms, 1, 134.782000, 48
426, 1 - without algorithms, 1, 129.663000, 47
427, 1 - without algorithms, 1, 128.451000, 47
428, 1 - without algorithms, 1, 143.440000, 51
429, 1 - without algorithms, 1, 148.178000, 52
430, 1 - without algorithms, 1, 143.138000, 51
431, 1 - without algorithms, 1, 137.178000, 49
432, 1 - without algorithms, 1, 130.054000, 47
433, 1 - without algorithms, 1, 142.037000, 51
434, 1 - without algorithms, 1, 145.062000, 51
435, 1 - without algorithms, 1, 141.786000, 51
436, 1 - without algorithms, 1, 135.915000, 48
437, 1 - without algorithms, 1, 143.359000, 51
438, 1 - without algorithms, 1, 140.123000, 50
439, 1 - without algorithms, 1, 151.004000, 53
440, 1 - without algorithms, 1, 129.834000, 47
441, 1 - without algorithms, 1, 140.293000, 50
442, 1 - without algorithms, 1, 136.897000, 49
443, 1 - without algorithms, 1, 141.195000, 50
444, 1 - without algorithms, 1, 136.777000, 49
445, 1 - without algorithms, 1, 130.395000, 47
446, 1 - without algorithms, 1, 141.556000, 50
447, 1 - without algorithms, 1, 139.272000, 49
448, 1 - without algorithms, 1, 140.324000, 50
449, 1 - without algorithms, 1, 129.894000, 47
450, 1 - without algorithms, 1, 142.918000, 51
451, 1 - without algorithms, 1, 146.154000, 52
452, 1 - without algorithms, 1, 146.765000, 52
453, 1 - without algorithms, 1, 141.305000, 50
454, 1 - without algorithms, 1, 144.902000, 51
455, 1 - without algorithms, 1, 140.794000, 50
456, 1 - without algorithms, 1, 140.463000, 50
457, 1 - without algorithms, 1, 144.531000, 51
458, 1 - without algorithms, 1, 145.132000, 51
459, 1 - without algorithms, 1, 129.944000, 47
460, 1 - without algorithms, 1, 138.981000, 50
461, 1 - without algorithms, 1, 127.479000, 46
462, 1 - without algorithms, 1, 141.716000, 50
463, 1 - without algorithms, 1, 121.288000, 44
464, 1 - without algorithms, 1, 128.611000, 47
465, 1 - without algorithms, 1, 124.754000, 45
466, 1 - without algorithms, 1, 132.849000, 48
467, 1 - without algorithms, 1, 138.440000, 50
468, 1 - without algorithms, 1, 148.278000, 52
469, 1 - without algorithms, 1, 140.965000, 49
470, 1 - without algorithms, 1, 143.249000, 51
471, 1 - without algorithms, 1, 139.643000, 50
472, 1 - without algorithms, 1, 130.485000, 47
473, 1 - without algorithms, 1, 140.944000, 50
474, 1 - without algorithms, 1, 127.429000, 46
475, 1 - without algorithms, 1, 128.932000, 47
476, 1 - without algorithms, 1, 130.906000, 47
477, 1 - without algorithms, 1, 123.182000, 45
478, 1 - without algorithms, 1, 126.007000, 46
479, 1 - without algorithms, 1, 134.303000, 48
480, 1 - without algorithms, 1, 131.186000, 47
481, 1 - without algorithms, 1, 140.324000, 50
482, 1 - without algorithms, 1, 135.093000, 49
483, 1 - without algorithms, 1, 129.423000, 47
484, 1 - without algorithms, 1, 143.048000, 51
485, 1 - without algorithms, 1, 141.986000, 51
486, 1 - without algorithms, 1, 133.962000, 49
487, 1 - without algorithms, 1, 154.420000, 54
488, 1 - without algorithms, 1, 136.846000, 49
489, 1 - without algorithms, 1, 128.111000, 47
490, 1 - without algorithms, 1, 120.125000, 44
491, 1 - without algorithms, 1, 132.038000, 47
492, 1 - without algorithms, 1, 142.868000, 51
493, 1 - without algorithms, 1, 132.038000, 48
494, 1 - without algorithms, 1, 141.996000, 51
495, 1 - without algorithms, 1, 125.716000, 46
496, 1 - without algorithms, 1, 135.604000, 49
497, 1 - without algorithms, 1, 123.141000, 45
498, 1 - without algorithms, 1, 145.463000, 51
499, 1 - without algorithms, 1, 141.856000, 51
500, 1 - without algorithms, 1, 134.062000, 49
501, 1 - without algorithms, 1, 131.897000, 48
502, 1 - without algorithms, 1, 134.693000, 48
503, 1 - without algorithms, 1, 130.876000, 47
504, 1 - without algorithms, 1, 133.290000, 48
505, 1 - without algorithms, 1, 125.837000, 46
506, 1 - without algorithms, 1, 145.062000, 51
507, 1 - without algorithms, 1, 146.345000, 52
508, 1 - without algorithms, 1, 142.548000, 51
509, 1 - without algorithms, 1, 146.155000, 51
510, 1 - without algorithms, 1, 139.231000, 50
511, 1 - without algorithms, 1, 136.286000, 49
512, 1 - without algorithms, 1, 133.581000, 48
513, 1 - without algorithms, 1, 148.379000, 52
514, 1 - without algorithms, 1, 153.017000, 54
515, 1 - without algorithms, 1, 135.544000, 49
516, 1 - without algorithms, 1, 130.786000, 47
517, 1 - without algorithms, 1, 141.586000, 50
518, 1 - without algorithms, 1, 149.431000, 53
519, 1 - without algorithms, 1, 142.758000, 51
520, 1 - without algorithms, 1, 130.465000, 47
521, 1 - without algorithms, 1, 132.659000, 48
522, 1 - without algorithms, 1, 147.527000, 52
523, 1 - without algorithms, 1, 139.502000, 50
524, 1 - without algorithms, 1, 136.757000, 49
525, 1 - without algorithms, 1, 136.907000, 49
526, 1 - without algorithms, 1, 129.283000, 47
527, 1 - without algorithms, 1, 124.924000, 46
528, 1 - without algorithms, 1, 126.357000, 46
529, 1 - without algorithms, 1, 130.194000, 47
530, 1 - without algorithms, 1, 129.202000, 47
531, 1 - without algorithms, 1, 130.285000, 47
532, 1 - without algorithms, 1, 145.222000, 51
533, 1 - without algorithms, 1, 133.911000, 48
534, 1 - without algorithms, 1, 128.792000, 47
535, 1 - without algorithms, 1, 130.285000, 47
536, 1 - without algorithms, 1, 116.479000, 43
537, 1 - without algorithms, 1, 128.812000, 47
538, 1 - without algorithms, 1, 143.379000, 51
539, 1 - without algorithms, 1, 136.016000, 49
540, 1 - without algorithms, 1, 137.768000, 49
541, 1 - without algorithms, 1, 141.656000, 51
542, 1 - without algorithms, 1, 126.578000, 45
543, 1 - without algorithms, 1, 122.149000, 45
544, 1 - without algorithms, 1, 133.771000, 48
545, 1 - without algorithms, 1, 140.614000, 50
546, 1 - without algorithms, 1, 136.075000, 49
547, 1 - without algorithms, 1, 139.722000, 50
548, 1 - without algorithms, 1, 132.799000, 48
549, 1 - without algorithms, 1, 227.216000, 81
550, 1 - without algorithms, 1, 143.119000, 51
551, 1 - without algorithms, 1, 126.337000, 46
552, 1 - without algorithms, 1, 137.348000, 49
553, 1 - without algorithms, 1, 135.945000, 49
554, 1 - without algorithms, 1, 135.384000, 49
555, 1 - without algorithms, 1, 145.883000, 52
556, 1 - without algorithms, 1, 145.723000, 52
557, 1 - without algorithms, 1, 126.467000, 46
558, 1 - without algorithms, 1, 146.666000, 52
559, 1 - without algorithms, 1, 174.517000, 63
560, 1 - without algorithms, 1, 141.696000, 50
561, 1 - without algorithms, 1, 121.047000, 45
562, 1 - without algorithms, 1, 128.742000, 47
563, 1 - without algorithms, 1, 136.276000, 49
564, 1 - without algorithms, 1, 147.277000, 52
565, 1 - without algorithms, 1, 142.508000, 51
566, 1 - without algorithms, 1, 153.689000, 54
567, 1 - without algorithms, 1, 133.701000, 48
568, 1 - without algorithms, 1, 146.304000, 52
569, 1 - without algorithms, 1, 139.432000, 50
570, 1 - without algorithms, 1, 142.607000, 51
571, 1 - without algorithms, 1, 143.379000, 51
572, 1 - without algorithms, 1, 129.112000, 47
573, 1 - without algorithms, 1, 128.642000, 47
574, 1 - without algorithms, 1, 151.635000, 53
575, 1 - without algorithms, 1, 130.986000, 48
576, 1 - without algorithms, 1, 139.352000, 50
577, 1 - without algorithms, 1, 135.334000, 49
578, 1 - without algorithms, 1, 140.624000, 50
579, 1 - without algorithms, 1, 137.177000, 49
580, 1 - without algorithms, 1, 131.497000, 48
581, 1 - without algorithms, 1, 140.554000, 50
582, 1 - without algorithms, 1, 134.323000, 48
583, 1 - without algorithms, 1, 127.599000, 46
584, 1 - without algorithms, 1, 148.208000, 53
585, 1 - without algorithms, 1, 122.369000, 45
586, 1 - without algorithms, 1, 137.849000, 49
587, 1 - without algorithms, 1, 139.251000, 50
588, 1 - without algorithms, 1, 128.431000, 47
589, 1 - without algorithms, 1, 139.061000, 49
590, 1 - without algorithms, 1, 139.873000, 50
591, 1 - without algorithms, 1, 141.155000, 50
592, 1 - without algorithms, 1, 138.200000, 50
593, 1 - without algorithms, 1, 134.573000, 49
594, 1 - without algorithms, 1, 149.371000, 53
595, 1 - without algorithms, 1, 146.395000, 52
596, 1 - without algorithms, 1, 136.095000, 49
597, 1 - without algorithms, 1, 139.292000, 50
598, 1 - without algorithms, 1, 124.373000, 45
599, 1 - without algorithms, 1, 137.387000, 49
600, 1 - without algorithms, 2, 144.011000, 51
601, 1 - without algorithms, 2, 133.170000, 48
602, 1 - without algorithms, 2, 139.442000, 50
603, 1 - without algorithms, 2, 134.452000, 49
604, 1 - without algorithms, 2, 137.438000, 49
605, 1 - without algorithms, 2, 141.144000, 50
606, 1 - without algorithms, 2, 130.916000, 47
607, 1 - without algorithms, 2, 140.133000, 50
608, 1 - without algorithms, 2, 145.033000, 51
609, 1 - without algorithms, 2, 140.103000, 50
610, 1 - without algorithms, 2, 136.637000, 49
611, 1 - without algorithms, 2, 148.048000, 51
612, 1 - without algorithms, 2, 334.067000, 121
613, 1 - without algorithms, 2, 129.112000, 47
614, 1 - without algorithms, 2, 139.853000, 49
615, 1 - without algorithms, 2, 131.818000, 48
616, 1 - without algorithms, 2, 212.329000, 75
617, 1 - without algorithms, 2, 143.088000, 51
618, 1 - without algorithms, 2, 147.457000, 52
619, 1 - without algorithms, 2, 149.059000, 53
620, 1 - without algorithms, 2, 161.373000, 57
621, 1 - without algorithms, 2, 137.478000, 49
622, 1 - without algorithms, 2, 145.613000, 52
623, 1 - without algorithms, 2, 141.826000, 51
624, 1 - without algorithms, 2, 135.905000, 49
625, 1 - without algorithms, 2, 146.705000, 52
626, 1 - without algorithms, 2, 137.859000, 49
627, 1 - without algorithms, 2, 148.559000, 52
628, 1 - without algorithms, 2, 130.845000, 46
629, 1 - without algorithms, 2, 142.056000, 50
630, 1 - without algorithms, 2, 141.556000, 51
631, 1 - without algorithms, 2, 129.303000, 47
632, 1 - without algorithms, 2, 164.960000, 59
633, 1 - without algorithms, 2, 148.158000, 52
634, 1 - without algorithms, 2, 124.884000, 46
635, 1 - without algorithms, 2, 180.740000, 65
636, 1 - without algorithms, 2, 144.462000, 51
637, 1 - without algorithms, 2, 135.805000, 49
638, 1 - without algorithms, 2, 116.138000, 43
639, 1 - without algorithms, 2, 143.149000, 51
640, 1 - without algorithms, 2, 147.247000, 52
641, 1 - without algorithms, 2, 133.250000, 48
642, 1 - without algorithms, 2, 131.227000, 47
643, 1 - without algorithms, 2, 188.815000, 66
644, 1 - without algorithms, 2, 134.012000, 48
645, 1 - without algorithms, 2, 184.066000, 65
646, 1 - without algorithms, 2, 152.907000, 53
647, 1 - without algorithms, 2, 145.854000, 52
648, 1 - without algorithms, 2, 134.763000, 49
649, 1 - without algorithms, 2, 108.824000, 41
650, 1 - without algorithms, 2, 136.866000, 49
651, 1 - without algorithms, 2, 172.213000, 62
652, 1 - without algorithms, 2, 133.421000, 48
653, 1 - without algorithms, 2, 153.939000, 53
654, 1 - without algorithms, 2, 147.637000, 53
655, 1 - without algorithms, 2, 147.346000, 52
656, 1 - without algorithms, 2, 135.505000, 49
657, 1 - without algorithms, 2, 148.899000, 53
658, 1 - without algorithms, 2, 154.109000, 54
659, 1 - without algorithms, 2, 152.016000, 54
660, 1 - without algorithms, 2, 145.393000, 51
661, 1 - without algorithms, 2, 169.498000, 61
662, 1 - without algorithms, 2, 159.469000, 56
663, 1 - without algorithms, 2, 188.734000, 66
664, 1 - without algorithms, 2, 135.444000, 49
665, 1 - without algorithms, 2, 146.204000, 52
666, 1 - without algorithms, 2, 149.040000, 52
667, 1 - without algorithms, 2, 215.074000, 77
668, 1 - without algorithms, 2, 145.753000, 52
669, 1 - without algorithms, 2, 144.681000, 51
670, 1 - without algorithms, 2, 132.348000, 48
671, 1 - without algorithms, 2, 206.257000, 73
672, 1 - without algorithms, 2, 280.055000, 98
673, 1 - without algorithms, 2, 146.285000, 52
674, 1 - without algorithms, 2, 166.473000, 59
675, 1 - without algorithms, 2, 136.997000, 49
676, 1 - without algorithms, 2, 129.523000, 47
677, 1 - without algorithms, 2, 146.615000, 51
678, 1 - without algorithms, 2, 133.671000, 48
679, 1 - without algorithms, 2, 138.039000, 49
680, 1 - without algorithms, 2, 155.141000, 54
681, 1 - without algorithms, 2, 250.239000, 88
682, 1 - without algorithms, 2, 178.224000, 62
683, 1 - without algorithms, 2, 156.213000, 54
684, 1 - without algorithms, 2, 189.005000, 64
685, 1 - without algorithms, 2, 144.521000, 51
686, 1 - without algorithms, 2, 154.901000, 54
687, 1 - without algorithms, 2, 142.708000, 50
688, 1 - without algorithms, 2, 159.359000, 55
689, 1 - without algorithms, 2, 142.056000, 50
690, 1 - without algorithms, 2, 137.889000, 49
691, 1 - without algorithms, 2, 152.757000, 52
692, 1 - without algorithms, 2, 167.314000, 59
693, 1 - without algorithms, 2, 141.616000, 50
694, 1 - without algorithms, 2, 145.873000, 50
695, 1 - without algorithms, 2, 147.517000, 51
696, 1 - without algorithms, 2, 146.655000, 51
697, 1 - without algorithms, 2, 138.660000, 49
698, 1 - without algorithms, 2, 144.110000, 50
699, 1 - without algorithms, 2, 158.968000, 54
700, 1 - without algorithms, 2, 360.126000, 127
701, 1 - without algorithms, 2, 198.222000, 67
702, 1 - without algorithms, 2, 187.372000, 64
703, 1 - without algorithms, 2, 144.511000, 50
704, 1 - without algorithms, 2, 135.174000, 47
705, 1 - without algorithms, 2, 176.972000, 60
706, 1 - without algorithms, 2, 176.932000, 60
707, 1 - without algorithms, 2, 394.681000, 137
708, 1 - without algorithms, 2, 147.607000, 51
709, 1 - without algorithms, 2, 142.989000, 50
710, 1 - without algorithms, 2, 156.023000, 53
711, 1 - without algorithms, 2, 212.268000, 73
712, 1 - without algorithms, 2, 225.934000, 79
713, 1 - without algorithms, 2, 625.934000, 208
714, 1 - without algorithms, 2, 187.953000, 64
715, 1 - without algorithms, 2, 147.908000, 51
716, 1 - without algorithms, 2, 168.486000, 58
717, 1 - without algorithms, 2, 157.094000, 54
718, 1 - without algorithms, 2, 160.050000, 54
719, 1 - without algorithms, 2, 142.166000, 49
720, 1 - without algorithms, 2, 192.021000, 66
721, 1 - without algorithms, 2, 151.554000, 51
722, 1 - without algorithms, 2, 236.002000, 78
723, 1 - without algorithms, 2, 267.252000, 90
724, 1 - without algorithms, 2, 240.822000, 80
725, 1 - without algorithms, 2, 192.070000, 65
726, 1 - without algorithms, 2, 142.297000, 49
727, 1 - without algorithms, 2, 372.228000, 123
728, 1 - without algorithms, 2, 186.570000, 63
729, 1 - without algorithms, 2, 192.130000, 65
730, 1 - without algorithms, 2, 247.465000, 83
731, 1 - without algorithms, 2, 223.710000, 74
732, 1 - without algorithms, 2, 184.636000, 63
733, 1 - without algorithms, 2, 2702.111000, 878
734, 1 - without algorithms, 2, 157.686000, 53
735, 1 - without algorithms, 2, 828.244000, 271
736, 1 - without algorithms, 2, 458.701000, 156
737, 1 - without algorithms, 2, 343.766000, 113
738, 1 - without algorithms, 2, 147.858000, 50
739, 1 - without algorithms, 2, 159.370000, 53
740, 1 - without algorithms, 2, 394.551000, 126
741, 1 - without algorithms, 2, 158.677000, 53
742, 1 - without algorithms, 2, 147.657000, 50
743, 1 - without algorithms, 2, 144.601000, 49
744, 1 - without algorithms, 2, 152.977000, 51
745, 1 - without algorithms, 2, 166.553000, 55
746, 1 - without algorithms, 2, 154.109000, 51
747, 1 - without algorithms, 2, 257.584000, 85
748, 1 - without algorithms, 2, 157.275000, 52
749, 1 - without algorithms, 2, 154.610000, 51
750, 1 - without algorithms, 2, 256.852000, 86
751, 1 - without algorithms, 2, 167.314000, 55
752, 1 - without algorithms, 2, 168.536000, 56
753, 1 - without algorithms, 2, 362.451000, 123
754, 1 - without algorithms, 2, 145.964000, 49
755, 1 - without algorithms, 2, 175.730000, 57
756, 1 - without algorithms, 2, 155.381000, 52
757, 1 - without algorithms, 2, 144.982000, 49
758, 1 - without algorithms, 2, 152.977000, 51
759, 1 - without algorithms, 2, 159.109000, 53
760, 1 - without algorithms, 2, 269.636000, 89
761, 1 - without algorithms, 2, 141.235000, 47
762, 1 - without algorithms, 2, 190.868000, 63
763, 1 - without algorithms, 2, 147.707000, 50
764, 1 - without algorithms, 2, 314.801000, 104
765, 1 - without algorithms, 2, 144.031000, 49
766, 1 - without algorithms, 2, 171.091000, 56
767, 1 - without algorithms, 2, 213.421000, 71
768, 1 - without algorithms, 2, 393.699000, 128
769, 1 - without algorithms, 2, 241.393000, 79
770, 1 - without algorithms, 2, 155.693000, 52
771, 1 - without algorithms, 2, 344.627000, 110
772, 1 - without algorithms, 2, 158.578000, 52
773, 1 - without algorithms, 2, 212.719000, 69
774, 1 - without algorithms, 2, 471.866000, 151
775, 1 - without algorithms, 2, 175.770000, 58
776, 1 - without algorithms, 2, 456.267000, 158
777, 1 - without algorithms, 2, 160.882000, 53
778, 1 - without algorithms, 2, 165.450000, 55
779, 1 - without algorithms, 2, 166.553000, 55
780, 1 - without algorithms, 2, 268.865000, 89
781, 1 - without algorithms, 2, 148.138000, 50
782, 1 - without algorithms, 2, 194.705000, 64
783, 1 - without algorithms, 2, 147.236000, 50
784, 1 - without algorithms, 2, 1042.757000, 344
785, 1 - without algorithms, 2, 344.526000, 111
786, 1 - without algorithms, 2, 442.510000, 149
787, 1 - without algorithms, 2, 215.304000, 70
788, 1 - without algorithms, 2, 192.140000, 63
789, 1 - without algorithms, 2, 158.678000, 53
790, 1 - without algorithms, 2, 159.188000, 54
791, 1 - without algorithms, 2, 148.990000, 51
792, 1 - without algorithms, 2, 210.595000, 69
793, 1 - without algorithms, 2, 329.368000, 111
794, 1 - without algorithms, 2, 266.390000, 89
795, 1 - without algorithms, 2, 153.528000, 52
796, 1 - without algorithms, 2, 152.496000, 52
797, 1 - without algorithms, 2, 302.207000, 101
798, 1 - without algorithms, 2, 381.275000, 123
799, 1 - without algorithms, 2, 243.828000, 82
800, 1 - without algorithms, 2, 1027.358000, 350
801, 1 - without algorithms, 2, 294.492000, 101
802, 1 - without algorithms, 2, 216.105000, 73
803, 1 - without algorithms, 2, 152.957000, 52
804, 1 - without algorithms, 2, 191.620000, 64
805, 1 - without algorithms, 2, 195.126000, 67
806, 1 - without algorithms, 2, 148.158000, 50
807, 1 - without algorithms, 2, 153.808000, 52
808, 1 - without algorithms, 2, 160.972000, 54
809, 1 - without algorithms, 2, 155.211000, 53
810, 1 - without algorithms, 2, 184.056000, 62
811, 1 - without algorithms, 2, 152.106000, 52
812, 1 - without algorithms, 2, 151.294000, 51
813, 1 - without algorithms, 2, 211.116000, 72
814, 1 - without algorithms, 2, 211.487000, 70
815, 1 - without algorithms, 2, 154.541000, 52
816, 1 - without algorithms, 2, 178.835000, 60
817, 1 - without algorithms, 2, 145.193000, 50
818, 1 - without algorithms, 2, 214.061000, 71
819, 1 - without algorithms, 2, 167.334000, 57
820, 1 - without algorithms, 2, 155.722000, 53
821, 1 - without algorithms, 2, 293.481000, 98
822, 1 - without algorithms, 2, 155.392000, 53
823, 1 - without algorithms, 2, 163.066000, 55
824, 1 - without algorithms, 2, 318.067000, 107
825, 1 - without algorithms, 2, 154.099000, 52
826, 1 - without algorithms, 2, 142.156000, 49
827, 1 - without algorithms, 2, 174.928000, 59
828, 1 - without algorithms, 2, 159.499000, 55
829, 1 - without algorithms, 2, 764.214000, 257
830, 1 - without algorithms, 2, 152.106000, 52
831, 1 - without algorithms, 2, 636.875000, 219
832, 1 - without algorithms, 2, 175.690000, 60
833, 1 - without algorithms, 2, 153.849000, 53
834, 1 - without algorithms, 2, 157.907000, 53
835, 1 - without algorithms, 2, 162.815000, 56
836, 1 - without algorithms, 2, 199.895000, 69
837, 1 - without algorithms, 2, 182.042000, 61
838, 1 - without algorithms, 2, 158.487000, 54
839, 1 - without algorithms, 2, 148.660000, 51
840, 1 - without algorithms, 2, 178.715000, 59
841, 1 - without algorithms, 2, 276.439000, 95
842, 1 - without algorithms, 2, 221.757000, 76
843, 1 - without algorithms, 2, 186.029000, 65
844, 1 - without algorithms, 2, 147.156000, 51
845, 1 - without algorithms, 2, 638.599000, 217
846, 1 - without algorithms, 2, 149.210000, 52
847, 1 - without algorithms, 2, 238.287000, 83
848, 1 - without algorithms, 2, 531.318000, 177
849, 1 - without algorithms, 2, 155.953000, 54
850, 1 - without algorithms, 2, 192.692000, 65
851, 1 - without algorithms, 2, 196.629000, 68
852, 1 - without algorithms, 2, 155.141000, 53
853, 1 - without algorithms, 2, 200.647000, 69
854, 1 - without algorithms, 2, 157.125000, 54
855, 1 - without algorithms, 2, 163.367000, 57
856, 1 - without algorithms, 2, 210.475000, 71
857, 1 - without algorithms, 2, 155.562000, 54
858, 1 - without algorithms, 2, 273.443000, 97
859, 1 - without algorithms, 2, 146.205000, 51
860, 1 - without algorithms, 2, 148.579000, 51
861, 1 - without algorithms, 2, 315.031000, 110
862, 1 - without algorithms, 2, 175.399000, 61
863, 1 - without algorithms, 2, 147.667000, 52
864, 1 - without algorithms, 2, 142.588000, 50
865, 1 - without algorithms, 2, 142.417000, 50
866, 1 - without algorithms, 2, 333.165000, 61
867, 1 - without algorithms, 2, 165.030000, 57
868, 1 - without algorithms, 2, 152.957000, 53
869, 1 - without algorithms, 2, 168.356000, 56
870, 1 - without algorithms, 2, 150.312000, 52
871, 1 - without algorithms, 2, 197.070000, 67
872, 1 - without algorithms, 2, 155.632000, 53
873, 1 - without algorithms, 2, 136.265000, 48
874, 1 - without algorithms, 2, 206.828000, 73
875, 1 - without algorithms, 2, 132.179000, 47
876, 1 - without algorithms, 2, 344.857000, 118
877, 1 - without algorithms, 2, 146.384000, 51
878, 1 - without algorithms, 2, 155.442000, 54
879, 1 - without algorithms, 2, 208.110000, 71
880, 1 - without algorithms, 2, 589.065000, 199
881, 1 - without algorithms, 2, 193.293000, 66
882, 1 - without algorithms, 2, 232.175000, 80
883, 1 - without algorithms, 2, 150.322000, 52
884, 1 - without algorithms, 2, 169.528000, 58
885, 1 - without algorithms, 2, 152.797000, 53
886, 1 - without algorithms, 2, 232.296000, 83
887, 1 - without algorithms, 2, 147.446000, 51
888, 1 - without algorithms, 2, 132.058000, 47
889, 1 - without algorithms, 2, 186.019000, 66
890, 1 - without algorithms, 2, 262.122000, 90
891, 1 - without algorithms, 2, 166.723000, 58
892, 1 - without algorithms, 2, 141.285000, 50
893, 1 - without algorithms, 2, 164.439000, 56
894, 1 - without algorithms, 2, 135.504000, 48
895, 1 - without algorithms, 2, 175.720000, 62
896, 1 - without algorithms, 2, 323.017000, 109
897, 1 - without algorithms, 2, 733.557000, 252
898, 1 - without algorithms, 2, 130.175000, 47
899, 1 - without algorithms, 2, 144.171000, 51
900, 1 - without algorithms, 2, 148.989000, 52
901, 1 - without algorithms, 2, 145.953000, 51
902, 1 - without algorithms, 2, 150.452000, 53
903, 1 - without algorithms, 2, 451.798000, 156
904, 1 - without algorithms, 2, 187.211000, 64
905, 1 - without algorithms, 2, 190.788000, 65
906, 1 - without algorithms, 2, 136.466000, 48
907, 1 - without algorithms, 2, 578.195000, 200
908, 1 - without algorithms, 2, 173.065000, 60
909, 1 - without algorithms, 2, 243.628000, 85
910, 1 - without algorithms, 2, 147.276000, 52
911, 1 - without algorithms, 2, 245.992000, 86
912, 1 - without algorithms, 2, 158.808000, 55
913, 1 - without algorithms, 2, 144.631000, 51
914, 1 - without algorithms, 2, 189.576000, 65
915, 1 - without algorithms, 2, 149.982000, 52
916, 1 - without algorithms, 2, 151.925000, 53
917, 1 - without algorithms, 2, 161.523000, 57
918, 1 - without algorithms, 2, 141.205000, 50
919, 1 - without algorithms, 2, 175.299000, 60
920, 1 - without algorithms, 2, 151.404000, 53
921, 1 - without algorithms, 2, 196.048000, 68
922, 1 - without algorithms, 2, 162.214000, 55
923, 1 - without algorithms, 2, 242.696000, 84
924, 1 - without algorithms, 2, 670.218000, 224
925, 1 - without algorithms, 2, 184.887000, 65
926, 1 - without algorithms, 2, 198.021000, 68
927, 1 - without algorithms, 2, 186.149000, 63
928, 1 - without algorithms, 2, 285.456000, 99
929, 1 - without algorithms, 2, 142.698000, 50
930, 1 - without algorithms, 2, 155.001000, 54
931, 1 - without algorithms, 2, 136.426000, 49
932, 1 - without algorithms, 2, 155.372000, 54
933, 1 - without algorithms, 2, 145.142000, 50
934, 1 - without algorithms, 2, 137.919000, 49
935, 1 - without algorithms, 2, 176.942000, 61
936, 1 - without algorithms, 2, 217.428000, 75
937, 1 - without algorithms, 2, 188.844000, 65
938, 1 - without algorithms, 2, 439.044000, 154
939, 1 - without algorithms, 2, 194.145000, 69
940, 1 - without algorithms, 2, 229.782000, 79
941, 1 - without algorithms, 2, 273.563000, 95
942, 1 - without algorithms, 2, 304.853000, 106
943, 1 - without algorithms, 2, 144.070000, 51
944, 1 - without algorithms, 2, 175.389000, 61
945, 1 - without algorithms, 2, 145.644000, 51
946, 1 - without algorithms, 2, 147.036000, 52
947, 1 - without algorithms, 2, 146.915000, 52
948, 1 - without algorithms, 2, 143.880000, 51
949, 1 - without algorithms, 2, 466.806000, 162
950, 1 - without algorithms, 2, 160.521000, 55
951, 1 - without algorithms, 2, 144.191000, 51
952, 1 - without algorithms, 2, 177.714000, 62
953, 1 - without algorithms, 2, 154.260000, 55
954, 1 - without algorithms, 2, 205.976000, 72
955, 1 - without algorithms, 2, 200.507000, 71
956, 1 - without algorithms, 2, 146.575000, 52
957, 1 - without algorithms, 2, 154.550000, 55
958, 1 - without algorithms, 2, 240.331000, 84
959, 1 - without algorithms, 2, 198.292000, 69
960, 1 - without algorithms, 2, 1059.728000, 358
961, 1 - without algorithms, 2, 147.247000, 52
962, 1 - without algorithms, 2, 165.951000, 58
963, 1 - without algorithms, 2, 148.569000, 52
964, 1 - without algorithms, 2, 140.193000, 50
965, 1 - without algorithms, 2, 179.577000, 64
966, 1 - without algorithms, 2, 148.228000, 52
967, 1 - without algorithms, 2, 156.403000, 54
968, 1 - without algorithms, 2, 211.738000, 73
969, 1 - without algorithms, 2, 165.701000, 58
970, 1 - without algorithms, 2, 139.842000, 50
971, 1 - without algorithms, 2, 231.354000, 82
972, 1 - without algorithms, 2, 140.294000, 50
973, 1 - without algorithms, 2, 164.609000, 59
974, 1 - without algorithms, 2, 206.427000, 71
975, 1 - without algorithms, 2, 146.425000, 52
976, 1 - without algorithms, 2, 142.217000, 51
977, 1 - without algorithms, 2, 180.208000, 62
978, 1 - without algorithms, 2, 192.631000, 67
979, 1 - without algorithms, 2, 261.260000, 90
980, 1 - without algorithms, 2, 211.457000, 73
981, 1 - without algorithms, 2, 445.697000, 156
982, 1 - without algorithms, 2, 162.395000, 56
983, 1 - without algorithms, 2, 235.702000, 83
984, 1 - without algorithms, 2, 136.356000, 49
985, 1 - without algorithms, 2, 222.057000, 79
986, 1 - without algorithms, 2, 162.885000, 57
987, 1 - without algorithms, 2, 137.178000, 49
988, 1 - without algorithms, 2, 156.954000, 55
989, 1 - without algorithms, 2, 403.998000, 142
990, 1 - without algorithms, 2, 151.033000, 53
991, 1 - without algorithms, 2, 181.490000, 63
992, 1 - without algorithms, 2, 301.796000, 106
993, 1 - without algorithms, 2, 139.381000, 50
994, 1 - without algorithms, 2, 168.667000, 59
995, 1 - without algorithms, 2, 143.028000, 51
996, 1 - without algorithms, 2, 142.557000, 51
997, 1 - without algorithms, 2, 209.002000, 73
998, 1 - without algorithms, 2, 201.028000, 71
999, 1 - without algorithms, 2, 238.648000, 83
1000, 1 - without algorithms, 2, 151.364000, 54
1001, 1 - without algorithms, 2, 220.764000, 79
1002, 1 - without algorithms, 2, 138.059000, 49
1003, 1 - without algorithms, 2, 163.828000, 58
1004, 1 - without algorithms, 2, 159.118000, 55
1005, 1 - without algorithms, 2, 201.879000, 70
1006, 1 - without algorithms, 2, 139.231000, 50
1007, 1 - without algorithms, 2, 304.502000, 105
1008, 1 - without algorithms, 2, 153.659000, 54
1009, 1 - without algorithms, 2, 144.762000, 52
1010, 1 - without algorithms, 2, 283.833000, 100
1011, 1 - without algorithms, 2, 154.850000, 55
1012, 1 - without algorithms, 2, 169.187000, 60
1013, 1 - without algorithms, 2, 147.126000, 52
1014, 1 - without algorithms, 2, 137.879000, 50
1015, 1 - without algorithms, 2, 164.508000, 58
1016, 1 - without algorithms, 2, 214.753000, 76
1017, 1 - without algorithms, 2, 147.117000, 52
1018, 1 - without algorithms, 2, 143.229000, 51
1019, 1 - without algorithms, 2, 226.395000, 79
1020, 1 - without algorithms, 2, 285.706000, 99
1021, 1 - without algorithms, 2, 150.903000, 54
1022, 1 - without algorithms, 2, 139.992000, 50
1023, 1 - without algorithms, 2, 226.976000, 79
1024, 1 - without algorithms, 2, 167.635000, 59
1025, 1 - without algorithms, 2, 174.758000, 62
1026, 1 - without algorithms, 2, 139.402000, 50
1027, 1 - without algorithms, 2, 385.553000, 135
1028, 1 - without algorithms, 2, 133.000000, 48
1029, 1 - without algorithms, 2, 394.791000, 138
1030, 1 - without algorithms, 2, 206.557000, 72
1031, 1 - without algorithms, 2, 182.893000, 64
1032, 1 - without algorithms, 2, 550.793000, 196
1033, 1 - without algorithms, 2, 162.105000, 56
1034, 1 - without algorithms, 2, 187.542000, 68
1035, 1 - without algorithms, 2, 223.249000, 78
1036, 1 - without algorithms, 2, 159.399000, 57
1037, 1 - without algorithms, 2, 171.252000, 60
1038, 1 - without algorithms, 2, 142.638000, 51
1039, 1 - without algorithms, 2, 169.939000, 60
1040, 1 - without algorithms, 2, 212.058000, 76
1041, 1 - without algorithms, 2, 235.041000, 82
1042, 1 - without algorithms, 2, 146.575000, 52
1043, 1 - without algorithms, 2, 145.113000, 51
1044, 1 - without algorithms, 2, 175.078000, 62
1045, 1 - without algorithms, 2, 349.596000, 128
1046, 1 - without algorithms, 2, 151.905000, 53
1047, 1 - without algorithms, 2, 647.275000, 228
1048, 1 - without algorithms, 2, 142.587000, 51
1049, 1 - without algorithms, 2, 142.127000, 51
1050, 1 - without algorithms, 2, 315.122000, 110
1051, 1 - without algorithms, 2, 216.907000, 76
1052, 1 - without algorithms, 2, 189.245000, 68
1053, 1 - without algorithms, 2, 172.975000, 62
1054, 1 - without algorithms, 2, 126.377000, 46
1055, 1 - without algorithms, 2, 157.195000, 55
1056, 1 - without algorithms, 2, 294.824000, 102
1057, 1 - without algorithms, 2, 150.062000, 53
1058, 1 - without algorithms, 2, 141.856000, 51
1059, 1 - without algorithms, 2, 145.023000, 52
1060, 1 - without algorithms, 2, 179.456000, 65
1061, 1 - without algorithms, 2, 135.154000, 49
1062, 1 - without algorithms, 2, 168.265000, 59
1063, 1 - without algorithms, 2, 142.327000, 51
1064, 1 - without algorithms, 2, 325.040000, 113
1065, 1 - without algorithms, 2, 185.117000, 65
1066, 1 - without algorithms, 2, 356.710000, 123
1067, 1 - without algorithms, 2, 141.756000, 51
1068, 1 - without algorithms, 2, 173.546000, 61
1069, 1 - without algorithms, 2, 137.217000, 49
1070, 1 - without algorithms, 2, 178.796000, 63
1071, 1 - without algorithms, 2, 134.172000, 48
1072, 1 - without algorithms, 2, 224.190000, 78
1073, 1 - without algorithms, 2, 223.469000, 78
1074, 1 - without algorithms, 2, 151.074000, 54
1075, 1 - without algorithms, 2, 149.931000, 53
1076, 1 - without algorithms, 2, 183.043000, 64
1077, 1 - without algorithms, 2, 356.900000, 126
1078, 1 - without algorithms, 2, 508.485000, 178
1079, 1 - without algorithms, 2, 157.876000, 55
1080, 1 - without algorithms, 2, 247.785000, 89
1081, 1 - without algorithms, 2, 141.084000, 51
1082, 1 - without algorithms, 2, 160.711000, 56
1083, 1 - without algorithms, 2, 363.061000, 130
1084, 1 - without algorithms, 2, 190.287000, 66
1085, 1 - without algorithms, 2, 172.774000, 61
1086, 1 - without algorithms, 2, 483.057000, 168
1087, 1 - without algorithms, 2, 209.573000, 76
1088, 1 - without algorithms, 2, 192.722000, 69
1089, 1 - without algorithms, 2, 146.916000, 52
1090, 1 - without algorithms, 2, 143.369000, 51
1091, 1 - without algorithms, 2, 161.212000, 58
1092, 1 - without algorithms, 2, 142.137000, 51
1093, 1 - without algorithms, 2, 163.777000, 58
1094, 1 - without algorithms, 2, 197.771000, 70
1095, 1 - without algorithms, 2, 223.910000, 80
1096, 1 - without algorithms, 2, 163.196000, 58
1097, 1 - without algorithms, 2, 208.381000, 75
1098, 1 - without algorithms, 2, 232.816000, 80
1099, 1 - without algorithms, 2, 177.373000, 64
1100, 1 - without algorithms, 2, 212.128000, 74
1101, 1 - without algorithms, 2, 203.101000, 71
1102, 1 - without algorithms, 2, 239.891000, 85
1103, 1 - without algorithms, 2, 155.602000, 54
1104, 1 - without algorithms, 2, 172.774000, 61
1105, 1 - without algorithms, 2, 389.281000, 135
1106, 1 - without algorithms, 2, 143.168000, 51
1107, 1 - without algorithms, 2, 160.391000, 55
1108, 1 - without algorithms, 2, 217.458000, 78
1109, 1 - without algorithms, 2, 186.791000, 67
1110, 1 - without algorithms, 2, 146.224000, 52
1111, 1 - without algorithms, 2, 180.869000, 64
1112, 1 - without algorithms, 2, 151.584000, 53
1113, 1 - without algorithms, 2, 234.149000, 83
1114, 1 - without algorithms, 2, 205.947000, 70
1115, 1 - without algorithms, 2, 216.146000, 75
1116, 1 - without algorithms, 2, 251.863000, 89
1117, 1 - without algorithms, 2, 163.356000, 57
1118, 1 - without algorithms, 2, 420.239000, 145
1119, 1 - without algorithms, 2, 235.232000, 81
1120, 1 - without algorithms, 2, 294.443000, 103
1121, 1 - without algorithms, 2, 167.705000, 60
1122, 1 - without algorithms, 2, 152.336000, 53
1123, 1 - without algorithms, 2, 719.891000, 248
1124, 1 - without algorithms, 2, 146.364000, 52
1125, 1 - without algorithms, 2, 142.247000, 51
1126, 1 - without algorithms, 2, 145.613000, 51
1127, 1 - without algorithms, 2, 180.278000, 62
1128, 1 - without algorithms, 2, 507.071000, 179
1129, 1 - without algorithms, 2, 383.250000, 133
1130, 1 - without algorithms, 2, 131.507000, 47
1131, 1 - without algorithms, 2, 151.234000, 53
1132, 1 - without algorithms, 2, 155.381000, 54
1133, 1 - without algorithms, 2, 133.491000, 48
1134, 1 - without algorithms, 2, 148.789000, 52
1135, 1 - without algorithms, 2, 252.203000, 87
1136, 1 - without algorithms, 2, 155.943000, 55
1137, 1 - without algorithms, 2, 186.971000, 65
1138, 1 - without algorithms, 2, 151.915000, 53
1139, 1 - without algorithms, 2, 340.419000, 118
1140, 1 - without algorithms, 2, 204.724000, 73
1141, 1 - without algorithms, 2, 233.708000, 82
1142, 1 - without algorithms, 2, 134.603000, 48
1143, 1 - without algorithms, 2, 190.618000, 66
1144, 1 - without algorithms, 2, 231.424000, 78
1145, 1 - without algorithms, 2, 158.106000, 55
1146, 1 - without algorithms, 2, 147.637000, 52
1147, 1 - without algorithms, 2, 167.435000, 58
1148, 1 - without algorithms, 2, 363.112000, 123
1149, 1 - without algorithms, 2, 218.490000, 78
1150, 1 - without algorithms, 2, 129.123000, 46
1151, 1 - without algorithms, 2, 148.088000, 52
1152, 1 - without algorithms, 2, 152.687000, 53
1153, 1 - without algorithms, 2, 1382.084000, 477
1154, 1 - without algorithms, 2, 210.695000, 75
1155, 1 - without algorithms, 2, 649.869000, 223
1156, 1 - without algorithms, 2, 170.490000, 59
1157, 1 - without algorithms, 2, 366.528000, 125
1158, 1 - without algorithms, 2, 285.386000, 97
1159, 1 - without algorithms, 2, 183.785000, 64
1160, 1 - without algorithms, 2, 146.475000, 51
1161, 1 - without algorithms, 2, 339.287000, 119
1162, 1 - without algorithms, 2, 342.142000, 118
1163, 1 - without algorithms, 2, 201.318000, 70
1164, 1 - without algorithms, 2, 443.282000, 150
1165, 1 - without algorithms, 2, 156.624000, 55
1166, 1 - without algorithms, 2, 202.170000, 73
1167, 1 - without algorithms, 2, 165.039000, 58
1168, 1 - without algorithms, 2, 319.680000, 110
1169, 1 - without algorithms, 2, 206.307000, 73
1170, 1 - without algorithms, 2, 141.285000, 50
1171, 1 - without algorithms, 2, 205.034000, 71
1172, 1 - without algorithms, 2, 164.078000, 58
1173, 1 - without algorithms, 2, 253.316000, 87
1174, 1 - without algorithms, 2, 147.457000, 52
1175, 1 - without algorithms, 2, 165.050000, 59
1176, 1 - without algorithms, 2, 144.181000, 51
1177, 1 - without algorithms, 2, 166.012000, 57
1178, 1 - without algorithms, 2, 204.083000, 71
1179, 1 - without algorithms, 2, 154.219000, 54
1180, 1 - without algorithms, 2, 145.784000, 51
1181, 1 - without algorithms, 2, 186.009000, 66
1182, 1 - without algorithms, 2, 144.141000, 51
1183, 1 - without algorithms, 2, 162.194000, 54
1184, 1 - without algorithms, 2, 191.369000, 67
1185, 1 - without algorithms, 2, 213.340000, 74
1186, 1 - without algorithms, 2, 141.516000, 50
1187, 1 - without algorithms, 2, 283.743000, 98
1188, 1 - without algorithms, 2, 147.667000, 51
1189, 1 - without algorithms, 2, 156.604000, 55
1190, 1 - without algorithms, 2, 251.462000, 87
1191, 1 - without algorithms, 2, 210.394000, 75
1192, 1 - without algorithms, 2, 312.286000, 109
1193, 1 - without algorithms, 2, 144.431000, 51
1194, 1 - without algorithms, 2, 269.075000, 93
1195, 1 - without algorithms, 2, 184.607000, 65
1196, 1 - without algorithms, 2, 222.508000, 78
1197, 1 - without algorithms, 2, 131.647000, 47
1198, 1 - without algorithms, 2, 154.981000, 54
1199, 1 - without algorithms, 2, 235.351000, 81
1200, 1 - without algorithms, 218, 482.325000, 161
1201, 1 - without algorithms, 3, 3030.447000, 1052
1202, 1 - without algorithms, 3, 156.704000, 55
1203, 1 - without algorithms, 3, 225.753000, 79
1204, 1 - without algorithms, 3, 155.302000, 55
1205, 1 - without algorithms, 3, 136.597000, 49
1206, 1 - without algorithms, 3, 153.387000, 55
1207, 1 - without algorithms, 3, 245.000000, 86
1208, 1 - without algorithms, 3, 224.722000, 79
1209, 1 - without algorithms, 3, 284.073000, 98
1210, 1 - without algorithms, 3, 280.176000, 98
1211, 1 - without algorithms, 3, 159.720000, 56
1212, 1 - without algorithms, 3, 220.524000, 77
1213, 1 - without algorithms, 3, 234.691000, 81
1214, 1 - without algorithms, 3, 200.526000, 69
1215, 1 - without algorithms, 3, 228.038000, 80
1216, 1 - without algorithms, 3, 225.203000, 77
1217, 1 - without algorithms, 3, 1618.297000, 559
1218, 1 - without algorithms, 3, 5637.570000, 1960
1219, 1 - without algorithms, 3, 170.821000, 60
1220, 1 - without algorithms, 3, 373.280000, 127
1221, 1 - without algorithms, 3, 201.388000, 70
1222, 1 - without algorithms, 3, 271.189000, 94
1223, 1 - without algorithms, 3, 144.842000, 51
1224, 1 - without algorithms, 3, 232.076000, 80
1225, 1 - without algorithms, 3, 155.121000, 54
1226, 1 - without algorithms, 3, 146.675000, 52
1227, 1 - without algorithms, 3, 374.242000, 130
1228, 1 - without algorithms, 3, 500.860000, 176
1229, 1 - without algorithms, 3, 162.885000, 57
1230, 1 - without algorithms, 3, 205.967000, 71
1231, 1 - without algorithms, 3, 1178.822000, 408
1232, 1 - without algorithms, 3, 168.036000, 58
1233, 1 - without algorithms, 3, 445.496000, 158
1234, 1 - without algorithms, 3, 1585.806000, 548
1235, 1 - without algorithms, 3, 187.381000, 66
1236, 1 - without algorithms, 3, 154.981000, 54
1237, 1 - without algorithms, 3, 306.916000, 105
1238, 1 - without algorithms, 3, 951.766000, 328
1239, 1 - without algorithms, 3, 246.062000, 87
1240, 1 - without algorithms, 3, 235.933000, 83
1241, 1 - without algorithms, 3, 313.579000, 109
1242, 1 - without algorithms, 3, 302.658000, 108
1243, 1 - without algorithms, 3, 324.008000, 115
1244, 1 - without algorithms, 3, 154.761000, 57
1245, 1 - without algorithms, 3, 271.680000, 94
1246, 1 - without algorithms, 3, 225.563000, 82
1247, 1 - without algorithms, 3, 1103.671000, 386
1248, 1 - without algorithms, 3, 265.959000, 92
1249, 1 - without algorithms, 3, 253.225000, 90
1250, 1 - without algorithms, 3, 141.345000, 51
1251, 1 - without algorithms, 3, 165.160000, 60
1252, 1 - without algorithms, 3, 286.237000, 104
1253, 1 - without algorithms, 3, 327.785000, 115
1254, 1 - without algorithms, 3, 163.767000, 57
1255, 1 - without algorithms, 3, 797.627000, 280
1256, 1 - without algorithms, 3, 231.314000, 82
1257, 1 - without algorithms, 3, 408.065000, 143
1258, 1 - without algorithms, 3, 150.573000, 53
1259, 1 - without algorithms, 3, 155.632000, 55
1260, 1 - without algorithms, 3, 303.019000, 107
1261, 1 - without algorithms, 3, 277.500000, 95
1262, 1 - without algorithms, 3, 156.965000, 56
1263, 1 - without algorithms, 3, 434.476000, 148
1264, 1 - without algorithms, 3, 1921.426000, 670
1265, 1 - without algorithms, 3, 281.218000, 100
1266, 1 - without algorithms, 3, 360.026000, 125
1267, 1 - without algorithms, 3, 542.598000, 193
1268, 1 - without algorithms, 3, 184.717000, 64
1269, 1 - without algorithms, 3, 193.193000, 68
1270, 1 - without algorithms, 3, 246.062000, 88
1271, 1 - without algorithms, 3, 214.272000, 74
1272, 1 - without algorithms, 3, 175.279000, 61
1273, 1 - without algorithms, 3, 638.839000, 225
1274, 1 - without algorithms, 3, 214.803000, 75
1275, 1 - without algorithms, 3, 157.545000, 55
1276, 1 - without algorithms, 3, 162.515000, 55
1277, 1 - without algorithms, 3, 194.074000, 69
1278, 1 - without algorithms, 3, 151.053000, 54
1279, 1 - without algorithms, 3, 194.535000, 68
1280, 1 - without algorithms, 3, 1501.127000, 518
1281, 1 - without algorithms, 3, 230.543000, 81
1282, 1 - without algorithms, 3, 291.447000, 102
1283, 1 - without algorithms, 3, 420.660000, 147
1284, 1 - without algorithms, 3, 223.700000, 78
1285, 1 - without algorithms, 3, 153.118000, 54
1286, 1 - without algorithms, 3, 205.065000, 74
1287, 1 - without algorithms, 3, 286.698000, 101
1288, 1 - without algorithms, 3, 155.552000, 55
1289, 1 - without algorithms, 3, 308.099000, 108
1290, 1 - without algorithms, 3, 222.638000, 78
1291, 1 - without algorithms, 3, 602.050000, 211
1292, 1 - without algorithms, 3, 163.898000, 57
1293, 1 - without algorithms, 3, 330.831000, 117
1294, 1 - without algorithms, 3, 505.709000, 164
1295, 1 - without algorithms, 3, 611.919000, 210
1296, 1 - without algorithms, 3, 335.079000, 118
1297, 1 - without algorithms, 3, 165.231000, 59
1298, 1 - without algorithms, 3, 747.513000, 268
1299, 1 - without algorithms, 3, 415.069000, 146
1300, 1 - without algorithms, 3, 328.086000, 116
1301, 1 - without algorithms, 3, 677.221000, 231
1302, 1 - without algorithms, 3, 344.086000, 123
1303, 1 - without algorithms, 3, 228.438000, 81
1304, 1 - without algorithms, 3, 574.429000, 204
1305, 1 - without algorithms, 3, 268.935000, 93
1306, 1 - without algorithms, 3, 413.166000, 142
1307, 1 - without algorithms, 3, 167.966000, 60
1308, 1 - without algorithms, 3, 190.718000, 66
1309, 1 - without algorithms, 3, 692.510000, 240
1310, 1 - without algorithms, 3, 149.971000, 53
1311, 1 - without algorithms, 3, 278.102000, 94
1312, 1 - without algorithms, 3, 222.067000, 77
1313, 1 - without algorithms, 3, 226.665000, 80
1314, 1 - without algorithms, 3, 155.612000, 55
1315, 1 - without algorithms, 3, 2254.892000, 800
1316, 1 - without algorithms, 3, 387.808000, 141
1317, 1 - without algorithms, 3, 201.328000, 72
1318, 1 - without algorithms, 3, 194.996000, 69
1319, 1 - without algorithms, 3, 242.054000, 83
1320, 1 - without algorithms, 3, 3334.188000, 1172
1321, 1 - without algorithms, 3, 447.530000, 159
1322, 1 - without algorithms, 3, 512.532000, 179
1323, 1 - without algorithms, 3, 1699.519000, 591
1324, 1 - without algorithms, 3, 626.035000, 217
1325, 1 - without algorithms, 3, 167.525000, 59
1326, 1 - without algorithms, 3, 226.285000, 79
1327, 1 - without algorithms, 3, 185.768000, 65
1328, 1 - without algorithms, 3, 568.476000, 201
1329, 1 - without algorithms, 3, 323.867000, 112
1330, 1 - without algorithms, 3, 259.437000, 93
1331, 1 - without algorithms, 3, 1229.077000, 429
1332, 1 - without algorithms, 3, 160.031000, 57
1333, 1 - without algorithms, 3, 574.008000, 205
1334, 1 - without algorithms, 3, 324.819000, 116
1335, 1 - without algorithms, 3, 297.298000, 102
1336, 1 - without algorithms, 3, 354.886000, 125
1337, 1 - without algorithms, 3, 172.244000, 60
1338, 1 - without algorithms, 3, 418.285000, 144
1339, 1 - without algorithms, 3, 190.217000, 67
1340, 1 - without algorithms, 3, 257.764000, 91
1341, 1 - without algorithms, 3, 299.482000, 106
1342, 1 - without algorithms, 3, 238.858000, 83
1343, 1 - without algorithms, 3, 514.877000, 178
1344, 1 - without algorithms, 3, 271.009000, 95
1345, 1 - without algorithms, 3, 190.497000, 67
1346, 1 - without algorithms, 3, 1002.952000, 354
1347, 1 - without algorithms, 3, 178.205000, 64
1348, 1 - without algorithms, 3, 142.487000, 51
1349, 1 - without algorithms, 3, 317.666000, 111
1350, 1 - without algorithms, 3, 385.293000, 135
1351, 1 - without algorithms, 3, 520.026000, 187
1352, 1 - without algorithms, 3, 151.495000, 53
1353, 1 - without algorithms, 3, 368.451000, 131
1354, 1 - without algorithms, 3, 166.332000, 60
1355, 1 - without algorithms, 3, 328.677000, 115
1356, 1 - without algorithms, 3, 183.093000, 65
1357, 1 - without algorithms, 3, 192.982000, 69
1358, 1 - without algorithms, 3, 171.192000, 60
1359, 1 - without algorithms, 3, 212.128000, 74
1360, 1 - without algorithms, 3, 328.126000, 114
1361, 1 - without algorithms, 3, 256.632000, 90
1362, 1 - without algorithms, 3, 694.053000, 243
1363, 1 - without algorithms, 3, 364.724000, 128
1364, 1 - without algorithms, 3, 233.308000, 82
1365, 1 - without algorithms, 3, 162.846000, 57
1366, 1 - without algorithms, 3, 225.804000, 79
1367, 1 - without algorithms, 3, 258.214000, 91
1368, 1 - without algorithms, 3, 155.632000, 55
1369, 1 - without algorithms, 3, 290.896000, 104
1370, 1 - without algorithms, 3, 340.369000, 118
1371, 1 - without algorithms, 3, 294.653000, 103
1372, 1 - without algorithms, 3, 173.626000, 61
1373, 1 - without algorithms, 3, 394.531000, 135
1374, 1 - without algorithms, 3, 398.428000, 137
1375, 1 - without algorithms, 3, 764.425000, 267
1376, 1 - without algorithms, 3, 422.102000, 150
1377, 1 - without algorithms, 3, 470.653000, 156
1378, 1 - without algorithms, 3, 345.869000, 123
1379, 1 - without algorithms, 3, 598.423000, 208
1380, 1 - without algorithms, 3, 250.139000, 85
1381, 1 - without algorithms, 3, 164.268000, 59
1382, 1 - without algorithms, 3, 695.926000, 234
1383, 1 - without algorithms, 3, 149.461000, 53
1384, 1 - without algorithms, 3, 228.709000, 80
1385, 1 - without algorithms, 3, 550.504000, 190
1386, 1 - without algorithms, 3, 443.192000, 159
1387, 1 - without algorithms, 3, 153.238000, 54
1388, 1 - without algorithms, 3, 899.167000, 312
1389, 1 - without algorithms, 3, 1167.091000, 402
1390, 1 - without algorithms, 3, 191.479000, 68
1391, 1 - without algorithms, 3, 394.460000, 140
1392, 1 - without algorithms, 3, 440.026000, 160
1393, 1 - without algorithms, 3, 296.146000, 102
1394, 1 - without algorithms, 3, 155.272000, 54
1395, 1 - without algorithms, 3, 707.188000, 247
1396, 1 - without algorithms, 3, 176.230000, 61
1397, 1 - without algorithms, 3, 249.107000, 88
1398, 1 - without algorithms, 3, 999.125000, 349
1399, 1 - without algorithms, 3, 501.712000, 172
1400, 1 - without algorithms, 3, 4543.577000, 1603
1401, 1 - without algorithms, 3, 610.095000, 211
1402, 1 - without algorithms, 3, 402.565000, 141
1403, 1 - without algorithms, 3, 412.474000, 143
1404, 1 - without algorithms, 3, 164.629000, 58
1405, 1 - without algorithms, 3, 1879.328000, 656
1406, 1 - without algorithms, 3, 145.613000, 52
1407, 1 - without algorithms, 3, 256.922000, 90
1408, 1 - without algorithms, 3, 148.419000, 53
1409, 1 - without algorithms, 3, 418.134000, 143
1410, 1 - without algorithms, 3, 182.071000, 64
1411, 1 - without algorithms, 3, 302.458000, 106
1412, 1 - without algorithms, 3, 207.149000, 72
1413, 1 - without algorithms, 3, 271.530000, 96
1414, 1 - without algorithms, 3, 153.268000, 54
1415, 1 - without algorithms, 3, 508.314000, 178
1416, 1 - without algorithms, 3, 780.916000, 277
1417, 1 - without algorithms, 3, 229.752000, 82
1418, 1 - without algorithms, 3, 353.854000, 126
1419, 1 - without algorithms, 3, 188.714000, 66
1420, 1 - without algorithms, 3, 297.438000, 104
1421, 1 - without algorithms, 3, 156.083000, 55
1422, 1 - without algorithms, 3, 443.262000, 152
1423, 1 - without algorithms, 3, 239.159000, 83
1424, 1 - without algorithms, 3, 156.514000, 55
1425, 1 - without algorithms, 3, 595.939000, 209
1426, 1 - without algorithms, 3, 350.849000, 121
1427, 1 - without algorithms, 3, 443.592000, 155
1428, 1 - without algorithms, 3, 453.230000, 162
1429, 1 - without algorithms, 3, 157.746000, 55
1430, 1 - without algorithms, 3, 254.308000, 89
1431, 1 - without algorithms, 3, 241.714000, 84
1432, 1 - without algorithms, 3, 270.337000, 93
1433, 1 - without algorithms, 3, 333.836000, 118
1434, 1 - without algorithms, 3, 345.789000, 122
1435, 1 - without algorithms, 3, 738.786000, 261
1436, 1 - without algorithms, 3, 465.153000, 156
1437, 1 - without algorithms, 3, 486.012000, 171
1438, 1 - without algorithms, 3, 358.002000, 126
1439, 1 - without algorithms, 3, 300.314000, 102
1440, 1 - without algorithms, 3, 211.998000, 75
1441, 1 - without algorithms, 3, 148.309000, 53
1442, 1 - without algorithms, 3, 347.933000, 121
1443, 1 - without algorithms, 3, 285.536000, 101
1444, 1 - without algorithms, 3, 158.317000, 56
1445, 1 - without algorithms, 3, 163.507000, 58
1446, 1 - without algorithms, 3, 152.797000, 54
1447, 1 - without algorithms, 3, 146.455000, 52
1448, 1 - without algorithms, 3, 157.907000, 55
1449, 1 - without algorithms, 3, 1462.304000, 506
1450, 1 - without algorithms, 3, 167.274000, 59
1451, 1 - without algorithms, 3, 149.010000, 53
1452, 1 - without algorithms, 3, 280.676000, 99
1453, 1 - without algorithms, 3, 291.678000, 103
1454, 1 - without algorithms, 3, 142.117000, 51
1455, 1 - without algorithms, 3, 159.709000, 56
1456, 1 - without algorithms, 3, 302.728000, 104
1457, 1 - without algorithms, 3, 152.927000, 54
1458, 1 - without algorithms, 3, 440.888000, 158
1459, 1 - without algorithms, 3, 278.453000, 98
1460, 1 - without algorithms, 3, 209.474000, 73
1461, 1 - without algorithms, 3, 533.161000, 190
1462, 1 - without algorithms, 3, 206.297000, 72
1463, 1 - without algorithms, 3, 462.158000, 161
1464, 1 - without algorithms, 3, 253.285000, 88
1465, 1 - without algorithms, 3, 155.411000, 55
1466, 1 - without algorithms, 3, 1880.459000, 664
1467, 1 - without algorithms, 3, 145.403000, 52
1468, 1 - without algorithms, 3, 160.041000, 57
1469, 1 - without algorithms, 3, 267.662000, 97
1470, 1 - without algorithms, 3, 468.460000, 166
1471, 1 - without algorithms, 3, 224.391000, 79
1472, 1 - without algorithms, 3, 243.317000, 85
1473, 1 - without algorithms, 3, 352.392000, 123
1474, 1 - without algorithms, 3, 597.331000, 211
1475, 1 - without algorithms, 3, 139.182000, 50
1476, 1 - without algorithms, 3, 313.559000, 110
1477, 1 - without algorithms, 3, 153.388000, 54
1478, 1 - without algorithms, 3, 297.819000, 103
1479, 1 - without algorithms, 3, 411.052000, 145
1480, 1 - without algorithms, 3, 544.021000, 192
1481, 1 - without algorithms, 3, 179.166000, 63
1482, 1 - without algorithms, 3, 149.411000, 53
1483, 1 - without algorithms, 3, 194.816000, 69
1484, 1 - without algorithms, 3, 225.213000, 80
1485, 1 - without algorithms, 3, 328.466000, 115
1486, 1 - without algorithms, 3, 270.086000, 95
1487, 1 - without algorithms, 3, 559.009000, 198
1488, 1 - without algorithms, 3, 194.154000, 67
1489, 1 - without algorithms, 3, 179.126000, 55
1490, 1 - without algorithms, 3, 157.456000, 56
1491, 1 - without algorithms, 3, 149.170000, 53
1492, 1 - without algorithms, 3, 356.509000, 122
1493, 1 - without algorithms, 3, 179.266000, 62
1494, 1 - without algorithms, 3, 349.175000, 123
1495, 1 - without algorithms, 3, 339.046000, 119
1496, 1 - without algorithms, 3, 1557.834000, 530
1497, 1 - without algorithms, 3, 192.421000, 66
1498, 1 - without algorithms, 3, 239.790000, 83
1499, 1 - without algorithms, 3, 324.730000, 115
1500, 1 - without algorithms, 3, 2121.582000, 748
1501, 1 - without algorithms, 3, 273.233000, 95
1502, 1 - without algorithms, 3, 346.471000, 123
1503, 1 - without algorithms, 3, 293.931000, 102
1504, 1 - without algorithms, 3, 263.645000, 92
1505, 1 - without algorithms, 3, 254.958000, 92
1506, 1 - without algorithms, 3, 385.163000, 132
1507, 1 - without algorithms, 3, 398.869000, 142
1508, 1 - without algorithms, 3, 241.683000, 84
1509, 1 - without algorithms, 3, 144.522000, 52
1510, 1 - without algorithms, 3, 310.643000, 109
1511, 1 - without algorithms, 3, 286.086000, 98
1512, 1 - without algorithms, 3, 362.320000, 130
1513, 1 - without algorithms, 3, 338.034000, 121
1514, 1 - without algorithms, 3, 871.666000, 300
1515, 1 - without algorithms, 3, 237.316000, 82
1516, 1 - without algorithms, 3, 282.120000, 97
1517, 1 - without algorithms, 3, 232.997000, 82
1518, 1 - without algorithms, 3, 801.434000, 287
1519, 1 - without algorithms, 3, 200.667000, 71
1520, 1 - without algorithms, 3, 190.989000, 67
1521, 1 - without algorithms, 3, 247.224000, 87
1522, 1 - without algorithms, 3, 1124.520000, 392
1523, 1 - without algorithms, 3, 927.590000, 329
1524, 1 - without algorithms, 3, 245.752000, 87
1525, 1 - without algorithms, 3, 364.985000, 129
1526, 1 - without algorithms, 3, 355.076000, 124
1527, 1 - without algorithms, 3, 344.126000, 120
1528, 1 - without algorithms, 3, 880.993000, 312
1529, 1 - without algorithms, 3, 684.936000, 247
1530, 1 - without algorithms, 3, 215.795000, 78
1531, 1 - without algorithms, 3, 194.164000, 68
1532, 1 - without algorithms, 3, 293.140000, 103
1533, 1 - without algorithms, 3, 243.477000, 87
1534, 1 - without algorithms, 3, 193.213000, 67
1535, 1 - without algorithms, 3, 1578.843000, 543
1536, 1 - without algorithms, 3, 598.122000, 209
1537, 1 - without algorithms, 3, 943.831000, 334
1538, 1 - without algorithms, 3, 155.892000, 54
1539, 1 - without algorithms, 3, 281.708000, 101
1540, 1 - without algorithms, 3, 310.382000, 107
1541, 1 - without algorithms, 3, 199.064000, 70
1542, 1 - without algorithms, 3, 382.308000, 138
1543, 1 - without algorithms, 3, 266.911000, 92
1544, 1 - without algorithms, 3, 290.154000, 101
1545, 1 - without algorithms, 3, 371.908000, 130
1546, 1 - without algorithms, 3, 291.137000, 101
1547, 1 - without algorithms, 3, 220.373000, 77
1548, 1 - without algorithms, 3, 224.702000, 78
1549, 1 - without algorithms, 3, 601.168000, 213
1550, 1 - without algorithms, 3, 2960.426000, 1024
1551, 1 - without algorithms, 3, 1580.225000, 548
1552, 1 - without algorithms, 3, 318.868000, 112
1553, 1 - without algorithms, 3, 499.347000, 172
1554, 1 - without algorithms, 3, 337.303000, 118
1555, 1 - without algorithms, 3, 329.028000, 115
1556, 1 - without algorithms, 3, 182.763000, 64
1557, 1 - without algorithms, 3, 1942.756000, 660
1558, 1 - without algorithms, 3, 666.091000, 236
1559, 1 - without algorithms, 3, 261.852000, 92
1560, 1 - without algorithms, 3, 269.946000, 93
1561, 1 - without algorithms, 3, 639.911000, 217
1562, 1 - without algorithms, 3, 327.174000, 115
1563, 1 - without algorithms, 3, 154.199000, 55
1564, 1 - without algorithms, 3, 410.300000, 146
1565, 1 - without algorithms, 3, 230.122000, 82
1566, 1 - without algorithms, 3, 434.075000, 148
1567, 1 - without algorithms, 3, 402.014000, 136
1568, 1 - without algorithms, 3, 888.267000, 311
1569, 1 - without algorithms, 3, 256.281000, 89
1570, 1 - without algorithms, 3, 181.039000, 64
1571, 1 - without algorithms, 3, 212.999000, 78
1572, 1 - without algorithms, 3, 234.059000, 82
1573, 1 - without algorithms, 3, 138.991000, 50
1574, 1 - without algorithms, 3, 311.885000, 112
1575, 1 - without algorithms, 3, 155.362000, 55
1576, 1 - without algorithms, 3, 305.283000, 109
1577, 1 - without algorithms, 3, 234.640000, 82
1578, 1 - without algorithms, 3, 323.978000, 115
1579, 1 - without algorithms, 3, 190.759000, 67
1580, 1 - without algorithms, 3, 149.391000, 53
1581, 1 - without algorithms, 3, 403.978000, 145
1582, 1 - without algorithms, 3, 323.518000, 117
1583, 1 - without algorithms, 3, 269.666000, 93
1584, 1 - without algorithms, 3, 249.529000, 88
1585, 1 - without algorithms, 3, 141.856000, 51
1586, 1 - without algorithms, 3, 384.111000, 132
1587, 1 - without algorithms, 3, 531.257000, 185
1588, 1 - without algorithms, 3, 205.546000, 72
1589, 1 - without algorithms, 3, 229.040000, 79
1590, 1 - without algorithms, 3, 375.815000, 131
1591, 1 - without algorithms, 3, 605.015000, 208
1592, 1 - without algorithms, 3, 143.439000, 51
1593, 1 - without algorithms, 3, 155.401000, 55
1594, 1 - without algorithms, 3, 172.914000, 61
1595, 1 - without algorithms, 3, 379.433000, 132
1596, 1 - without algorithms, 3, 220.624000, 78
1597, 1 - without algorithms, 3, 287.409000, 100
1598, 1 - without algorithms, 3, 153.779000, 54
1599, 1 - without algorithms, 3, 357.361000, 128
1600, 1 - without algorithms, 3, 444.615000, 155
1601, 1 - without algorithms, 3, 542.929000, 191
1602, 1 - without algorithms, 3, 411.823000, 145
1603, 1 - without algorithms, 3, 422.142000, 151
1604, 1 - without algorithms, 3, 184.286000, 67
1605, 1 - without algorithms, 3, 180.639000, 65
1606, 1 - without algorithms, 3, 711.395000, 246
1607, 1 - without algorithms, 3, 359.555000, 126
1608, 1 - without algorithms, 3, 239.971000, 86
1609, 1 - without algorithms, 3, 276.669000, 99
1610, 1 - without algorithms, 3, 161.613000, 57
1611, 1 - without algorithms, 3, 366.177000, 127
1612, 1 - without algorithms, 3, 220.424000, 76
1613, 1 - without algorithms, 3, 654.007000, 228
1614, 1 - without algorithms, 3, 563.768000, 198
1615, 1 - without algorithms, 3, 219.732000, 77
1616, 1 - without algorithms, 3, 413.957000, 145
1617, 1 - without algorithms, 3, 280.346000, 103
1618, 1 - without algorithms, 3, 232.987000, 80
1619, 1 - without algorithms, 3, 161.423000, 57
1620, 1 - without algorithms, 3, 432.582000, 153
1621, 1 - without algorithms, 3, 218.951000, 76
1622, 1 - without algorithms, 3, 239.539000, 85
1623, 1 - without algorithms, 3, 300.725000, 106
1624, 1 - without algorithms, 3, 197.961000, 70
1625, 1 - without algorithms, 3, 147.437000, 53
1626, 1 - without algorithms, 3, 157.295000, 55
1627, 1 - without algorithms, 3, 518.272000, 177
1628, 1 - without algorithms, 3, 299.993000, 106
1629, 1 - without algorithms, 3, 466.596000, 164
1630, 1 - without algorithms, 3, 649.058000, 224
1631, 1 - without algorithms, 3, 282.921000, 100
1632, 1 - without algorithms, 3, 353.473000, 127
1633, 1 - without algorithms, 3, 335.830000, 119
1634, 1 - without algorithms, 3, 203.372000, 71
1635, 1 - without algorithms, 3, 176.211000, 62
1636, 1 - without algorithms, 3, 282.510000, 101
1637, 1 - without algorithms, 3, 148.168000, 53
1638, 1 - without algorithms, 3, 406.753000, 143
1639, 1 - without algorithms, 3, 1140.490000, 398
1640, 1 - without algorithms, 3, 344.436000, 119
1641, 1 - without algorithms, 3, 341.211000, 118
1642, 1 - without algorithms, 3, 209.253000, 74
1643, 1 - without algorithms, 3, 423.375000, 150
1644, 1 - without algorithms, 3, 523.632000, 183
1645, 1 - without algorithms, 3, 171.011000, 60
1646, 1 - without algorithms, 3, 387.637000, 136
1647, 1 - without algorithms, 3, 302.788000, 108
1648, 1 - without algorithms, 3, 185.538000, 64
1649, 1 - without algorithms, 3, 416.792000, 148
1650, 1 - without algorithms, 3, 154.841000, 54
1651, 1 - without algorithms, 3, 494.357000, 174
1652, 1 - without algorithms, 3, 161.433000, 58
1653, 1 - without algorithms, 3, 325.090000, 113
1654, 1 - without algorithms, 3, 301.496000, 108
1655, 1 - without algorithms, 3, 332.935000, 117
1656, 1 - without algorithms, 3, 288.351000, 103
1657, 1 - without algorithms, 3, 221.586000, 75
1658, 1 - without algorithms, 3, 209.533000, 73
1659, 1 - without algorithms, 3, 259.698000, 91
1660, 1 - without algorithms, 3, 433.373000, 155
1661, 1 - without algorithms, 3, 148.689000, 53
1662, 1 - without algorithms, 3, 186.640000, 65
1663, 1 - without algorithms, 3, 412.074000, 148
1664, 1 - without algorithms, 3, 545.404000, 186
1665, 1 - without algorithms, 3, 172.854000, 60
1666, 1 - without algorithms, 3, 992.132000, 355
1667, 1 - without algorithms, 3, 253.276000, 89
1668, 1 - without algorithms, 3, 283.041000, 100
1669, 1 - without algorithms, 3, 168.517000, 60
1670, 1 - without algorithms, 3, 222.557000, 78
1671, 1 - without algorithms, 3, 731.002000, 255
1672, 1 - without algorithms, 3, 1733.945000, 598
1673, 1 - without algorithms, 3, 571.713000, 199
1674, 1 - without algorithms, 3, 636.445000, 220
1675, 1 - without algorithms, 3, 1340.946000, 463
1676, 1 - without algorithms, 3, 621.356000, 221
1677, 1 - without algorithms, 3, 384.943000, 134
1678, 1 - without algorithms, 3, 400.431000, 138
1679, 1 - without algorithms, 3, 378.911000, 135
1680, 1 - without algorithms, 3, 2756.764000, 955
1681, 1 - without algorithms, 3, 833.264000, 286
1682, 1 - without algorithms, 3, 271.119000, 94
1683, 1 - without algorithms, 3, 754.095000, 262
1684, 1 - without algorithms, 3, 490.811000, 166
1685, 1 - without algorithms, 3, 312.196000, 110
1686, 1 - without algorithms, 3, 964.891000, 336
1687, 1 - without algorithms, 3, 336.842000, 118
1688, 1 - without algorithms, 3, 294.233000, 106
1689, 1 - without algorithms, 3, 156.904000, 55
1690, 1 - without algorithms, 3, 451.077000, 161
1691, 1 - without algorithms, 3, 585.990000, 202
1692, 1 - without algorithms, 3, 457.659000, 164
1693, 1 - without algorithms, 3, 357.691000, 125
1694, 1 - without algorithms, 3, 153.558000, 54
1695, 1 - without algorithms, 3, 273.994000, 96
1696, 1 - without algorithms, 3, 2663.389000, 916
1697, 1 - without algorithms, 3, 501.972000, 173
1698, 1 - without algorithms, 3, 289.503000, 98
1699, 1 - without algorithms, 3, 246.873000, 87
1700, 1 - without algorithms, 3, 149.241000, 53
1701, 1 - without algorithms, 3, 139.061000, 49
1702, 1 - without algorithms, 3, 346.831000, 126
1703, 1 - without algorithms, 3, 492.284000, 172
1704, 1 - without algorithms, 3, 333.195000, 119
1705, 1 - without algorithms, 3, 273.563000, 97
1706, 1 - without algorithms, 3, 379.332000, 132
1707, 1 - without algorithms, 3, 559.860000, 195
1708, 1 - without algorithms, 3, 149.130000, 53
1709, 1 - without algorithms, 3, 627.158000, 227
1710, 1 - without algorithms, 3, 303.730000, 106
1711, 1 - without algorithms, 3, 205.125000, 73
1712, 1 - without algorithms, 3, 211.878000, 74
1713, 1 - without algorithms, 3, 308.058000, 109
1714, 1 - without algorithms, 3, 153.207000, 54
1715, 1 - without algorithms, 3, 445.616000, 149
1716, 1 - without algorithms, 3, 259.847000, 92
1717, 1 - without algorithms, 3, 1021.367000, 358
1718, 1 - without algorithms, 3, 469.621000, 163
1719, 1 - without algorithms, 3, 157.766000, 55
1720, 1 - without algorithms, 3, 257.113000, 91
1721, 1 - without algorithms, 3, 238.347000, 83
1722, 1 - without algorithms, 3, 227.276000, 79
1723, 1 - without algorithms, 3, 424.486000, 150
1724, 1 - without algorithms, 3, 415.150000, 146
1725, 1 - without algorithms, 3, 332.304000, 116
1726, 1 - without algorithms, 3, 158.427000, 55
1727, 1 - without algorithms, 3, 498.946000, 174
1728, 1 - without algorithms, 3, 154.230000, 54
1729, 1 - without algorithms, 3, 797.066000, 275
1730, 1 - without algorithms, 3, 472.667000, 168
1731, 1 - without algorithms, 3, 165.270000, 57
1732, 1 - without algorithms, 3, 398.508000, 138
1733, 1 - without algorithms, 3, 243.537000, 86
1734, 1 - without algorithms, 3, 404.940000, 139
1735, 1 - without algorithms, 3, 790.093000, 271
1736, 1 - without algorithms, 3, 239.830000, 84
1737, 1 - without algorithms, 3, 307.928000, 109
1738, 1 - without algorithms, 3, 422.022000, 149
1739, 1 - without algorithms, 3, 236.333000, 83
1740, 1 - without algorithms, 3, 562.686000, 196
1741, 1 - without algorithms, 3, 278.393000, 99
1742, 1 - without algorithms, 3, 146.124000, 52
1743, 1 - without algorithms, 3, 244.169000, 85
1744, 1 - without algorithms, 3, 347.783000, 118
1745, 1 - without algorithms, 3, 821.121000, 287
1746, 1 - without algorithms, 3, 754.425000, 279
1747, 1 - without algorithms, 3, 446.207000, 158
1748, 1 - without algorithms, 3, 349.927000, 125
1749, 1 - without algorithms, 3, 143.039000, 51
1750, 1 - without algorithms, 3, 460.183000, 160
1751, 1 - without algorithms, 3, 227.296000, 78
1752, 1 - without algorithms, 3, 430.959000, 151
1753, 1 - without algorithms, 3, 261.301000, 90
1754, 1 - without algorithms, 3, 1270.424000, 436
1755, 1 - without algorithms, 3, 459.252000, 159
1756, 1 - without algorithms, 3, 250.430000, 88
1757, 1 - without algorithms, 3, 178.415000, 64
1758, 1 - without algorithms, 3, 484.769000, 171
1759, 1 - without algorithms, 3, 231.124000, 81
1760, 1 - without algorithms, 3, 143.760000, 51
1761, 1 - without algorithms, 3, 373.751000, 128
1762, 1 - without algorithms, 3, 380.424000, 134
1763, 1 - without algorithms, 3, 162.815000, 56
1764, 1 - without algorithms, 3, 1161.229000, 407
1765, 1 - without algorithms, 3, 350.478000, 126
1766, 1 - without algorithms, 3, 519.435000, 181
1767, 1 - without algorithms, 3, 195.026000, 68
1768, 1 - without algorithms, 3, 161.453000, 57
1769, 1 - without algorithms, 3, 549.852000, 186
1770, 1 - without algorithms, 3, 278.653000, 98
1771, 1 - without algorithms, 3, 409.369000, 143
1772, 1 - without algorithms, 3, 892.785000, 317
1773, 1 - without algorithms, 3, 2583.498000, 891
1774, 1 - without algorithms, 3, 148.068000, 52
1775, 1 - without algorithms, 3, 160.852000, 57
1776, 1 - without algorithms, 3, 402.336000, 140
1777, 1 - without algorithms, 3, 503.706000, 174
1778, 1 - without algorithms, 3, 211.306000, 73
1779, 1 - without algorithms, 3, 516.790000, 183
1780, 1 - without algorithms, 3, 255.329000, 90
1781, 1 - without algorithms, 3, 173.495000, 60
1782, 1 - without algorithms, 3, 287.650000, 103
1783, 1 - without algorithms, 3, 243.757000, 85
1784, 1 - without algorithms, 3, 268.223000, 95
1785, 1 - without algorithms, 3, 634.181000, 208
1786, 1 - without algorithms, 3, 403.878000, 142
1787, 1 - without algorithms, 3, 563.377000, 197
1788, 1 - without algorithms, 3, 152.977000, 54
1789, 1 - without algorithms, 3, 762.992000, 276
1790, 1 - without algorithms, 3, 302.367000, 105
1791, 1 - without algorithms, 3, 152.436000, 54
1792, 1 - without algorithms, 3, 300.584000, 106
1793, 1 - without algorithms, 3, 396.675000, 137
1794, 1 - without algorithms, 3, 185.218000, 65
1795, 1 - without algorithms, 3, 218.259000, 75
1796, 1 - without algorithms, 3, 4989.895000, 1680
1797, 1 - without algorithms, 3, 162.255000, 57
1798, 1 - without algorithms, 3, 484.679000, 167
1799, 1 - without algorithms, 3, 199.705000, 70
1800, 1 - without algorithms, 218, 3171.893000, 1074
1801, 1 - without algorithms, 4, 356.449000, 120
1802, 1 - without algorithms, 4, 271.350000, 95
1803, 1 - without algorithms, 4, 1077.442000, 366
1804, 1 - without algorithms, 4, 186.160000, 63
1805, 1 - without algorithms, 4, 431.319000, 150
1806, 1 - without algorithms, 4, 690.536000, 237
1807, 1 - without algorithms, 4, 292.008000, 101
1808, 1 - without algorithms, 4, 748.114000, 258
1809, 1 - without algorithms, 4, 561.414000, 188
1810, 1 - without algorithms, 4, 209.784000, 75
1811, 1 - without algorithms, 4, 200.516000, 69
1812, 1 - without algorithms, 4, 397.226000, 137
1813, 1 - without algorithms, 4, 3306.075000, 1130
1814, 1 - without algorithms, 4, 194.365000, 68
1815, 1 - without algorithms, 4, 1325.688000, 468
1816, 1 - without algorithms, 4, 1707.535000, 589
1817, 1 - without algorithms, 4, 1076.019000, 370
1818, 1 - without algorithms, 4, 766.418000, 269
1819, 1 - without algorithms, 4, 702.769000, 246
1820, 1 - without algorithms, 4, 1839.212000, 632
1821, 1 - without algorithms, 4, 544.211000, 192
1822, 1 - without algorithms, 4, 4144.428000, 1446
1823, 1 - without algorithms, 4, 169.578000, 59
1824, 1 - without algorithms, 4, 3118.182000, 1114
1825, 1 - without algorithms, 4, 1342.410000, 472
1826, 1 - without algorithms, 4, 375.214000, 129
1827, 1 - without algorithms, 4, 1284.881000, 440
1828, 1 - without algorithms, 4, 246.703000, 86
1829, 1 - without algorithms, 4, 2533.785000, 880
1830, 1 - without algorithms, 4, 242.986000, 84
1831, 1 - without algorithms, 4, 1104.593000, 387
1832, 1 - without algorithms, 4, 587.402000, 197
1833, 1 - without algorithms, 4, 812.775000, 287
1834, 1 - without algorithms, 4, 178.915000, 63
1835, 1 - without algorithms, 4, 177.413000, 62
1836, 1 - without algorithms, 4, 290.795000, 100
1837, 1 - without algorithms, 4, 526.689000, 183
1838, 1 - without algorithms, 4, 495.971000, 174
1839, 1 - without algorithms, 4, 362.070000, 126
1840, 1 - without algorithms, 4, 157.726000, 55
1841, 1 - without algorithms, 4, 5554.554000, 1912
1842, 1 - without algorithms, 4, 672.883000, 233
1843, 1 - without algorithms, 4, 268.453000, 90
1844, 1 - without algorithms, 4, 3083.006000, 1079
1845, 1 - without algorithms, 4, 1076.971000, 361
1846, 1 - without algorithms, 4, 1778.618000, 642
1847, 1 - without algorithms, 4, 211.126000, 74
1848, 1 - without algorithms, 4, 1892.783000, 648
1849, 1 - without algorithms, 4, 226.285000, 80
1850, 1 - without algorithms, 4, 437.140000, 152
1851, 1 - without algorithms, 4, 1925.804000, 666
1852, 1 - without algorithms, 4, 336.592000, 114
1853, 1 - without algorithms, 4, 604.946000, 213
1854, 1 - without algorithms, 4, 1791.933000, 603
1855, 1 - without algorithms, 4, 1683.700000, 582
1856, 1 - without algorithms, 4, 328.316000, 113
1857, 1 - without algorithms, 4, 163.577000, 57
1858, 1 - without algorithms, 4, 2726.317000, 953
1859, 1 - without algorithms, 4, 309.411000, 110
1860, 1 - without algorithms, 4, 198.452000, 68
1861, 1 - without algorithms, 4, 191.830000, 68
1862, 1 - without algorithms, 4, 498.245000, 174
1863, 1 - without algorithms, 4, 408.396000, 142
1864, 1 - without algorithms, 4, 670.758000, 237
1865, 1 - without algorithms, 4, 571.923000, 197
1866, 1 - without algorithms, 4, 178.616000, 62
1867, 1 - without algorithms, 4, 5496.074000, 1882
1868, 1 - without algorithms, 4, 523.823000, 181
1869, 1 - without algorithms, 4, 207.259000, 71
1870, 1 - without algorithms, 4, 644.329000, 218
1871, 1 - without algorithms, 4, 347.993000, 124
1872, 1 - without algorithms, 4, 449.714000, 155
1873, 1 - without algorithms, 4, 211.798000, 73
1874, 1 - without algorithms, 4, 519.515000, 183
1875, 1 - without algorithms, 4, 1183.100000, 424
1876, 1 - without algorithms, 4, 421.561000, 144
1877, 1 - without algorithms, 4, 4174.985000, 1440
1878, 1 - without algorithms, 4, 549.701000, 186
1879, 1 - without algorithms, 4, 628.199000, 215
1880, 1 - without algorithms, 4, 796.465000, 269
1881, 1 - without algorithms, 4, 568.697000, 195
1882, 1 - without algorithms, 4, 511.180000, 174
1883, 1 - without algorithms, 4, 1772.737000, 602
1884, 1 - without algorithms, 4, 196.438000, 65
1885, 1 - without algorithms, 4, 597.020000, 202
1886, 1 - without algorithms, 4, 1301.452000, 439
1887, 1 - without algorithms, 4, 930.657000, 318
1888, 1 - without algorithms, 4, 1089.865000, 365
1889, 1 - without algorithms, 4, 567.365000, 192
1890, 1 - without algorithms, 4, 379.853000, 133
1891, 1 - without algorithms, 4, 461.856000, 155
1892, 1 - without algorithms, 4, 799.901000, 275
1893, 1 - without algorithms, 4, 1935.452000, 668
1894, 1 - without algorithms, 4, 802.075000, 270
1895, 1 - without algorithms, 4, 794.451000, 265
1896, 1 - without algorithms, 4, 420.650000, 141
1897, 1 - without algorithms, 4, 1247.641000, 414
1898, 1 - without algorithms, 4, 597.392000, 210
1899, 1 - without algorithms, 4, 889.079000, 302
1900, 1 - without algorithms, 4, 476.384000, 160
1901, 1 - without algorithms, 4, 889.178000, 304
1902, 1 - without algorithms, 4, 820.489000, 279
1903, 1 - without algorithms, 4, 588.595000, 198
1904, 1 - without algorithms, 4, 2199.759000, 771
1905, 1 - without algorithms, 4, 453.721000, 156
1906, 1 - without algorithms, 4, 1522.778000, 510
1907, 1 - without algorithms, 4, 563.838000, 192
1908, 1 - without algorithms, 4, 203.071000, 69
1909, 1 - without algorithms, 4, 680.658000, 230
1910, 1 - without algorithms, 4, 749.176000, 254
1911, 1 - without algorithms, 4, 7808.284000, 2660
1912, 1 - without algorithms, 4, 386.756000, 133
1913, 1 - without algorithms, 4, 936.788000, 323
1914, 1 - without algorithms, 4, 1536.945000, 519
1915, 1 - without algorithms, 4, 435.427000, 151
1916, 1 - without algorithms, 4, 430.508000, 149
1917, 1 - without algorithms, 4, 2545.167000, 874
1918, 1 - without algorithms, 4, 1849.861000, 638
1919, 1 - without algorithms, 4, 250.310000, 85
1920, 1 - without algorithms, 4, 394.300000, 133
1921, 1 - without algorithms, 4, 171.111000, 60
1922, 1 - without algorithms, 4, 562.966000, 197
1923, 1 - without algorithms, 4, 2879.394000, 982
1924, 1 - without algorithms, 4, 270.267000, 89
1925, 1 - without algorithms, 4, 160.060000, 56
1926, 1 - without algorithms, 4, 2100.422000, 721
1927, 1 - without algorithms, 4, 150.643000, 53
1928, 1 - without algorithms, 4, 421.050000, 144
1929, 1 - without algorithms, 4, 2730.775000, 926
1930, 1 - without algorithms, 4, 255.078000, 90
1931, 1 - without algorithms, 4, 660.139000, 231
1932, 1 - without algorithms, 4, 658.335000, 227
1933, 1 - without algorithms, 4, 861.487000, 292
1934, 1 - without algorithms, 4, 161.994000, 56
1935, 1 - without algorithms, 4, 158.247000, 55
1936, 1 - without algorithms, 4, 2618.274000, 916
1937, 1 - without algorithms, 4, 940.706000, 324
1938, 1 - without algorithms, 4, 251.381000, 87
1939, 1 - without algorithms, 4, 568.417000, 198
1940, 1 - without algorithms, 4, 729.309000, 250
1941, 1 - without algorithms, 4, 236.534000, 82
1942, 1 - without algorithms, 4, 583.044000, 202
1943, 1 - without algorithms, 4, 617.358000, 209
1944, 1 - without algorithms, 4, 421.581000, 146
1945, 1 - without algorithms, 4, 818.957000, 280
1946, 1 - without algorithms, 4, 286.548000, 101
1947, 1 - without algorithms, 4, 450.305000, 154
1948, 1 - without algorithms, 4, 945.384000, 324
1949, 1 - without algorithms, 4, 4450.553000, 1519
1950, 1 - without algorithms, 4, 1585.195000, 564
1951, 1 - without algorithms, 4, 374.663000, 131
1952, 1 - without algorithms, 4, 610.736000, 213
1953, 1 - without algorithms, 4, 1199.692000, 406
1954, 1 - without algorithms, 4, 1112.709000, 385
1955, 1 - without algorithms, 4, 172.523000, 61
1956, 1 - without algorithms, 4, 2017.276000, 702
1957, 1 - without algorithms, 4, 625.124000, 221
1958, 1 - without algorithms, 4, 627.969000, 213
1959, 1 - without algorithms, 4, 217.979000, 76
1960, 1 - without algorithms, 4, 326.613000, 115
1961, 1 - without algorithms, 4, 1146.031000, 402
1962, 1 - without algorithms, 4, 1627.645000, 566
1963, 1 - without algorithms, 4, 437.261000, 151
1964, 1 - without algorithms, 4, 384.952000, 132
1965, 1 - without algorithms, 4, 254.127000, 90
1966, 1 - without algorithms, 4, 483.167000, 164
1967, 1 - without algorithms, 4, 1032.006000, 355
1968, 1 - without algorithms, 4, 475.212000, 164
1969, 1 - without algorithms, 4, 242.235000, 85
1970, 1 - without algorithms, 4, 1568.784000, 554
1971, 1 - without algorithms, 4, 1532.255000, 537
1972, 1 - without algorithms, 4, 157.256000, 55
1973, 1 - without algorithms, 4, 365.025000, 124
1974, 1 - without algorithms, 4, 1203.158000, 414
1975, 1 - without algorithms, 4, 165.290000, 57
1976, 1 - without algorithms, 4, 1057.244000, 370
1977, 1 - without algorithms, 4, 2197.584000, 766
1978, 1 - without algorithms, 4, 250.280000, 88
1979, 1 - without algorithms, 4, 6623.831000, 2348
1980, 1 - without algorithms, 4, 150.633000, 53
1981, 1 - without algorithms, 4, 646.553000, 223
1982, 1 - without algorithms, 4, 1281.605000, 450
1983, 1 - without algorithms, 4, 1383.066000, 493
1984, 1 - without algorithms, 4, 409.509000, 143
1985, 1 - without algorithms, 4, 1006.549000, 355
1986, 1 - without algorithms, 4, 519.595000, 182
1987, 1 - without algorithms, 4, 249.739000, 86
1988, 1 - without algorithms, 4, 3511.029000, 1229
1989, 1 - without algorithms, 4, 1404.035000, 492
1990, 1 - without algorithms, 4, 332.884000, 113
1991, 1 - without algorithms, 4, 477.066000, 165
1992, 1 - without algorithms, 4, 182.263000, 63
1993, 1 - without algorithms, 4, 591.400000, 204
1994, 1 - without algorithms, 4, 709.982000, 248
1995, 1 - without algorithms, 4, 445.376000, 157
1996, 1 - without algorithms, 4, 294.723000, 102
1997, 1 - without algorithms, 4, 1554.738000, 565
1998, 1 - without algorithms, 4, 565.922000, 196
1999, 1 - without algorithms, 4, 360.306000, 124
2000, 1 - without algorithms, 4, 618.611000, 214
2001, 1 - without algorithms, 4, 519.515000, 179
2002, 1 - without algorithms, 4, 898.045000, 302
2003, 1 - without algorithms, 4, 347.241000, 118
2004, 1 - without algorithms, 4, 500.199000, 172
2005, 1 - without algorithms, 4, 183.745000, 66
2006, 1 - without algorithms, 4, 7892.703000, 2697
2007, 1 - without algorithms, 4, 156.664000, 55
2008, 1 - without algorithms, 4, 153.187000, 54
2009, 1 - without algorithms, 4, 465.133000, 165
2010, 1 - without algorithms, 4, 175.189000, 60
2011, 1 - without algorithms, 4, 259.738000, 91
2012, 1 - without algorithms, 4, 158.758000, 56
2013, 1 - without algorithms, 4, 1543.767000, 528
2014, 1 - without algorithms, 4, 1223.626000, 426
2015, 1 - without algorithms, 4, 747.824000, 257
2016, 1 - without algorithms, 4, 1448.829000, 517
2017, 1 - without algorithms, 4, 337.694000, 120
2018, 1 - without algorithms, 4, 539.843000, 183
2019, 1 - without algorithms, 4, 1125.563000, 386
2020, 1 - without algorithms, 4, 1497.511000, 508
2021, 1 - without algorithms, 4, 684.605000, 233
2022, 1 - without algorithms, 4, 260.289000, 91
2023, 1 - without algorithms, 4, 287.359000, 101
2024, 1 - without algorithms, 4, 646.213000, 227
2025, 1 - without algorithms, 4, 477.967000, 164
2026, 1 - without algorithms, 4, 399.550000, 142
2027, 1 - without algorithms, 4, 619.683000, 221
2028, 1 - without algorithms, 4, 766.498000, 266
2029, 1 - without algorithms, 4, 295.675000, 100
2030, 1 - without algorithms, 4, 425.589000, 147
2031, 1 - without algorithms, 4, 1101.176000, 386
2032, 1 - without algorithms, 4, 200.366000, 69
2033, 1 - without algorithms, 4, 158.728000, 56
2034, 1 - without algorithms, 4, 568.197000, 195
2035, 1 - without algorithms, 4, 530.786000, 185
2036, 1 - without algorithms, 4, 731.513000, 257
2037, 1 - without algorithms, 4, 762.130000, 259
2038, 1 - without algorithms, 4, 1004.155000, 350
2039, 1 - without algorithms, 4, 648.227000, 235
2040, 1 - without algorithms, 4, 1371.103000, 479
2041, 1 - without algorithms, 4, 2588.407000, 890
2042, 1 - without algorithms, 4, 470.433000, 165
2043, 1 - without algorithms, 4, 600.527000, 210
2044, 1 - without algorithms, 4, 294.934000, 104
2045, 1 - without algorithms, 4, 720.833000, 248
2046, 1 - without algorithms, 4, 895.040000, 307
2047, 1 - without algorithms, 4, 1019.464000, 344
2048, 1 - without algorithms, 4, 448.111000, 152
2049, 1 - without algorithms, 4, 1150.660000, 405
2050, 1 - without algorithms, 4, 1570.467000, 554
2051, 1 - without algorithms, 4, 557.316000, 193
2052, 1 - without algorithms, 4, 325.421000, 113
2053, 1 - without algorithms, 4, 1194.181000, 430
2054, 1 - without algorithms, 4, 2512.255000, 890
2055, 1 - without algorithms, 4, 342.342000, 117
2056, 1 - without algorithms, 4, 653.757000, 227
2057, 1 - without algorithms, 4, 347.863000, 119
2058, 1 - without algorithms, 4, 307.638000, 106
2059, 1 - without algorithms, 4, 735.921000, 262
2060, 1 - without algorithms, 4, 964.040000, 340
2061, 1 - without algorithms, 4, 1810.448000, 619
2062, 1 - without algorithms, 4, 946.497000, 336
2063, 1 - without algorithms, 4, 633.680000, 214
2064, 1 - without algorithms, 4, 374.182000, 130
2065, 1 - without algorithms, 4, 273.954000, 93
2066, 1 - without algorithms, 4, 328.296000, 115
2067, 1 - without algorithms, 4, 756.409000, 264
2068, 1 - without algorithms, 4, 325.200000, 113
2069, 1 - without algorithms, 4, 188.795000, 64
2070, 1 - without algorithms, 4, 168.837000, 59
2071, 1 - without algorithms, 4, 5826.805000, 2001
2072, 1 - without algorithms, 4, 755.948000, 264
2073, 1 - without algorithms, 4, 4306.112000, 1500
2074, 1 - without algorithms, 4, 184.607000, 63
2075, 1 - without algorithms, 4, 262.062000, 90
2076, 1 - without algorithms, 4, 448.381000, 157
2077, 1 - without algorithms, 4, 268.194000, 93
2078, 1 - without algorithms, 4, 589.626000, 201
2079, 1 - without algorithms, 4, 172.795000, 60
2080, 1 - without algorithms, 4, 2654.251000, 940
2081, 1 - without algorithms, 4, 253.626000, 89
2082, 1 - without algorithms, 4, 779.183000, 271
2083, 1 - without algorithms, 4, 1160.698000, 400
2084, 1 - without algorithms, 4, 223.740000, 76
2085, 1 - without algorithms, 4, 215.765000, 74
2086, 1 - without algorithms, 4, 511.691000, 176
2087, 1 - without algorithms, 4, 352.843000, 124
2088, 1 - without algorithms, 4, 1110.875000, 383
2089, 1 - without algorithms, 4, 832.833000, 281
2090, 1 - without algorithms, 4, 326.813000, 115
2091, 1 - without algorithms, 4, 183.435000, 64
2092, 1 - without algorithms, 4, 638.468000, 219
2093, 1 - without algorithms, 4, 5849.578000, 2014
2094, 1 - without algorithms, 4, 266.210000, 89
2095, 1 - without algorithms, 4, 493.326000, 170
2096, 1 - without algorithms, 4, 215.795000, 75
2097, 1 - without algorithms, 4, 1450.482000, 511
2098, 1 - without algorithms, 4, 234.630000, 81
2099, 1 - without algorithms, 4, 368.161000, 129
2100, 1 - without algorithms, 4, 6550.524000, 2227
2101, 1 - without algorithms, 4, 156.905000, 54
2102, 1 - without algorithms, 4, 778.742000, 259
2103, 1 - without algorithms, 4, 440.416000, 147
2104, 1 - without algorithms, 4, 407.145000, 137
2105, 1 - without algorithms, 4, 358.293000, 119
2106, 1 - without algorithms, 4, 385.203000, 128
2107, 1 - without algorithms, 4, 1552.543000, 520
2108, 1 - without algorithms, 4, 1111.606000, 372
2109, 1 - without algorithms, 4, 1937.696000, 662
2110, 1 - without algorithms, 4, 300.344000, 101
2111, 1 - without algorithms, 4, 378.381000, 127
2112, 1 - without algorithms, 4, 988.845000, 328
2113, 1 - without algorithms, 4, 711.335000, 238
2114, 1 - without algorithms, 4, 286.438000, 95
2115, 1 - without algorithms, 4, 200.777000, 67
2116, 1 - without algorithms, 4, 846.659000, 282
2117, 1 - without algorithms, 4, 227.637000, 77
2118, 1 - without algorithms, 4, 302.208000, 101
2119, 1 - without algorithms, 4, 362.019000, 117
2120, 1 - without algorithms, 4, 720.241000, 233
2121, 1 - without algorithms, 4, 763.293000, 247
2122, 1 - without algorithms, 4, 1042.457000, 337
2123, 1 - without algorithms, 4, 315.362000, 104
2124, 1 - without algorithms, 4, 487.365000, 160
2125, 1 - without algorithms, 4, 453.572000, 146
2126, 1 - without algorithms, 4, 980.571000, 323
2127, 1 - without algorithms, 4, 3732.535000, 1220
2128, 1 - without algorithms, 4, 342.012000, 112
2129, 1 - without algorithms, 4, 175.139000, 57
2130, 1 - without algorithms, 4, 233.328000, 74
2131, 1 - without algorithms, 4, 720.772000, 236
2132, 1 - without algorithms, 4, 1061.552000, 338
2133, 1 - without algorithms, 4, 403.427000, 129
2134, 1 - without algorithms, 4, 276.949000, 90
2135, 1 - without algorithms, 4, 371.397000, 122
2136, 1 - without algorithms, 4, 2402.439000, 773
2137, 1 - without algorithms, 4, 1683.169000, 567
2138, 1 - without algorithms, 4, 1660.326000, 535
2139, 1 - without algorithms, 4, 357.101000, 119
2140, 1 - without algorithms, 4, 820.840000, 259
2141, 1 - without algorithms, 4, 381.616000, 122
2142, 1 - without algorithms, 4, 1033.069000, 336
2143, 1 - without algorithms, 4, 544.301000, 179
2144, 1 - without algorithms, 4, 463.891000, 149
2145, 1 - without algorithms, 4, 2512.996000, 842
2146, 1 - without algorithms, 4, 496.783000, 164
2147, 1 - without algorithms, 4, 596.790000, 201
2148, 1 - without algorithms, 4, 924.926000, 304
2149, 1 - without algorithms, 4, 582.343000, 187
2150, 1 - without algorithms, 4, 499.638000, 164
2151, 1 - without algorithms, 4, 978.376000, 328
2152, 1 - without algorithms, 4, 393.348000, 127
2153, 1 - without algorithms, 4, 299.872000, 98
2154, 1 - without algorithms, 4, 1351.657000, 436
2155, 1 - without algorithms, 4, 254.187000, 85
2156, 1 - without algorithms, 4, 391.124000, 127
2157, 1 - without algorithms, 4, 218.951000, 73
2158, 1 - without algorithms, 4, 260.528000, 86
2159, 1 - without algorithms, 4, 494.619000, 168
2160, 1 - without algorithms, 4, 716.895000, 244
2161, 1 - without algorithms, 4, 629.321000, 213
2162, 1 - without algorithms, 4, 957.377000, 316
2163, 1 - without algorithms, 4, 759.265000, 254
2164, 1 - without algorithms, 4, 834.707000, 282
2165, 1 - without algorithms, 4, 164.559000, 56
2166, 1 - without algorithms, 4, 452.980000, 149
2167, 1 - without algorithms, 4, 703.080000, 241
2168, 1 - without algorithms, 4, 361.348000, 121
2169, 1 - without algorithms, 4, 744.507000, 245
2170, 1 - without algorithms, 4, 915.708000, 309
2171, 1 - without algorithms, 4, 652.375000, 213
2172, 1 - without algorithms, 4, 174.257000, 59
2173, 1 - without algorithms, 4, 888.427000, 297
2174, 1 - without algorithms, 4, 158.848000, 55
2175, 1 - without algorithms, 4, 343.835000, 115
2176, 1 - without algorithms, 4, 434.756000, 145
2177, 1 - without algorithms, 4, 158.137000, 54
2178, 1 - without algorithms, 4, 322.305000, 108
2179, 1 - without algorithms, 4, 575.941000, 197
2180, 1 - without algorithms, 4, 3096.160000, 1061
2181, 1 - without algorithms, 4, 468.429000, 155
2182, 1 - without algorithms, 4, 1199.652000, 420
2183, 1 - without algorithms, 4, 315.673000, 112
2184, 1 - without algorithms, 4, 1509.573000, 522
2185, 1 - without algorithms, 4, 270.638000, 93
2186, 1 - without algorithms, 4, 767.730000, 260
2187, 1 - without algorithms, 4, 237.105000, 83
2188, 1 - without algorithms, 4, 335.439000, 113
2189, 1 - without algorithms, 4, 427.372000, 149
2190, 1 - without algorithms, 4, 643.638000, 217
2191, 1 - without algorithms, 4, 525.006000, 180
2192, 1 - without algorithms, 4, 208.291000, 72
2193, 1 - without algorithms, 4, 776.778000, 270
2194, 1 - without algorithms, 4, 646.243000, 221
2195, 1 - without algorithms, 4, 449.664000, 153
2196, 1 - without algorithms, 4, 786.726000, 270
2197, 1 - without algorithms, 4, 656.622000, 224
2198, 1 - without algorithms, 4, 401.233000, 135
2199, 1 - without algorithms, 4, 588.695000, 196
2200, 1 - without algorithms, 4, 284.324000, 99
2201, 1 - without algorithms, 4, 457.238000, 158
2202, 1 - without algorithms, 4, 1102.469000, 377
2203, 1 - without algorithms, 4, 1868.727000, 644
2204, 1 - without algorithms, 4, 1954.057000, 676
2205, 1 - without algorithms, 4, 1192.528000, 408
2206, 1 - without algorithms, 4, 960.202000, 327
2207, 1 - without algorithms, 4, 362.350000, 123
2208, 1 - without algorithms, 4, 401.574000, 140
2209, 1 - without algorithms, 4, 326.463000, 110
2210, 1 - without algorithms, 4, 1450.342000, 514
2211, 1 - without algorithms, 4, 722.376000, 250
2212, 1 - without algorithms, 4, 1568.634000, 541
2213, 1 - without algorithms, 4, 639.350000, 221
2214, 1 - without algorithms, 4, 1257.320000, 449
2215, 1 - without algorithms, 4, 3389.340000, 1138
2216, 1 - without algorithms, 4, 885.231000, 307
2217, 1 - without algorithms, 4, 155.863000, 55
2218, 1 - without algorithms, 4, 168.235000, 59
2219, 1 - without algorithms, 4, 871.105000, 304
2220, 1 - without algorithms, 4, 152.757000, 54
2221, 1 - without algorithms, 4, 3338.595000, 1155
2222, 1 - without algorithms, 4, 203.653000, 69
2223, 1 - without algorithms, 4, 983.406000, 341
2224, 1 - without algorithms, 4, 329.349000, 113
2225, 1 - without algorithms, 4, 415.881000, 144
2226, 1 - without algorithms, 4, 1933.779000, 679
2227, 1 - without algorithms, 4, 1843.019000, 632
2228, 1 - without algorithms, 4, 1202.486000, 423
2229, 1 - without algorithms, 4, 660.319000, 229
2230, 1 - without algorithms, 4, 1061.021000, 364
2231, 1 - without algorithms, 4, 218.770000, 77
2232, 1 - without algorithms, 4, 976.092000, 339
2233, 1 - without algorithms, 4, 962.386000, 341
2234, 1 - without algorithms, 4, 805.973000, 278
2235, 1 - without algorithms, 4, 475.573000, 167
2236, 1 - without algorithms, 4, 726.834000, 259
2237, 1 - without algorithms, 4, 2152.720000, 723
2238, 1 - without algorithms, 4, 790.714000, 272
2239, 1 - without algorithms, 4, 321.703000, 115
2240, 1 - without algorithms, 4, 575.370000, 203
2241, 1 - without algorithms, 4, 4756.266000, 1627
2242, 1 - without algorithms, 4, 534.673000, 185
2243, 1 - without algorithms, 4, 787.868000, 279
2244, 1 - without algorithms, 4, 1195.975000, 415
2245, 1 - without algorithms, 4, 190.257000, 65
2246, 1 - without algorithms, 4, 501.842000, 179
2247, 1 - without algorithms, 4, 744.498000, 263
2248, 1 - without algorithms, 4, 152.616000, 54
2249, 1 - without algorithms, 4, 1293.016000, 444
2250, 1 - without algorithms, 4, 1938.428000, 675
2251, 1 - without algorithms, 4, 1158.384000, 398
2252, 1 - without algorithms, 4, 418.215000, 146
2253, 1 - without algorithms, 4, 1087.582000, 381
2254, 1 - without algorithms, 4, 870.313000, 297
2255, 1 - without algorithms, 4, 520.276000, 179
2256, 1 - without algorithms, 4, 277.010000, 93
2257, 1 - without algorithms, 4, 167.665000, 59
2258, 1 - without algorithms, 4, 983.155000, 346
2259, 1 - without algorithms, 4, 826.301000, 282
2260, 1 - without algorithms, 4, 937.249000, 321
2261, 1 - without algorithms, 4, 8707.241000, 3027
2262, 1 - without algorithms, 4, 322.505000, 111
2263, 1 - without algorithms, 4, 1231.100000, 427
2264, 1 - without algorithms, 4, 377.568000, 134
2265, 1 - without algorithms, 4, 901.632000, 329
2266, 1 - without algorithms, 4, 176.150000, 63
2267, 1 - without algorithms, 4, 1043.899000, 357
2268, 1 - without algorithms, 4, 469.821000, 163
2269, 1 - without algorithms, 4, 579.388000, 196
2270, 1 - without algorithms, 4, 150.162000, 54
2271, 1 - without algorithms, 4, 888.378000, 310
2272, 1 - without algorithms, 4, 2108.907000, 741
2273, 1 - without algorithms, 4, 157.135000, 55
2274, 1 - without algorithms, 4, 2220.668000, 760
2275, 1 - without algorithms, 4, 228.930000, 79
2276, 1 - without algorithms, 4, 217.167000, 75
2277, 1 - without algorithms, 4, 261.551000, 93
2278, 1 - without algorithms, 4, 233.178000, 82
2279, 1 - without algorithms, 4, 197.030000, 70
2280, 1 - without algorithms, 4, 714.972000, 248
2281, 1 - without algorithms, 4, 166.162000, 57
2282, 1 - without algorithms, 4, 256.822000, 90
2283, 1 - without algorithms, 4, 192.401000, 67
2284, 1 - without algorithms, 4, 309.330000, 108
2285, 1 - without algorithms, 4, 183.986000, 64
2286, 1 - without algorithms, 4, 174.537000, 61
2287, 1 - without algorithms, 4, 262.703000, 92
2288, 1 - without algorithms, 4, 219.532000, 76
2289, 1 - without algorithms, 4, 1240.047000, 433
2290, 1 - without algorithms, 4, 940.976000, 330
2291, 1 - without algorithms, 4, 257.794000, 90
2292, 1 - without algorithms, 4, 606.929000, 209
2293, 1 - without algorithms, 4, 704.984000, 243
2294, 1 - without algorithms, 4, 1380.481000, 489
2295, 1 - without algorithms, 4, 389.090000, 135
2296, 1 - without algorithms, 4, 152.877000, 55
2297, 1 - without algorithms, 4, 1314.317000, 444
2298, 1 - without algorithms, 4, 840.417000, 295
2299, 1 - without algorithms, 4, 234.750000, 81
2300, 1 - without algorithms, 4, 3772.169000, 1325
2301, 1 - without algorithms, 4, 246.293000, 86
2302, 1 - without algorithms, 4, 688.913000, 235
2303, 1 - without algorithms, 4, 519.856000, 176
2304, 1 - without algorithms, 4, 348.494000, 120
2305, 1 - without algorithms, 4, 577.995000, 204
2306, 1 - without algorithms, 4, 459.372000, 164
2307, 1 - without algorithms, 4, 589.416000, 207
2308, 1 - without algorithms, 4, 297.970000, 104
2309, 1 - without algorithms, 4, 1819.144000, 640
2310, 1 - without algorithms, 4, 534.593000, 184
2311, 1 - without algorithms, 4, 767.711000, 262
2312, 1 - without algorithms, 4, 155.171000, 55
2313, 1 - without algorithms, 4, 1041.294000, 368
2314, 1 - without algorithms, 4, 167.304000, 59
2315, 1 - without algorithms, 4, 148.328000, 53
2316, 1 - without algorithms, 4, 1165.307000, 398
2317, 1 - without algorithms, 4, 290.224000, 98
2318, 1 - without algorithms, 4, 630.524000, 227
2319, 1 - without algorithms, 4, 1096.036000, 383
2320, 1 - without algorithms, 4, 308.248000, 109
2321, 1 - without algorithms, 4, 234.771000, 83
2322, 1 - without algorithms, 4, 3154.741000, 1127
2323, 1 - without algorithms, 4, 770.567000, 275
2324, 1 - without algorithms, 4, 415.359000, 146
2325, 1 - without algorithms, 4, 344.597000, 120
2326, 1 - without algorithms, 4, 442.441000, 154
2327, 1 - without algorithms, 4, 568.206000, 200
2328, 1 - without algorithms, 4, 492.144000, 171
2329, 1 - without algorithms, 4, 328.096000, 119
2330, 1 - without algorithms, 4, 1293.107000, 453
2331, 1 - without algorithms, 4, 1376.403000, 486
2332, 1 - without algorithms, 4, 685.156000, 245
2333, 1 - without algorithms, 4, 800.472000, 280
2334, 1 - without algorithms, 4, 1825.126000, 647
2335, 1 - without algorithms, 4, 1980.276000, 687
2336, 1 - without algorithms, 4, 917.602000, 325
2337, 1 - without algorithms, 4, 365.155000, 130
2338, 1 - without algorithms, 4, 293.601000, 102
2339, 1 - without algorithms, 4, 298.801000, 104
2340, 1 - without algorithms, 4, 218.981000, 78
2341, 1 - without algorithms, 4, 1732.923000, 618
2342, 1 - without algorithms, 4, 592.071000, 206
2343, 1 - without algorithms, 4, 1120.183000, 383
2344, 1 - without algorithms, 4, 569.509000, 198
2345, 1 - without algorithms, 4, 419.207000, 145
2346, 1 - without algorithms, 4, 1624.639000, 561
2347, 1 - without algorithms, 4, 1115.874000, 394
2348, 1 - without algorithms, 4, 412.775000, 146
2349, 1 - without algorithms, 4, 753.454000, 256
2350, 1 - without algorithms, 4, 162.335000, 57
2351, 1 - without algorithms, 4, 1363.229000, 486
2352, 1 - without algorithms, 4, 527.560000, 192
2353, 1 - without algorithms, 4, 880.192000, 308
2354, 1 - without algorithms, 4, 292.990000, 102
2355, 1 - without algorithms, 4, 206.989000, 73
2356, 1 - without algorithms, 4, 1821.448000, 640
2357, 1 - without algorithms, 4, 2168.420000, 737
2358, 1 - without algorithms, 4, 621.116000, 220
2359, 1 - without algorithms, 4, 190.557000, 66
2360, 1 - without algorithms, 4, 155.021000, 55
2361, 1 - without algorithms, 4, 571.382000, 200
2362, 1 - without algorithms, 4, 287.830000, 100
2363, 1 - without algorithms, 4, 1940.522000, 668
2364, 1 - without algorithms, 4, 650.140000, 235
2365, 1 - without algorithms, 4, 793.159000, 280
2366, 1 - without algorithms, 4, 360.226000, 124
2367, 1 - without algorithms, 4, 352.030000, 125
2368, 1 - without algorithms, 4, 152.797000, 54
2369, 1 - without algorithms, 4, 233.659000, 81
2370, 1 - without algorithms, 4, 185.738000, 64
2371, 1 - without algorithms, 4, 390.082000, 139
2372, 1 - without algorithms, 4, 652.104000, 227
2373, 1 - without algorithms, 4, 397.275000, 137
2374, 1 - without algorithms, 4, 557.316000, 189
2375, 1 - without algorithms, 4, 498.766000, 177
2376, 1 - without algorithms, 4, 564.830000, 202
2377, 1 - without algorithms, 4, 1170.717000, 396
2378, 1 - without algorithms, 4, 882.296000, 303
2379, 1 - without algorithms, 4, 749.526000, 265
2380, 1 - without algorithms, 4, 710.614000, 246
2381, 1 - without algorithms, 4, 193.964000, 68
2382, 1 - without algorithms, 4, 981.733000, 335
2383, 1 - without algorithms, 4, 1012.310000, 358
2384, 1 - without algorithms, 4, 540.965000, 188
2385, 1 - without algorithms, 4, 164.889000, 58
2386, 1 - without algorithms, 4, 415.359000, 145
2387, 1 - without algorithms, 4, 447.390000, 161
2388, 1 - without algorithms, 4, 866.006000, 304
2389, 1 - without algorithms, 4, 1203.869000, 415
2390, 1 - without algorithms, 4, 296.626000, 101
2391, 1 - without algorithms, 4, 1100.325000, 379
2392, 1 - without algorithms, 4, 2226.639000, 744
2393, 1 - without algorithms, 4, 399.129000, 136
2394, 1 - without algorithms, 4, 8747.797000, 3049
2395, 1 - without algorithms, 4, 1397.553000, 485
2396, 1 - without algorithms, 4, 230.483000, 78
2397, 1 - without algorithms, 4, 314.350000, 109
2398, 1 - without algorithms, 4, 880.152000, 303
2399, 1 - without algorithms, 4, 736.843000, 251
2400, 1 - without algorithms, 218, 628.049000, 206
2401, 1 - without algorithms, 5, 836.540000, 274
2402, 1 - without algorithms, 5, 599.555000, 196
2403, 1 - without algorithms, 5, 270.888000, 93
2404, 1 - without algorithms, 5, 932.671000, 319
2405, 1 - without algorithms, 5, 294.903000, 101
2406, 1 - without algorithms, 5, 437.191000, 146
2407, 1 - without algorithms, 5, 230.062000, 78
2408, 1 - without algorithms, 5, 966.965000, 325
2409, 1 - without algorithms, 5, 432.111000, 144
2410, 1 - without algorithms, 5, 167.494000, 57
2411, 1 - without algorithms, 5, 645.952000, 220
2412, 1 - without algorithms, 5, 1161.540000, 397
2413, 1 - without algorithms, 5, 1599.372000, 538
2414, 1 - without algorithms, 5, 2326.356000, 811
2415, 1 - without algorithms, 5, 1166.118000, 407
2416, 1 - without algorithms, 5, 13056.434000, 4408
2417, 1 - without algorithms, 5, 917.752000, 312
2418, 1 - without algorithms, 5, 2136.269000, 722
2419, 1 - without algorithms, 5, 1875.660000, 631
2420, 1 - without algorithms, 5, 1903.342000, 657
2421, 1 - without algorithms, 5, 643.718000, 220
2422, 1 - without algorithms, 5, 2210.548000, 753
2423, 1 - without algorithms, 5, 806.564000, 276
2424, 1 - without algorithms, 5, 3655.510000, 1247
2425, 1 - without algorithms, 5, 552.648000, 187
2426, 1 - without algorithms, 5, 576.802000, 194
2427, 1 - without algorithms, 5, 1071.852000, 363
2428, 1 - without algorithms, 5, 1143.806000, 393
2429, 1 - without algorithms, 5, 1024.824000, 354
2430, 1 - without algorithms, 5, 2225.276000, 760
2431, 1 - without algorithms, 5, 792.658000, 264
2432, 1 - without algorithms, 5, 401.884000, 139
2433, 1 - without algorithms, 5, 2549.084000, 869
2434, 1 - without algorithms, 5, 1133.377000, 380
2435, 1 - without algorithms, 5, 1843.149000, 627
2436, 1 - without algorithms, 5, 1762.167000, 604
2437, 1 - without algorithms, 5, 5289.537000, 1794
2438, 1 - without algorithms, 5, 292.559000, 97
2439, 1 - without algorithms, 5, 1692.666000, 584
2440, 1 - without algorithms, 5, 1509.954000, 526
2441, 1 - without algorithms, 5, 412.234000, 142
2442, 1 - without algorithms, 5, 194.645000, 67
2443, 1 - without algorithms, 5, 1205.803000, 409
2444, 1 - without algorithms, 5, 2310.306000, 778
2445, 1 - without algorithms, 5, 1205.472000, 417
2446, 1 - without algorithms, 5, 8017.808000, 2778
2447, 1 - without algorithms, 5, 325.811000, 108
2448, 1 - without algorithms, 5, 1713.486000, 597
2449, 1 - without algorithms, 5, 571.011000, 198
2450, 1 - without algorithms, 5, 2443.095000, 866
2451, 1 - without algorithms, 5, 776.487000, 266
2452, 1 - without algorithms, 5, 782.108000, 267
2453, 1 - without algorithms, 5, 1917.098000, 659
2454, 1 - without algorithms, 5, 475.423000, 166
2455, 1 - without algorithms, 5, 648.106000, 223
2456, 1 - without algorithms, 5, 332.264000, 112
2457, 1 - without algorithms, 5, 3993.425000, 1365
2458, 1 - without algorithms, 5, 1719.307000, 594
2459, 1 - without algorithms, 5, 1876.983000, 632
2460, 1 - without algorithms, 5, 753.634000, 258
2461, 1 - without algorithms, 5, 569.018000, 192
2462, 1 - without algorithms, 5, 11854.228000, 4137
2463, 1 - without algorithms, 5, 708.700000, 244
2464, 1 - without algorithms, 5, 1716.551000, 591
2465, 1 - without algorithms, 5, 10269.503000, 3589
2466, 1 - without algorithms, 5, 2663.679000, 903
2467, 1 - without algorithms, 5, 5498.800000, 1925
2468, 1 - without algorithms, 5, 704.372000, 245
2469, 1 - without algorithms, 5, 13264.124000, 4618
2470, 1 - without algorithms, 5, 2253.860000, 787
2471, 1 - without algorithms, 5, 466.405000, 159
2472, 1 - without algorithms, 5, 557.356000, 193
2473, 1 - without algorithms, 5, 3033.082000, 1049
2474, 1 - without algorithms, 5, 14960.367000, 5212
2475, 1 - without algorithms, 5, 541.306000, 191
2476, 1 - without algorithms, 5, 1334.194000, 461
2477, 1 - without algorithms, 5, 4723.806000, 1637
2478, 1 - without algorithms, 5, 725.932000, 252
2479, 1 - without algorithms, 5, 239.700000, 82
2480, 1 - without algorithms, 5, 2058.303000, 726
2481, 1 - without algorithms, 5, 638.148000, 219
2482, 1 - without algorithms, 5, 166.963000, 58
2483, 1 - without algorithms, 5, 1264.253000, 433
2484, 1 - without algorithms, 5, 1157.543000, 403
2485, 1 - without algorithms, 5, 2937.213000, 1038
2486, 1 - without algorithms, 5, 484.319000, 172
2487, 1 - without algorithms, 5, 1779.119000, 613
2488, 1 - without algorithms, 5, 2859.537000, 984
2489, 1 - without algorithms, 5, 226.756000, 78
2490, 1 - without algorithms, 5, 1327.602000, 467
2491, 1 - without algorithms, 5, 180.900000, 63
2492, 1 - without algorithms, 5, 1387.294000, 478
2493, 1 - without algorithms, 5, 1284.411000, 437
2494, 1 - without algorithms, 5, 5266.464000, 1814
2495, 1 - without algorithms, 5, 2816.055000, 975
2496, 1 - without algorithms, 5, 3200.467000, 1114
2497, 1 - without algorithms, 5, 7530.293000, 2632
2498, 1 - without algorithms, 5, 1389.778000, 493
2499, 1 - without algorithms, 5, 773.492000, 261
2500, 1 - without algorithms, 5, 2604.909000, 877
2501, 1 - without algorithms, 5, 2157.910000, 760
2502, 1 - without algorithms, 5, 1765.764000, 613
2503, 1 - without algorithms, 5, 666.411000, 229
2504, 1 - without algorithms, 5, 3326.974000, 1147
2505, 1 - without algorithms, 5, 23553.574000, 8012
2506, 1 - without algorithms, 5, 6163.788000, 2109
2507, 1 - without algorithms, 5, 679.605000, 236
2508, 1 - without algorithms, 5, 565.211000, 195
2509, 1 - without algorithms, 5, 368.632000, 127
2510, 1 - without algorithms, 5, 581.361000, 200
2511, 1 - without algorithms, 5, 484.740000, 168
2512, 1 - without algorithms, 5, 507.403000, 172
2513, 1 - without algorithms, 5, 1361.595000, 469
2514, 1 - without algorithms, 5, 677.592000, 233
2515, 1 - without algorithms, 5, 4653.122000, 1599
2516, 1 - without algorithms, 5, 2220.968000, 766
2517, 1 - without algorithms, 5, 1629.087000, 565
2518, 1 - without algorithms, 5, 3039.996000, 1075
2519, 1 - without algorithms, 5, 7091.329000, 2413
2520, 1 - without algorithms, 5, 451.767000, 153
2521, 1 - without algorithms, 5, 606.909000, 210
2522, 1 - without algorithms, 5, 8889.293000, 3051
2523, 1 - without algorithms, 5, 3316.554000, 1155
2524, 1 - without algorithms, 5, 952.698000, 325
2525, 1 - without algorithms, 5, 342.773000, 115
2526, 1 - without algorithms, 5, 2529.939000, 857
2527, 1 - without algorithms, 5, 1418.683000, 489
2528, 1 - without algorithms, 5, 731.362000, 246
2529, 1 - without algorithms, 5, 940.465000, 331
2530, 1 - without algorithms, 5, 460.694000, 160
2531, 1 - without algorithms, 5, 412.935000, 140
2532, 1 - without algorithms, 5, 1199.180000, 410
2533, 1 - without algorithms, 5, 2051.129000, 710
2534, 1 - without algorithms, 5, 2276.202000, 762
2535, 1 - without algorithms, 5, 935.286000, 322
2536, 1 - without algorithms, 5, 2566.457000, 868
2537, 1 - without algorithms, 5, 1133.297000, 388
2538, 1 - without algorithms, 5, 230.733000, 81
2539, 1 - without algorithms, 5, 334.017000, 114
2540, 1 - without algorithms, 5, 826.662000, 280
2541, 1 - without algorithms, 5, 657.203000, 223
2542, 1 - without algorithms, 5, 2168.380000, 744
2543, 1 - without algorithms, 5, 4851.826000, 1669
2544, 1 - without algorithms, 5, 1216.313000, 408
2545, 1 - without algorithms, 5, 1705.801000, 585
2546, 1 - without algorithms, 5, 477.857000, 161
2547, 1 - without algorithms, 5, 3389.271000, 1164
2548, 1 - without algorithms, 5, 262.503000, 91
2549, 1 - without algorithms, 5, 862.509000, 297
2550, 1 - without algorithms, 5, 477.376000, 159
2551, 1 - without algorithms, 5, 740.640000, 255
2552, 1 - without algorithms, 5, 1309.898000, 446
2553, 1 - without algorithms, 5, 4421.468000, 1517
2554, 1 - without algorithms, 5, 3840.668000, 1331
2555, 1 - without algorithms, 5, 2269.459000, 802
2556, 1 - without algorithms, 5, 1260.375000, 430
2557, 1 - without algorithms, 5, 2177.877000, 728
2558, 1 - without algorithms, 5, 996.500000, 345
2559, 1 - without algorithms, 5, 343.375000, 118
2560, 1 - without algorithms, 5, 533.551000, 181
2561, 1 - without algorithms, 5, 270.467000, 95
2562, 1 - without algorithms, 5, 703.901000, 238
2563, 1 - without algorithms, 5, 2393.542000, 817
2564, 1 - without algorithms, 5, 3423.876000, 1193
2565, 1 - without algorithms, 5, 1770.443000, 619
2566, 1 - without algorithms, 5, 336.992000, 117
2567, 1 - without algorithms, 5, 2662.297000, 927
2568, 1 - without algorithms, 5, 684.795000, 234
2569, 1 - without algorithms, 5, 237.074000, 81
2570, 1 - without algorithms, 5, 309.732000, 105
2571, 1 - without algorithms, 5, 6462.379000, 2222
2572, 1 - without algorithms, 5, 1639.377000, 568
2573, 1 - without algorithms, 5, 1569.325000, 538
2574, 1 - without algorithms, 5, 558.769000, 190
2575, 1 - without algorithms, 5, 646.383000, 226
2576, 1 - without algorithms, 5, 6330.171000, 2225
2577, 1 - without algorithms, 5, 667.943000, 232
2578, 1 - without algorithms, 5, 4036.736000, 1416
2579, 1 - without algorithms, 5, 1272.308000, 442
2580, 1 - without algorithms, 5, 377.308000, 134
2581, 1 - without algorithms, 5, 409.007000, 140
2582, 1 - without algorithms, 5, 307.807000, 106
2583, 1 - without algorithms, 5, 2472.310000, 878
2584, 1 - without algorithms, 5, 3913.645000, 1374
2585, 1 - without algorithms, 5, 342.513000, 121
2586, 1 - without algorithms, 5, 763.823000, 276
2587, 1 - without algorithms, 5, 571.573000, 198
2588, 1 - without algorithms, 5, 706.456000, 246
2589, 1 - without algorithms, 5, 268.634000, 91
2590, 1 - without algorithms, 5, 1026.056000, 355
2591, 1 - without algorithms, 5, 1154.697000, 396
2592, 1 - without algorithms, 5, 9814.540000, 3534
2593, 1 - without algorithms, 5, 173.186000, 61
2594, 1 - without algorithms, 5, 328.516000, 111
2595, 1 - without algorithms, 5, 272.731000, 95
2596, 1 - without algorithms, 5, 1266.798000, 439
2597, 1 - without algorithms, 5, 661.872000, 234
2598, 1 - without algorithms, 5, 703.481000, 245
2599, 1 - without algorithms, 5, 265.307000, 90
2600, 1 - without algorithms, 5, 2030.571000, 734
2601, 1 - without algorithms, 5, 207.249000, 73
2602, 1 - without algorithms, 5, 237.476000, 81
2603, 1 - without algorithms, 5, 3577.474000, 1210
2604, 1 - without algorithms, 5, 2547.531000, 879
2605, 1 - without algorithms, 5, 542.078000, 185
2606, 1 - without algorithms, 5, 744.768000, 259
2607, 1 - without algorithms, 5, 2053.705000, 714
2608, 1 - without algorithms, 5, 966.814000, 340
2609, 1 - without algorithms, 5, 298.319000, 104
2610, 1 - without algorithms, 5, 2982.617000, 1037
2611, 1 - without algorithms, 5, 2289.938000, 822
2612, 1 - without algorithms, 5, 483.908000, 168
2613, 1 - without algorithms, 5, 2544.395000, 883
2614, 1 - without algorithms, 5, 669.136000, 224
2615, 1 - without algorithms, 5, 4447.537000, 1525
2616, 1 - without algorithms, 5, 1451.694000, 506
2617, 1 - without algorithms, 5, 18601.000000, 6658
2618, 1 - without algorithms, 5, 2156.066000, 725
2619, 1 - without algorithms, 5, 11784.707000, 4104
2620, 1 - without algorithms, 5, 2499.160000, 871
2621, 1 - without algorithms, 5, 3470.212000, 1203
2622, 1 - without algorithms, 5, 3979.378000, 1406
2623, 1 - without algorithms, 5, 457.268000, 159
2624, 1 - without algorithms, 5, 429.847000, 147
2625, 1 - without algorithms, 5, 159.820000, 56
2626, 1 - without algorithms, 5, 1184.232000, 412
2627, 1 - without algorithms, 5, 425.288000, 147
2628, 1 - without algorithms, 5, 528.451000, 183
2629, 1 - without algorithms, 5, 2489.342000, 862
2630, 1 - without algorithms, 5, 890.441000, 307
2631, 1 - without algorithms, 5, 2051.210000, 700
2632, 1 - without algorithms, 5, 350.648000, 118
2633, 1 - without algorithms, 5, 3528.061000, 1246
2634, 1 - without algorithms, 5, 3246.413000, 1115
2635, 1 - without algorithms, 5, 2780.328000, 967
2636, 1 - without algorithms, 5, 771.708000, 260
2637, 1 - without algorithms, 5, 3513.684000, 1215
2638, 1 - without algorithms, 5, 28635.392000, 9992
2639, 1 - without algorithms, 5, 1993.351000, 671
2640, 1 - without algorithms, 5, 625.574000, 207
2641, 1 - without algorithms, 5, 163.256000, 55
2642, 1 - without algorithms, 5, 1751.267000, 578
2643, 1 - without algorithms, 5, 166.813000, 56
2644, 1 - without algorithms, 5, 829.947000, 267
2645, 1 - without algorithms, 5, 907.604000, 297
2646, 1 - without algorithms, 5, 269.135000, 89
2647, 1 - without algorithms, 5, 4342.450000, 1448
2648, 1 - without algorithms, 5, 552.968000, 178
2649, 1 - without algorithms, 5, 2311.739000, 754
2650, 1 - without algorithms, 5, 1581.889000, 513
2651, 1 - without algorithms, 5, 252.924000, 82
2652, 1 - without algorithms, 5, 546.235000, 178
2653, 1 - without algorithms, 5, 4463.287000, 1480
2654, 1 - without algorithms, 5, 502.022000, 159
2655, 1 - without algorithms, 5, 529.003000, 170
2656, 1 - without algorithms, 5, 1955.650000, 631
2657, 1 - without algorithms, 5, 1020.124000, 341
2658, 1 - without algorithms, 5, 1438.890000, 474
2659, 1 - without algorithms, 5, 1238.785000, 407
2660, 1 - without algorithms, 5, 426.791000, 139
2661, 1 - without algorithms, 5, 2834.680000, 948
2662, 1 - without algorithms, 5, 3363.983000, 1113
2663, 1 - without algorithms, 5, 5075.395000, 1701
2664, 1 - without algorithms, 5, 872.197000, 297
2665, 1 - without algorithms, 5, 180.398000, 62
2666, 1 - without algorithms, 5, 212.890000, 71
2667, 1 - without algorithms, 5, 463.139000, 157
2668, 1 - without algorithms, 5, 445.466000, 146
2669, 1 - without algorithms, 5, 696.777000, 234
2670, 1 - without algorithms, 5, 381.165000, 132
2671, 1 - without algorithms, 5, 5850.400000, 2027
2672, 1 - without algorithms, 5, 3246.272000, 1106
2673, 1 - without algorithms, 5, 749.296000, 251
2674, 1 - without algorithms, 5, 4006.810000, 1358
2675, 1 - without algorithms, 5, 335.650000, 116
2676, 1 - without algorithms, 5, 10732.773000, 3624
2677, 1 - without algorithms, 5, 203.813000, 71
2678, 1 - without algorithms, 5, 5936.401000, 2014
2679, 1 - without algorithms, 5, 2138.744000, 741
2680, 1 - without algorithms, 5, 432.321000, 152
2681, 1 - without algorithms, 5, 3382.838000, 1160
2682, 1 - without algorithms, 5, 670.558000, 230
2683, 1 - without algorithms, 5, 5092.648000, 1762
2684, 1 - without algorithms, 5, 1716.772000, 599
2685, 1 - without algorithms, 5, 1439.361000, 501
2686, 1 - without algorithms, 5, 353.303000, 124
2687, 1 - without algorithms, 5, 1752.759000, 609
2688, 1 - without algorithms, 5, 3745.429000, 1314
2689, 1 - without algorithms, 5, 1600.403000, 558
2690, 1 - without algorithms, 5, 372.860000, 128
2691, 1 - without algorithms, 5, 305.764000, 109
2692, 1 - without algorithms, 5, 4455.743000, 1566
2693, 1 - without algorithms, 5, 1017.520000, 357
2694, 1 - without algorithms, 5, 2528.746000, 866
2695, 1 - without algorithms, 5, 2146.698000, 757
2696, 1 - without algorithms, 5, 3183.204000, 1110
2697, 1 - without algorithms, 5, 824.257000, 284
2698, 1 - without algorithms, 5, 1656.018000, 578
2699, 1 - without algorithms, 5, 1059.027000, 376
2700, 1 - without algorithms, 5, 1719.387000, 602
2701, 1 - without algorithms, 5, 552.727000, 188
2702, 1 - without algorithms, 5, 1206.464000, 426
2703, 1 - without algorithms, 5, 454.964000, 154
2704, 1 - without algorithms, 5, 821.421000, 287
2705, 1 - without algorithms, 5, 204.604000, 73
2706, 1 - without algorithms, 5, 1369.891000, 478
2707, 1 - without algorithms, 5, 1584.574000, 545
2708, 1 - without algorithms, 5, 1474.537000, 516
2709, 1 - without algorithms, 5, 2288.435000, 797
2710, 1 - without algorithms, 5, 2875.787000, 1009
2711, 1 - without algorithms, 5, 1425.876000, 490
2712, 1 - without algorithms, 5, 174.187000, 61
2713, 1 - without algorithms, 5, 1753.401000, 608
2714, 1 - without algorithms, 5, 428.003000, 150
2715, 1 - without algorithms, 5, 539.161000, 179
2716, 1 - without algorithms, 5, 226.525000, 78
2717, 1 - without algorithms, 5, 696.778000, 239
2718, 1 - without algorithms, 5, 734.759000, 257
2719, 1 - without algorithms, 5, 508.424000, 182
2720, 1 - without algorithms, 5, 168.376000, 59
2721, 1 - without algorithms, 5, 1753.872000, 613
2722, 1 - without algorithms, 5, 16676.979000, 5870
2723, 1 - without algorithms, 5, 2309.694000, 801
2724, 1 - without algorithms, 5, 870.844000, 298
2725, 1 - without algorithms, 5, 1712.564000, 584
2726, 1 - without algorithms, 5, 659.618000, 228
2727, 1 - without algorithms, 5, 3895.841000, 1366
2728, 1 - without algorithms, 5, 6307.357000, 2225
2729, 1 - without algorithms, 5, 1545.280000, 528
2730, 1 - without algorithms, 5, 434.816000, 150
2731, 1 - without algorithms, 5, 407.424000, 141
2732, 1 - without algorithms, 5, 1164.585000, 402
2733, 1 - without algorithms, 5, 1993.020000, 694
2734, 1 - without algorithms, 5, 1984.785000, 675
2735, 1 - without algorithms, 5, 1434.312000, 504
2736, 1 - without algorithms, 5, 604.184000, 202
2737, 1 - without algorithms, 5, 959.911000, 328
2738, 1 - without algorithms, 5, 832.232000, 286
2739, 1 - without algorithms, 5, 3064.772000, 1025
2740, 1 - without algorithms, 5, 1993.060000, 691
2741, 1 - without algorithms, 5, 1082.692000, 365
2742, 1 - without algorithms, 5, 425.178000, 143
2743, 1 - without algorithms, 5, 1547.965000, 538
2744, 1 - without algorithms, 5, 1806.079000, 623
2745, 1 - without algorithms, 5, 356.679000, 120
2746, 1 - without algorithms, 5, 2771.501000, 961
2747, 1 - without algorithms, 5, 2087.838000, 704
2748, 1 - without algorithms, 5, 1064.378000, 358
2749, 1 - without algorithms, 5, 2177.887000, 751
2750, 1 - without algorithms, 5, 699.082000, 250
2751, 1 - without algorithms, 5, 2326.587000, 796
2752, 1 - without algorithms, 5, 2257.416000, 774
2753, 1 - without algorithms, 5, 2534.917000, 871
2754, 1 - without algorithms, 5, 376.576000, 127
2755, 1 - without algorithms, 5, 3312.036000, 1175
2756, 1 - without algorithms, 5, 262.452000, 93
2757, 1 - without algorithms, 5, 1773.799000, 609
2758, 1 - without algorithms, 5, 2087.257000, 747
2759, 1 - without algorithms, 5, 314.370000, 109
2760, 1 - without algorithms, 5, 243.237000, 85
2761, 1 - without algorithms, 5, 375.645000, 128
2762, 1 - without algorithms, 5, 2558.030000, 869
2763, 1 - without algorithms, 5, 2297.362000, 803
2764, 1 - without algorithms, 5, 490.871000, 172
2765, 1 - without algorithms, 5, 398.968000, 139
2766, 1 - without algorithms, 5, 1229.918000, 417
2767, 1 - without algorithms, 5, 5891.226000, 2027
2768, 1 - without algorithms, 5, 951.306000, 333
2769, 1 - without algorithms, 5, 180.890000, 63
2770, 1 - without algorithms, 5, 1305.820000, 460
2771, 1 - without algorithms, 5, 938.581000, 321
2772, 1 - without algorithms, 5, 1121.575000, 382
2773, 1 - without algorithms, 5, 436.079000, 150
2774, 1 - without algorithms, 5, 359.715000, 129
2775, 1 - without algorithms, 5, 2994.380000, 1049
2776, 1 - without algorithms, 5, 277.561000, 95
2777, 1 - without algorithms, 5, 627.498000, 219
2778, 1 - without algorithms, 5, 1037.167000, 361
2779, 1 - without algorithms, 5, 5143.182000, 1831
2780, 1 - without algorithms, 5, 3926.239000, 1378
2781, 1 - without algorithms, 5, 153.788000, 55
2782, 1 - without algorithms, 5, 18557.768000, 6511
2783, 1 - without algorithms, 5, 759.195000, 263
2784, 1 - without algorithms, 5, 2089.621000, 744
2785, 1 - without algorithms, 5, 2209.587000, 762
2786, 1 - without algorithms, 5, 1136.493000, 391
2787, 1 - without algorithms, 5, 531.587000, 188
2788, 1 - without algorithms, 5, 1651.339000, 570
2789, 1 - without algorithms, 5, 2539.346000, 871
2790, 1 - without algorithms, 5, 414.107000, 141
2791, 1 - without algorithms, 5, 1318.504000, 457
2792, 1 - without algorithms, 5, 3723.017000, 1313
2793, 1 - without algorithms, 5, 2458.555000, 865
2794, 1 - without algorithms, 5, 2065.065000, 723
2795, 1 - without algorithms, 5, 2983.218000, 1050
2796, 1 - without algorithms, 5, 2362.865000, 819
2797, 1 - without algorithms, 5, 1396.391000, 484
2798, 1 - without algorithms, 5, 1095.476000, 382
2799, 1 - without algorithms, 5, 175.599000, 62
2800, 1 - without algorithms, 5, 1141.032000, 404
2801, 1 - without algorithms, 5, 2545.778000, 867
2802, 1 - without algorithms, 5, 1250.977000, 435
2803, 1 - without algorithms, 5, 1018.271000, 341
2804, 1 - without algorithms, 5, 1679.613000, 583
2805, 1 - without algorithms, 5, 236.374000, 83
2806, 1 - without algorithms, 5, 6510.047000, 2279
2807, 1 - without algorithms, 5, 345.188000, 120
2808, 1 - without algorithms, 5, 520.386000, 184
2809, 1 - without algorithms, 5, 426.801000, 149
2810, 1 - without algorithms, 5, 692.750000, 239
2811, 1 - without algorithms, 5, 4196.395000, 1458
2812, 1 - without algorithms, 5, 2624.816000, 900
2813, 1 - without algorithms, 5, 2331.997000, 806
2814, 1 - without algorithms, 5, 441.448000, 151
2815, 1 - without algorithms, 5, 4072.884000, 1464
2816, 1 - without algorithms, 5, 1241.340000, 430
2817, 1 - without algorithms, 5, 4113.630000, 1458
2818, 1 - without algorithms, 5, 1486.169000, 515
2819, 1 - without algorithms, 5, 619.873000, 210
2820, 1 - without algorithms, 5, 2132.632000, 742
2821, 1 - without algorithms, 5, 404.369000, 138
2822, 1 - without algorithms, 5, 744.538000, 257
2823, 1 - without algorithms, 5, 1157.633000, 398
2824, 1 - without algorithms, 5, 347.272000, 120
2825, 1 - without algorithms, 5, 947.097000, 331
2826, 1 - without algorithms, 5, 2253.800000, 768
2827, 1 - without algorithms, 5, 1203.248000, 418
2828, 1 - without algorithms, 5, 1440.253000, 503
2829, 1 - without algorithms, 5, 2437.024000, 857
2830, 1 - without algorithms, 5, 1144.298000, 403
2831, 1 - without algorithms, 5, 308.278000, 107
2832, 1 - without algorithms, 5, 164.439000, 58
2833, 1 - without algorithms, 5, 2263.608000, 790
2834, 1 - without algorithms, 5, 3660.550000, 1303
2835, 1 - without algorithms, 5, 1059.929000, 373
2836, 1 - without algorithms, 5, 1083.574000, 374
2837, 1 - without algorithms, 5, 233.498000, 83
2838, 1 - without algorithms, 5, 2250.253000, 784
2839, 1 - without algorithms, 5, 245.330000, 86
2840, 1 - without algorithms, 5, 159.930000, 57
2841, 1 - without algorithms, 5, 8310.837000, 2900
2842, 1 - without algorithms, 5, 1347.860000, 478
2843, 1 - without algorithms, 5, 188.684000, 66
2844, 1 - without algorithms, 5, 300.734000, 103
2845, 1 - without algorithms, 5, 839.505000, 293
2846, 1 - without algorithms, 5, 4061.382000, 1397
2847, 1 - without algorithms, 5, 364.835000, 126
2848, 1 - without algorithms, 5, 2130.789000, 747
2849, 1 - without algorithms, 5, 153.368000, 54
2850, 1 - without algorithms, 5, 1204.992000, 431
2851, 1 - without algorithms, 5, 1049.048000, 365
2852, 1 - without algorithms, 5, 260.378000, 90
2853, 1 - without algorithms, 5, 905.179000, 315
2854, 1 - without algorithms, 5, 806.163000, 280
2855, 1 - without algorithms, 5, 8327.669000, 2899
2856, 1 - without algorithms, 5, 1024.813000, 360
2857, 1 - without algorithms, 5, 558.849000, 194
2858, 1 - without algorithms, 5, 1954.258000, 689
2859, 1 - without algorithms, 5, 159.329000, 56
2860, 1 - without algorithms, 5, 652.855000, 232
2861, 1 - without algorithms, 5, 716.985000, 250
2862, 1 - without algorithms, 5, 4969.797000, 1711
2863, 1 - without algorithms, 5, 584.717000, 202
2864, 1 - without algorithms, 5, 362.119000, 126
2865, 1 - without algorithms, 5, 228.289000, 80
2866, 1 - without algorithms, 5, 528.552000, 187
2867, 1 - without algorithms, 5, 1698.648000, 606
2868, 1 - without algorithms, 5, 2008.389000, 710
2869, 1 - without algorithms, 5, 1237.282000, 445
2870, 1 - without algorithms, 5, 2735.554000, 973
2871, 1 - without algorithms, 5, 7225.080000, 2529
2872, 1 - without algorithms, 5, 3588.956000, 1219
2873, 1 - without algorithms, 5, 701.106000, 242
2874, 1 - without algorithms, 5, 1576.889000, 545
2875, 1 - without algorithms, 5, 578.806000, 202
2876, 1 - without algorithms, 5, 1504.523000, 517
2877, 1 - without algorithms, 5, 8046.391000, 2777
2878, 1 - without algorithms, 5, 158.307000, 55
2879, 1 - without algorithms, 5, 164.439000, 58
2880, 1 - without algorithms, 5, 4248.954000, 1471
2881, 1 - without algorithms, 5, 2256.745000, 789
2882, 1 - without algorithms, 5, 334.197000, 115
2883, 1 - without algorithms, 5, 1363.759000, 471
2884, 1 - without algorithms, 5, 273.874000, 94
2885, 1 - without algorithms, 5, 292.128000, 101
2886, 1 - without algorithms, 5, 3679.054000, 1268
2887, 1 - without algorithms, 5, 8454.127000, 2965
2888, 1 - without algorithms, 5, 2913.237000, 1011
2889, 1 - without algorithms, 5, 196.739000, 69
2890, 1 - without algorithms, 5, 1298.147000, 450
2891, 1 - without algorithms, 5, 794.160000, 272
2892, 1 - without algorithms, 5, 3198.262000, 1106
2893, 1 - without algorithms, 5, 1315.189000, 454
2894, 1 - without algorithms, 5, 729.609000, 244
2895, 1 - without algorithms, 5, 2830.191000, 979
2896, 1 - without algorithms, 5, 369.493000, 127
2897, 1 - without algorithms, 5, 377.819000, 131
2898, 1 - without algorithms, 5, 399.881000, 138
2899, 1 - without algorithms, 5, 276.929000, 95
2900, 1 - without algorithms, 5, 1357.307000, 479
2901, 1 - without algorithms, 5, 190.478000, 67
2902, 1 - without algorithms, 5, 1199.752000, 422
2903, 1 - without algorithms, 5, 293.681000, 100
2904, 1 - without algorithms, 5, 1793.245000, 622
2905, 1 - without algorithms, 5, 638.889000, 223
2906, 1 - without algorithms, 5, 1232.193000, 427
2907, 1 - without algorithms, 5, 3030.077000, 1069
2908, 1 - without algorithms, 5, 515.908000, 179
2909, 1 - without algorithms, 5, 173.816000, 61
2910, 1 - without algorithms, 5, 198.643000, 69
2911, 1 - without algorithms, 5, 604.214000, 212
2912, 1 - without algorithms, 5, 6900.140000, 2369
2913, 1 - without algorithms, 5, 2056.560000, 715
2914, 1 - without algorithms, 5, 860.404000, 292
2915, 1 - without algorithms, 5, 613.982000, 216
2916, 1 - without algorithms, 5, 260.759000, 86
2917, 1 - without algorithms, 5, 2420.603000, 843
2918, 1 - without algorithms, 5, 4598.240000, 1587
2919, 1 - without algorithms, 5, 722.777000, 248
2920, 1 - without algorithms, 5, 1556.210000, 532
2921, 1 - without algorithms, 5, 849.614000, 290
2922, 1 - without algorithms, 5, 2423.378000, 843
2923, 1 - without algorithms, 5, 680.497000, 236
2924, 1 - without algorithms, 5, 2622.953000, 891
2925, 1 - without algorithms, 5, 290.655000, 99
2926, 1 - without algorithms, 5, 2702.592000, 935
2927, 1 - without algorithms, 5, 453.380000, 158
2928, 1 - without algorithms, 5, 2929.388000, 1035
2929, 1 - without algorithms, 5, 247.525000, 85
2930, 1 - without algorithms, 5, 5430.432000, 1902
2931, 1 - without algorithms, 5, 3386.466000, 1191
2932, 1 - without algorithms, 5, 1918.260000, 655
2933, 1 - without algorithms, 5, 5676.363000, 1959
2934, 1 - without algorithms, 5, 1230.920000, 415
2935, 1 - without algorithms, 5, 532.700000, 184
2936, 1 - without algorithms, 5, 12422.564000, 4257
2937, 1 - without algorithms, 5, 4086.570000, 1373
2938, 1 - without algorithms, 5, 686.999000, 235
2939, 1 - without algorithms, 5, 159.830000, 55
2940, 1 - without algorithms, 5, 542.488000, 181
2941, 1 - without algorithms, 5, 2166.386000, 731
2942, 1 - without algorithms, 5, 372.319000, 125
2943, 1 - without algorithms, 5, 210.134000, 74
2944, 1 - without algorithms, 5, 1741.177000, 590
2945, 1 - without algorithms, 5, 5929.068000, 2067
2946, 1 - without algorithms, 5, 863.290000, 293
2947, 1 - without algorithms, 5, 1345.966000, 454
2948, 1 - without algorithms, 5, 5424.120000, 1868
2949, 1 - without algorithms, 5, 3079.770000, 1063
2950, 1 - without algorithms, 5, 546.406000, 186
2951, 1 - without algorithms, 5, 1463.918000, 499
2952, 1 - without algorithms, 5, 199.354000, 70
2953, 1 - without algorithms, 5, 1493.974000, 509
2954, 1 - without algorithms, 5, 3909.156000, 1334
2955, 1 - without algorithms, 5, 1805.168000, 633
2956, 1 - without algorithms, 5, 1205.673000, 411
2957, 1 - without algorithms, 5, 280.006000, 99
2958, 1 - without algorithms, 5, 4212.025000, 1520
2959, 1 - without algorithms, 5, 627.237000, 217
2960, 1 - without algorithms, 5, 1369.179000, 473
2961, 1 - without algorithms, 5, 1056.172000, 375
2962, 1 - without algorithms, 5, 601.108000, 208
2963, 1 - without algorithms, 5, 2275.701000, 801
2964, 1 - without algorithms, 5, 836.159000, 292
2965, 1 - without algorithms, 5, 497.224000, 165
2966, 1 - without algorithms, 5, 577.334000, 203
2967, 1 - without algorithms, 5, 473.619000, 163
2968, 1 - without algorithms, 5, 1651.509000, 573
2969, 1 - without algorithms, 5, 5600.942000, 1947
2970, 1 - without algorithms, 5, 389.551000, 136
2971, 1 - without algorithms, 5, 2123.946000, 739
2972, 1 - without algorithms, 5, 658.475000, 229
2973, 1 - without algorithms, 5, 1647.753000, 570
2974, 1 - without algorithms, 5, 2561.047000, 899
2975, 1 - without algorithms, 5, 1044.370000, 356
2976, 1 - without algorithms, 5, 208.661000, 72
2977, 1 - without algorithms, 5, 2112.344000, 742
2978, 1 - without algorithms, 5, 2176.625000, 781
2979, 1 - without algorithms, 5, 591.179000, 206
2980, 1 - without algorithms, 5, 294.322000, 100
2981, 1 - without algorithms, 5, 3570.571000, 1183
2982, 1 - without algorithms, 5, 2896.957000, 1011
2983, 1 - without algorithms, 5, 1748.993000, 599
2984, 1 - without algorithms, 5, 796.305000, 265
2985, 1 - without algorithms, 5, 1914.172000, 666
2986, 1 - without algorithms, 5, 8746.054000, 3033
2987, 1 - without algorithms, 5, 3158.968000, 1088
2988, 1 - without algorithms, 5, 7467.975000, 2585
2989, 1 - without algorithms, 5, 1968.264000, 668
2990, 1 - without algorithms, 5, 840.668000, 285
2991, 1 - without algorithms, 5, 382.097000, 130
2992, 1 - without algorithms, 5, 2294.206000, 776
2993, 1 - without algorithms, 5, 426.800000, 142
2994, 1 - without algorithms, 5, 1786.032000, 620
2995, 1 - without algorithms, 5, 584.036000, 195
2996, 1 - without algorithms, 5, 1827.310000, 625
2997, 1 - without algorithms, 5, 1223.586000, 415
2998, 1 - without algorithms, 5, 4292.416000, 1499
2999, 1 - without algorithms, 5, 649.519000, 221
3000, 1 - without algorithms, 5, 2265.973000, 775
3001, 1 - without algorithms, 5, 573.416000, 193
3002, 1 - without algorithms, 5, 1689.621000, 587
3003, 1 - without algorithms, 5, 1548.747000, 554
3004, 1 - without algorithms, 5, 3194.465000, 1063
3005, 1 - without algorithms, 5, 3557.767000, 1231
3006, 1 - without algorithms, 5, 384.943000, 130
3007, 1 - without algorithms, 5, 886.955000, 307
3008, 1 - without algorithms, 5, 1307.914000, 442
3009, 1 - without algorithms, 5, 994.286000, 336
3010, 1 - without algorithms, 5, 147.035000, 52
3011, 1 - without algorithms, 5, 463.590000, 163
3012, 1 - without algorithms, 5, 397.386000, 136
3013, 1 - without algorithms, 5, 207.329000, 70
0, 0 - without algorithms, 1, 135.905000, 50
1, 0 - without algorithms, 1, 127.840000, 48
2, 0 - without algorithms, 1, 176.040000, 66
3, 0 - without algorithms, 1, 240.542000, 87
4, 0 - without algorithms, 1, 239.089000, 87
5, 0 - without algorithms, 1, 1133.327000, 413
6, 0 - without algorithms, 1, 215.765000, 79
7, 0 - without algorithms, 1, 337.524000, 124
8, 0 - without algorithms, 1, 138.129000, 51
9, 0 - without algorithms, 1, 580.629000, 209
10, 0 - without algorithms, 1, 453.881000, 166
11, 0 - without algorithms, 1, 595.107000, 219
12, 0 - without algorithms, 1, 374.062000, 134
13, 0 - without algorithms, 1, 345.679000, 129
14, 0 - without algorithms, 1, 238.377000, 87
15, 0 - without algorithms, 1, 176.872000, 65
16, 0 - without algorithms, 1, 185.398000, 68
17, 0 - without algorithms, 1, 372.159000, 134
18, 0 - without algorithms, 1, 505.559000, 181
19, 0 - without algorithms, 1, 225.043000, 83
20, 0 - without algorithms, 1, 309.270000, 111
21, 0 - without algorithms, 1, 227.557000, 83
22, 0 - without algorithms, 1, 340.198000, 125
23, 0 - without algorithms, 1, 179.687000, 65
24, 0 - without algorithms, 1, 302.678000, 113
25, 0 - without algorithms, 1, 272.030000, 100
26, 0 - without algorithms, 1, 289.163000, 104
27, 0 - without algorithms, 1, 447.610000, 164
28, 0 - without algorithms, 1, 1037.888000, 375
29, 0 - without algorithms, 1, 1643.966000, 587
30, 0 - without algorithms, 1, 1252.060000, 453
31, 0 - without algorithms, 1, 1267.959000, 462
32, 0 - without algorithms, 1, 433.563000, 153
33, 0 - without algorithms, 1, 1068.846000, 392
34, 0 - without algorithms, 1, 342.413000, 125
35, 0 - without algorithms, 1, 251.542000, 93
36, 0 - without algorithms, 1, 714.110000, 256
37, 0 - without algorithms, 1, 537.259000, 144
38, 0 - without algorithms, 1, 158.688000, 58
39, 0 - without algorithms, 1, 186.159000, 68
40, 0 - without algorithms, 1, 506.440000, 186
41, 0 - without algorithms, 1, 1314.426000, 478
42, 0 - without algorithms, 1, 196.419000, 72
43, 0 - without algorithms, 1, 499.136000, 180
44, 0 - without algorithms, 1, 249.087000, 92
45, 0 - without algorithms, 1, 1065.891000, 384
46, 0 - without algorithms, 1, 768.442000, 286
47, 0 - without algorithms, 1, 609.384000, 224
48, 0 - without algorithms, 1, 213.411000, 77
49, 0 - without algorithms, 1, 177.804000, 64
50, 0 - without algorithms, 1, 253.005000, 92
51, 0 - without algorithms, 1, 242.595000, 89
52, 0 - without algorithms, 1, 294.523000, 60
53, 0 - without algorithms, 1, 208.892000, 54
54, 0 - without algorithms, 1, 367.039000, 100
55, 0 - without algorithms, 1, 702.468000, 183
56, 0 - without algorithms, 1, 564.669000, 151
57, 0 - without algorithms, 1, 804.930000, 213
58, 0 - without algorithms, 1, 785.254000, 212
59, 0 - without algorithms, 1, 395.302000, 103
60, 0 - without algorithms, 1, 474.140000, 129
61, 0 - without algorithms, 1, 367.079000, 94
62, 0 - without algorithms, 1, 374.783000, 132
63, 0 - without algorithms, 1, 204.854000, 75
64, 0 - without algorithms, 1, 280.486000, 102
65, 0 - without algorithms, 1, 1228.586000, 429
66, 0 - without algorithms, 1, 240.230000, 88
67, 0 - without algorithms, 1, 224.371000, 82
68, 0 - without algorithms, 1, 219.803000, 80
69, 0 - without algorithms, 1, 455.284000, 167
70, 0 - without algorithms, 1, 697.910000, 249
71, 0 - without algorithms, 1, 162.215000, 59
72, 0 - without algorithms, 1, 6240.942000, 2192
73, 0 - without algorithms, 1, 275.928000, 100
74, 0 - without algorithms, 1, 391.675000, 141
75, 0 - without algorithms, 1, 1250.487000, 461
76, 0 - without algorithms, 1, 298.020000, 109
77, 0 - without algorithms, 1, 179.446000, 66
78, 0 - without algorithms, 1, 691.197000, 252
79, 0 - without algorithms, 1, 602.661000, 221
80, 0 - without algorithms, 1, 179.957000, 65
81, 0 - without algorithms, 1, 319.569000, 117
82, 0 - without algorithms, 1, 434.946000, 156
83, 0 - without algorithms, 1, 193.253000, 70
84, 0 - without algorithms, 1, 1708.837000, 621
85, 0 - without algorithms, 1, 218.460000, 80
86, 0 - without algorithms, 1, 2132.763000, 772
87, 0 - without algorithms, 1, 199.855000, 73
88, 0 - without algorithms, 1, 1057.054000, 382
89, 0 - without algorithms, 1, 331.993000, 121
90, 0 - without algorithms, 1, 207.259000, 76
91, 0 - without algorithms, 1, 213.170000, 79
92, 0 - without algorithms, 1, 602.852000, 215
93, 0 - without algorithms, 1, 282.109000, 103
94, 0 - without algorithms, 1, 1839.312000, 682
95, 0 - without algorithms, 1, 684.535000, 246
96, 0 - without algorithms, 1, 286.528000, 100
97, 0 - without algorithms, 1, 469.551000, 171
98, 0 - without algorithms, 1, 265.598000, 98
99, 0 - without algorithms, 1, 733.567000, 269
100, 0 - without algorithms, 1, 328.486000, 118
101, 0 - without algorithms, 1, 900.259000, 324
102, 0 - without algorithms, 1, 159.780000, 58
103, 0 - without algorithms, 1, 534.494000, 195
104, 0 - without algorithms, 1, 269.957000, 99
105, 0 - without algorithms, 1, 1054.549000, 378
106, 0 - without algorithms, 1, 181.300000, 66
107, 0 - without algorithms, 1, 135.094000, 50
108, 0 - without algorithms, 1, 880.943000, 322
109, 0 - without algorithms, 1, 184.135000, 67
110, 0 - without algorithms, 1, 653.216000, 231
111, 0 - without algorithms, 1, 223.319000, 82
112, 0 - without algorithms, 1, 519.705000, 180
113, 0 - without algorithms, 1, 408.897000, 148
114, 0 - without algorithms, 1, 334.779000, 118
115, 0 - without algorithms, 1, 476.474000, 173
116, 0 - without algorithms, 1, 224.822000, 77
117, 0 - without algorithms, 1, 172.283000, 62
118, 0 - without algorithms, 1, 320.933000, 78
119, 0 - without algorithms, 1, 442.720000, 158
120, 0 - without algorithms, 1, 431.450000, 149
121, 0 - without algorithms, 1, 820.730000, 285
122, 0 - without algorithms, 1, 212.689000, 74
123, 0 - without algorithms, 1, 2982.438000, 1040
124, 0 - without algorithms, 1, 909.026000, 320
125, 0 - without algorithms, 1, 440.367000, 154
126, 0 - without algorithms, 1, 162.645000, 57
127, 0 - without algorithms, 1, 382.088000, 134
128, 0 - without algorithms, 1, 523.342000, 181
129, 0 - without algorithms, 1, 316.073000, 110
130, 0 - without algorithms, 1, 233.758000, 81
131, 0 - without algorithms, 1, 217.959000, 75
132, 0 - without algorithms, 1, 260.760000, 89
133, 0 - without algorithms, 1, 162.444000, 56
134, 0 - without algorithms, 1, 162.916000, 57
135, 0 - without algorithms, 1, 342.402000, 119
136, 0 - without algorithms, 1, 2664.711000, 931
137, 0 - without algorithms, 1, 1050.051000, 359
138, 0 - without algorithms, 1, 153.508000, 53
139, 0 - without algorithms, 1, 337.513000, 115
140, 0 - without algorithms, 1, 566.093000, 190
141, 0 - without algorithms, 1, 269.025000, 90
142, 0 - without algorithms, 1, 236.434000, 81
143, 0 - without algorithms, 1, 700.665000, 241
144, 0 - without algorithms, 1, 311.324000, 107
145, 0 - without algorithms, 1, 447.700000, 157
146, 0 - without algorithms, 1, 238.207000, 82
147, 0 - without algorithms, 1, 220.674000, 77
148, 0 - without algorithms, 1, 498.756000, 170
149, 0 - without algorithms, 1, 201.428000, 69
150, 0 - without algorithms, 1, 846.749000, 288
151, 0 - without algorithms, 1, 2872.451000, 983
152, 0 - without algorithms, 1, 212.098000, 73
153, 0 - without algorithms, 1, 457.789000, 154
154, 0 - without algorithms, 1, 315.082000, 106
155, 0 - without algorithms, 1, 7457.265000, 2502
156, 0 - without algorithms, 1, 152.857000, 53
157, 0 - without algorithms, 1, 1025.806000, 354
158, 0 - without algorithms, 1, 253.706000, 87
159, 0 - without algorithms, 1, 785.073000, 272
160, 0 - without algorithms, 1, 598.423000, 210
161, 0 - without algorithms, 1, 222.397000, 77
162, 0 - without algorithms, 1, 361.398000, 125
163, 0 - without algorithms, 1, 327.475000, 114
164, 0 - without algorithms, 1, 541.336000, 186
165, 0 - without algorithms, 1, 2082.468000, 731
166, 0 - without algorithms, 1, 643.968000, 228
167, 0 - without algorithms, 1, 171.071000, 60
168, 0 - without algorithms, 1, 677.442000, 233
169, 0 - without algorithms, 1, 243.807000, 84
170, 0 - without algorithms, 1, 490.210000, 168
171, 0 - without algorithms, 1, 383.650000, 134
172, 0 - without algorithms, 1, 530.175000, 182
173, 0 - without algorithms, 1, 205.947000, 74
174, 0 - without algorithms, 1, 5110.581000, 1785
175, 0 - without algorithms, 1, 782.218000, 271
176, 0 - without algorithms, 1, 703.730000, 250
177, 0 - without algorithms, 1, 547.147000, 194
178, 0 - without algorithms, 1, 1420.827000, 507
179, 0 - without algorithms, 1, 1081.119000, 380
180, 0 - without algorithms, 1, 418.405000, 147
181, 0 - without algorithms, 1, 158.517000, 57
182, 0 - without algorithms, 1, 397.216000, 142
183, 0 - without algorithms, 1, 554.490000, 190
184, 0 - without algorithms, 1, 451.627000, 157
185, 0 - without algorithms, 1, 744.577000, 264
186, 0 - without algorithms, 1, 285.125000, 101
187, 0 - without algorithms, 1, 2355.551000, 823
188, 0 - without algorithms, 1, 186.540000, 66
189, 0 - without algorithms, 1, 1241.179000, 439
190, 0 - without algorithms, 1, 1187.398000, 421
191, 0 - without algorithms, 1, 869.111000, 304
192, 0 - without algorithms, 1, 1250.427000, 445
193, 0 - without algorithms, 1, 535.125000, 193
194, 0 - without algorithms, 1, 188.424000, 66
195, 0 - without algorithms, 1, 150.743000, 55
196, 0 - without algorithms, 1, 799.120000, 289
197, 0 - without algorithms, 1, 869.021000, 312
198, 0 - without algorithms, 1, 1958.225000, 703
199, 0 - without algorithms, 1, 521.118000, 187
200, 0 - without algorithms, 1, 227.207000, 81
201, 0 - without algorithms, 1, 632.377000, 229
202, 0 - without algorithms, 1, 525.265000, 189
203, 0 - without algorithms, 1, 785.194000, 282
204, 0 - without algorithms, 1, 418.325000, 148
205, 0 - without algorithms, 1, 291.477000, 107
206, 0 - without algorithms, 1, 3715.634000, 1344
207, 0 - without algorithms, 1, 979.749000, 359
208, 0 - without algorithms, 1, 478.158000, 171
209, 0 - without algorithms, 1, 310.232000, 113
210, 0 - without algorithms, 1, 201.277000, 73
211, 0 - without algorithms, 1, 188.284000, 68
212, 0 - without algorithms, 1, 232.136000, 85
213, 0 - without algorithms, 1, 316.554000, 117
214, 0 - without algorithms, 1, 343.916000, 126
215, 0 - without algorithms, 1, 135.324000, 50
216, 0 - without algorithms, 1, 190.397000, 69
217, 0 - without algorithms, 1, 399.459000, 147
218, 0 - without algorithms, 1, 5582.427000, 2000
219, 0 - without algorithms, 1, 1908.161000, 672
220, 0 - without algorithms, 1, 3021.620000, 1108
221, 0 - without algorithms, 1, 559.580000, 201
222, 0 - without algorithms, 1, 2887.038000, 1045
223, 0 - without algorithms, 1, 276.159000, 103
224, 0 - without algorithms, 1, 269.756000, 99
225, 0 - without algorithms, 1, 249.178000, 88
226, 0 - without algorithms, 1, 747.103000, 274
227, 0 - without algorithms, 1, 272.382000, 98
228, 0 - without algorithms, 1, 526.838000, 191
229, 0 - without algorithms, 1, 387.958000, 142
230, 0 - without algorithms, 1, 168.516000, 60
231, 0 - without algorithms, 1, 318.508000, 115
232, 0 - without algorithms, 1, 451.777000, 162
233, 0 - without algorithms, 1, 199.054000, 72
234, 0 - without algorithms, 1, 1458.027000, 539
235, 0 - without algorithms, 1, 215.885000, 79
236, 0 - without algorithms, 1, 1425.656000, 515
237, 0 - without algorithms, 1, 1311.491000, 476
238, 0 - without algorithms, 1, 521.850000, 189
239, 0 - without algorithms, 1, 274.735000, 99
240, 0 - without algorithms, 1, 1371.474000, 494
241, 0 - without algorithms, 1, 196.579000, 71
242, 0 - without algorithms, 1, 454.303000, 164
243, 0 - without algorithms, 1, 365.807000, 134
244, 0 - without algorithms, 1, 216.066000, 78
245, 0 - without algorithms, 1, 695.686000, 258
246, 0 - without algorithms, 1, 946.467000, 341
247, 0 - without algorithms, 1, 718.999000, 265
248, 0 - without algorithms, 1, 387.918000, 140
249, 0 - without algorithms, 1, 908.205000, 327
250, 0 - without algorithms, 1, 921.429000, 332
251, 0 - without algorithms, 1, 131.767000, 49
252, 0 - without algorithms, 1, 560.822000, 205
253, 0 - without algorithms, 1, 383.660000, 140
254, 0 - without algorithms, 1, 181.391000, 65
255, 0 - without algorithms, 1, 207.960000, 76
256, 0 - without algorithms, 1, 1088.052000, 395
257, 0 - without algorithms, 1, 5125.730000, 1838
258, 0 - without algorithms, 1, 182.743000, 67
259, 0 - without algorithms, 1, 168.266000, 62
260, 0 - without algorithms, 1, 1218.577000, 445
261, 0 - without algorithms, 1, 161.463000, 59
262, 0 - without algorithms, 1, 158.267000, 58
263, 0 - without algorithms, 1, 157.756000, 58
264, 0 - without algorithms, 1, 377.849000, 135
265, 0 - without algorithms, 1, 715.683000, 262
266, 0 - without algorithms, 1, 326.193000, 121
267, 0 - without algorithms, 1, 171.482000, 61
268, 0 - without algorithms, 1, 140.925000, 52
269, 0 - without algorithms, 1, 355.447000, 129
270, 0 - without algorithms, 1, 807.786000, 298
271, 0 - without algorithms, 1, 195.377000, 71
272, 0 - without algorithms, 1, 504.727000, 187
273, 0 - without algorithms, 1, 294.583000, 106
274, 0 - without algorithms, 1, 455.835000, 168
275, 0 - without algorithms, 1, 1013.542000, 374
276, 0 - without algorithms, 1, 346.681000, 127
277, 0 - without algorithms, 1, 146.555000, 53
278, 0 - without algorithms, 1, 532.920000, 192
279, 0 - without algorithms, 1, 256.782000, 93
280, 0 - without algorithms, 1, 722.556000, 262
281, 0 - without algorithms, 1, 247.234000, 90
282, 0 - without algorithms, 1, 155.041000, 56
283, 0 - without algorithms, 1, 327.955000, 122
284, 0 - without algorithms, 1, 239.649000, 88
285, 0 - without algorithms, 1, 252.063000, 91
286, 0 - without algorithms, 1, 300.774000, 110
287, 0 - without algorithms, 1, 430.277000, 159
288, 0 - without algorithms, 1, 524.064000, 189
289, 0 - without algorithms, 1, 543.921000, 193
290, 0 - without algorithms, 1, 1486.640000, 536
291, 0 - without algorithms, 1, 571.262000, 206
292, 0 - without algorithms, 1, 359.475000, 129
293, 0 - without algorithms, 1, 951.025000, 347
294, 0 - without algorithms, 1, 278.723000, 100
295, 0 - without algorithms, 1, 174.147000, 64
296, 0 - without algorithms, 1, 417.123000, 151
297, 0 - without algorithms, 1, 148.299000, 55
298, 0 - without algorithms, 1, 449.062000, 162
299, 0 - without algorithms, 1, 259.507000, 96
300, 0 - without algorithms, 1, 1301.924000, 481
301, 0 - without algorithms, 1, 882.175000, 321
302, 0 - without algorithms, 1, 259.958000, 95
303, 0 - without algorithms, 1, 235.702000, 86
304, 0 - without algorithms, 1, 796.515000, 286
305, 0 - without algorithms, 1, 323.086000, 118
306, 0 - without algorithms, 1, 788.450000, 290
307, 0 - without algorithms, 1, 340.028000, 123
308, 0 - without algorithms, 1, 353.894000, 128
309, 0 - without algorithms, 1, 648.597000, 236
310, 0 - without algorithms, 1, 195.076000, 71
311, 0 - without algorithms, 1, 200.586000, 74
312, 0 - without algorithms, 1, 473.518000, 172
313, 0 - without algorithms, 1, 1146.011000, 421
314, 0 - without algorithms, 1, 353.283000, 129
315, 0 - without algorithms, 1, 160.682000, 57
316, 0 - without algorithms, 1, 203.082000, 74
317, 0 - without algorithms, 1, 878.038000, 319
318, 0 - without algorithms, 1, 175.830000, 63
319, 0 - without algorithms, 1, 429.526000, 159
320, 0 - without algorithms, 1, 910.619000, 333
321, 0 - without algorithms, 1, 650.161000, 232
322, 0 - without algorithms, 1, 334.177000, 123
323, 0 - without algorithms, 1, 459.833000, 170
324, 0 - without algorithms, 1, 365.405000, 133
325, 0 - without algorithms, 1, 465.534000, 172
326, 0 - without algorithms, 1, 313.028000, 114
327, 0 - without algorithms, 1, 188.804000, 70
328, 0 - without algorithms, 1, 1130.773000, 410
329, 0 - without algorithms, 1, 538.811000, 196
330, 0 - without algorithms, 1, 412.233000, 150
331, 0 - without algorithms, 1, 361.298000, 131
332, 0 - without algorithms, 1, 4059.528000, 1473
333, 0 - without algorithms, 1, 165.360000, 60
334, 0 - without algorithms, 1, 561.123000, 208
335, 0 - without algorithms, 1, 261.561000, 98
336, 0 - without algorithms, 1, 1184.042000, 432
337, 0 - without algorithms, 1, 211.607000, 76
338, 0 - without algorithms, 1, 437.291000, 160
339, 0 - without algorithms, 1, 334.648000, 124
340, 0 - without algorithms, 1, 421.651000, 154
341, 0 - without algorithms, 1, 208.331000, 77
342, 0 - without algorithms, 1, 746.932000, 270
343, 0 - without algorithms, 1, 447.871000, 165
344, 0 - without algorithms, 1, 442.601000, 163
345, 0 - without algorithms, 1, 454.263000, 164
346, 0 - without algorithms, 1, 859.383000, 306
347, 0 - without algorithms, 1, 727.105000, 267
348, 0 - without algorithms, 1, 199.073000, 74
349, 0 - without algorithms, 1, 426.881000, 154
350, 0 - without algorithms, 1, 325.972000, 118
351, 0 - without algorithms, 1, 503.324000, 182
352, 0 - without algorithms, 1, 147.697000, 54
353, 0 - without algorithms, 1, 209.362000, 77
354, 0 - without algorithms, 1, 457.388000, 164
355, 0 - without algorithms, 1, 149.220000, 55
356, 0 - without algorithms, 1, 246.533000, 90
357, 0 - without algorithms, 1, 333.125000, 122
358, 0 - without algorithms, 1, 195.587000, 72
359, 0 - without algorithms, 1, 3828.586000, 1411
360, 0 - without algorithms, 1, 297.108000, 110
361, 0 - without algorithms, 1, 280.306000, 104
362, 0 - without algorithms, 1, 231.153000, 82
363, 0 - without algorithms, 1, 1721.431000, 633
364, 0 - without algorithms, 1, 309.110000, 112
365, 0 - without algorithms, 1, 3140.675000, 1126
366, 0 - without algorithms, 1, 256.842000, 92
367, 0 - without algorithms, 1, 376.496000, 135
368, 0 - without algorithms, 1, 237.445000, 86
369, 0 - without algorithms, 1, 355.968000, 135
370, 0 - without algorithms, 1, 555.463000, 202
371, 0 - without algorithms, 1, 3379.112000, 1259
372, 0 - without algorithms, 1, 464.973000, 171
373, 0 - without algorithms, 1, 477.375000, 175
374, 0 - without algorithms, 1, 345.047000, 127
375, 0 - without algorithms, 1, 182.993000, 67
376, 0 - without algorithms, 1, 293.811000, 109
377, 0 - without algorithms, 1, 222.637000, 81
378, 0 - without algorithms, 1, 2897.568000, 1061
379, 0 - without algorithms, 1, 630.272000, 232
380, 0 - without algorithms, 1, 587.443000, 215
381, 0 - without algorithms, 1, 550.714000, 206
382, 0 - without algorithms, 1, 590.839000, 213
383, 0 - without algorithms, 1, 3573.537000, 1307
384, 0 - without algorithms, 1, 379.533000, 140
385, 0 - without algorithms, 1, 1447.657000, 529
386, 0 - without algorithms, 1, 1633.716000, 597
387, 0 - without algorithms, 1, 204.815000, 75
388, 0 - without algorithms, 1, 551.485000, 196
389, 0 - without algorithms, 1, 409.428000, 150
390, 0 - without algorithms, 1, 350.929000, 126
391, 0 - without algorithms, 1, 151.164000, 56
392, 0 - without algorithms, 1, 177.603000, 64
393, 0 - without algorithms, 1, 968.949000, 355
394, 0 - without algorithms, 1, 224.151000, 83
395, 0 - without algorithms, 1, 723.568000, 263
396, 0 - without algorithms, 1, 934.113000, 346
397, 0 - without algorithms, 1, 364.484000, 134
398, 0 - without algorithms, 1, 1213.147000, 438
399, 0 - without algorithms, 1, 330.710000, 121
400, 0 - without algorithms, 1, 1733.022000, 637
401, 0 - without algorithms, 1, 412.594000, 149
402, 0 - without algorithms, 1, 223.158000, 81
403, 0 - without algorithms, 1, 289.774000, 107
404, 0 - without algorithms, 1, 179.416000, 66
405, 0 - without algorithms, 1, 488.126000, 178
406, 0 - without algorithms, 1, 4436.236000, 1607
407, 0 - without algorithms, 1, 209.984000, 77
408, 0 - without algorithms, 1, 305.593000, 113
409, 0 - without algorithms, 1, 759.445000, 283
410, 0 - without algorithms, 1, 518.133000, 190
411, 0 - without algorithms, 1, 158.728000, 57
412, 0 - without algorithms, 1, 624.432000, 224
413, 0 - without algorithms, 1, 142.879000, 53
414, 0 - without algorithms, 1, 289.433000, 105
415, 0 - without algorithms, 1, 1736.149000, 625
416, 0 - without algorithms, 1, 506.480000, 186
417, 0 - without algorithms, 1, 185.278000, 68
418, 0 - without algorithms, 1, 382.338000, 139
419, 0 - without algorithms, 1, 1483.173000, 553
420, 0 - without algorithms, 1, 256.632000, 94
421, 0 - without algorithms, 1, 550.152000, 203
422, 0 - without algorithms, 1, 171.251000, 63
423, 0 - without algorithms, 1, 226.796000, 85
424, 0 - without algorithms, 1, 254.317000, 92
425, 0 - without algorithms, 1, 244.399000, 90
426, 0 - without algorithms, 1, 329.167000, 121
427, 0 - without algorithms, 1, 388.379000, 142
428, 0 - without algorithms, 1, 574.919000, 207
429, 0 - without algorithms, 1, 369.824000, 133
430, 0 - without algorithms, 1, 507.072000, 183
431, 0 - without algorithms, 1, 408.407000, 149
432, 0 - without algorithms, 1, 251.432000, 91
433, 0 - without algorithms, 1, 2190.531000, 795
434, 0 - without algorithms, 1, 619.322000, 221
435, 0 - without algorithms, 1, 376.016000, 137
436, 0 - without algorithms, 1, 186.751000, 68
437, 0 - without algorithms, 1, 12489.499000, 4547
438, 0 - without algorithms, 1, 414.057000, 152
439, 0 - without algorithms, 1, 1033.770000, 367
440, 0 - without algorithms, 1, 1075.719000, 396
441, 0 - without algorithms, 1, 856.026000, 314
442, 0 - without algorithms, 1, 152.537000, 56
443, 0 - without algorithms, 1, 2815.233000, 1039
444, 0 - without algorithms, 1, 362.931000, 133
445, 0 - without algorithms, 1, 208.271000, 76
446, 0 - without algorithms, 1, 621.897000, 224
447, 0 - without algorithms, 1, 1465.050000, 530
448, 0 - without algorithms, 1, 909.306000, 326
449, 0 - without algorithms, 1, 299.823000, 111
450, 0 - without algorithms, 1, 1125.793000, 408
451, 0 - without algorithms, 1, 195.978000, 71
452, 0 - without algorithms, 1, 207.970000, 75
453, 0 - without algorithms, 1, 907.282000, 330
454, 0 - without algorithms, 1, 1241.690000, 452
455, 0 - without algorithms, 1, 4026.517000, 1448
456, 0 - without algorithms, 1, 330.130000, 119
457, 0 - without algorithms, 1, 944.442000, 339
458, 0 - without algorithms, 1, 186.921000, 68
459, 0 - without algorithms, 1, 542.448000, 200
460, 0 - without algorithms, 1, 2324.462000, 865
461, 0 - without algorithms, 1, 206.557000, 77
462, 0 - without algorithms, 1, 175.109000, 64
463, 0 - without algorithms, 1, 215.715000, 80
464, 0 - without algorithms, 1, 469.070000, 171
465, 0 - without algorithms, 1, 146.776000, 55
466, 0 - without algorithms, 1, 177.604000, 65
467, 0 - without algorithms, 1, 685.226000, 254
468, 0 - without algorithms, 1, 3632.548000, 1294
469, 0 - without algorithms, 1, 282.059000, 104
470, 0 - without algorithms, 1, 498.666000, 180
471, 0 - without algorithms, 1, 332.074000, 119
472, 0 - without algorithms, 1, 598.293000, 223
473, 0 - without algorithms, 1, 149.862000, 54
474, 0 - without algorithms, 1, 152.607000, 57
475, 0 - without algorithms, 1, 574.257000, 210
476, 0 - without algorithms, 1, 376.025000, 140
477, 0 - without algorithms, 1, 236.193000, 87
478, 0 - without algorithms, 1, 1097.720000, 401
479, 0 - without algorithms, 1, 569.519000, 212
480, 0 - without algorithms, 1, 180.429000, 66
481, 0 - without algorithms, 1, 169.218000, 62
482, 0 - without algorithms, 1, 788.410000, 285
483, 0 - without algorithms, 1, 768.322000, 278
484, 0 - without algorithms, 1, 379.582000, 136
485, 0 - without algorithms, 1, 260.418000, 94
486, 0 - without algorithms, 1, 571.332000, 207
487, 0 - without algorithms, 1, 2449.036000, 887
488, 0 - without algorithms, 1, 302.999000, 110
489, 0 - without algorithms, 1, 245.521000, 92
490, 0 - without algorithms, 1, 674.887000, 255
491, 0 - without algorithms, 1, 202.000000, 75
492, 0 - without algorithms, 1, 1210.942000, 437
493, 0 - without algorithms, 1, 1389.127000, 510
494, 0 - without algorithms, 1, 580.319000, 210
495, 0 - without algorithms, 1, 138.100000, 51
496, 0 - without algorithms, 1, 2142.350000, 783
497, 0 - without algorithms, 1, 209.002000, 78
498, 0 - without algorithms, 1, 423.965000, 154
499, 0 - without algorithms, 1, 840.167000, 305
500, 0 - without algorithms, 1, 799.440000, 295
501, 0 - without algorithms, 1, 2094.712000, 770
502, 0 - without algorithms, 1, 726.463000, 262
503, 0 - without algorithms, 1, 964.981000, 360
504, 0 - without algorithms, 1, 385.794000, 143
505, 0 - without algorithms, 1, 384.321000, 143
506, 0 - without algorithms, 1, 2318.882000, 845
507, 0 - without algorithms, 1, 730.581000, 264
508, 0 - without algorithms, 1, 270.628000, 99
509, 0 - without algorithms, 1, 277.631000, 101
510, 0 - without algorithms, 1, 691.558000, 248
511, 0 - without algorithms, 1, 2039.578000, 757
512, 0 - without algorithms, 1, 459.852000, 167
513, 0 - without algorithms, 1, 1196.315000, 435
514, 0 - without algorithms, 1, 2746.484000, 968
515, 0 - without algorithms, 1, 183.234000, 67
516, 0 - without algorithms, 1, 209.383000, 78
517, 0 - without algorithms, 1, 174.016000, 63
518, 0 - without algorithms, 1, 271.048000, 98
519, 0 - without algorithms, 1, 214.793000, 78
520, 0 - without algorithms, 1, 136.727000, 51
521, 0 - without algorithms, 1, 158.708000, 59
522, 0 - without algorithms, 1, 248.136000, 90
523, 0 - without algorithms, 1, 779.873000, 283
524, 0 - without algorithms, 1, 317.767000, 116
525, 0 - without algorithms, 1, 1598.269000, 586
526, 0 - without algorithms, 1, 313.067000, 115
527, 0 - without algorithms, 1, 975.050000, 355
528, 0 - without algorithms, 1, 252.324000, 93
529, 0 - without algorithms, 1, 589.086000, 215
530, 0 - without algorithms, 1, 359.395000, 133
531, 0 - without algorithms, 1, 159.419000, 59
532, 0 - without algorithms, 1, 3587.623000, 1274
533, 0 - without algorithms, 1, 169.608000, 62
534, 0 - without algorithms, 1, 332.695000, 123
535, 0 - without algorithms, 1, 1279.712000, 466
536, 0 - without algorithms, 1, 272.952000, 103
537, 0 - without algorithms, 1, 572.865000, 212
538, 0 - without algorithms, 1, 315.302000, 114
539, 0 - without algorithms, 1, 411.473000, 152
540, 0 - without algorithms, 1, 290.345000, 105
541, 0 - without algorithms, 1, 363.973000, 130
542, 0 - without algorithms, 1, 434.104000, 160
543, 0 - without algorithms, 1, 308.959000, 114
544, 0 - without algorithms, 1, 648.518000, 238
545, 0 - without algorithms, 1, 842.101000, 304
546, 0 - without algorithms, 1, 609.995000, 223
547, 0 - without algorithms, 1, 198.623000, 72
548, 0 - without algorithms, 1, 307.217000, 112
549, 0 - without algorithms, 1, 1665.827000, 602
550, 0 - without algorithms, 1, 1848.850000, 666
551, 0 - without algorithms, 1, 352.492000, 127
552, 0 - without algorithms, 1, 271.009000, 100
553, 0 - without algorithms, 1, 390.262000, 141
554, 0 - without algorithms, 1, 534.573000, 194
555, 0 - without algorithms, 1, 508.103000, 183
556, 0 - without algorithms, 1, 1772.136000, 643
557, 0 - without algorithms, 1, 256.171000, 95
558, 0 - without algorithms, 1, 353.573000, 128
559, 0 - without algorithms, 1, 1144.528000, 414
560, 0 - without algorithms, 1, 2254.330000, 824
561, 0 - without algorithms, 1, 797.938000, 296
562, 0 - without algorithms, 1, 565.671000, 206
563, 0 - without algorithms, 1, 14108.008000, 5312
564, 0 - without algorithms, 1, 983.386000, 346
565, 0 - without algorithms, 1, 2829.430000, 1035
566, 0 - without algorithms, 1, 1702.786000, 615
567, 0 - without algorithms, 1, 850.937000, 309
568, 0 - without algorithms, 1, 2334.561000, 852
569, 0 - without algorithms, 1, 869.862000, 319
570, 0 - without algorithms, 1, 1148.746000, 416
571, 0 - without algorithms, 1, 590.127000, 213
572, 0 - without algorithms, 1, 569.549000, 211
573, 0 - without algorithms, 1, 283.502000, 106
574, 0 - without algorithms, 1, 3448.982000, 1243
575, 0 - without algorithms, 1, 344.336000, 127
576, 0 - without algorithms, 1, 419.868000, 152
577, 0 - without algorithms, 1, 907.142000, 334
578, 0 - without algorithms, 1, 528.572000, 195
579, 0 - without algorithms, 1, 1840.814000, 667
580, 0 - without algorithms, 1, 1289.951000, 477
581, 0 - without algorithms, 1, 4219.599000, 1545
582, 0 - without algorithms, 1, 276.108000, 102
583, 0 - without algorithms, 1, 224.421000, 83
584, 0 - without algorithms, 1, 267.111000, 97
585, 0 - without algorithms, 1, 188.303000, 70
586, 0 - without algorithms, 1, 971.663000, 352
587, 0 - without algorithms, 1, 188.935000, 69
588, 0 - without algorithms, 1, 250.410000, 93
589, 0 - without algorithms, 1, 465.023000, 170
590, 0 - without algorithms, 1, 3533.632000, 1314
591, 0 - without algorithms, 1, 915.187000, 333
592, 0 - without algorithms, 1, 491.182000, 179
593, 0 - without algorithms, 1, 174.176000, 64
594, 0 - without algorithms, 1, 411.382000, 147
595, 0 - without algorithms, 1, 2997.486000, 1062
596, 0 - without algorithms, 1, 340.549000, 125
597, 0 - without algorithms, 1, 750.809000, 275
598, 0 - without algorithms, 1, 2547.230000, 951
599, 0 - without algorithms, 1, 160.821000, 60
600, 0 - without algorithms, 2, 1693.518000, 622
601, 0 - without algorithms, 2, 490.700000, 180
602, 0 - without algorithms, 2, 236.604000, 87
603, 0 - without algorithms, 2, 1313.676000, 476
604, 0 - without algorithms, 2, 213.100000, 78
605, 0 - without algorithms, 2, 6765.126000, 2480
606, 0 - without algorithms, 2, 274.846000, 100
607, 0 - without algorithms, 2, 733.426000, 268
608, 0 - without algorithms, 2, 325.360000, 118
609, 0 - without algorithms, 2, 3118.342000, 1140
610, 0 - without algorithms, 2, 360.677000, 131
611, 0 - without algorithms, 2, 384.021000, 141
612, 0 - without algorithms, 2, 3049.934000, 1119
613, 0 - without algorithms, 2, 430.518000, 161
614, 0 - without algorithms, 2, 234.941000, 86
615, 0 - without algorithms, 2, 195.457000, 72
616, 0 - without algorithms, 2, 4715.600000, 1734
617, 0 - without algorithms, 2, 3093.526000, 1140
618, 0 - without algorithms, 2, 814.849000, 299
619, 0 - without algorithms, 2, 4134.710000, 1520
620, 0 - without algorithms, 2, 1461.022000, 529
621, 0 - without algorithms, 2, 625.504000, 229
622, 0 - without algorithms, 2, 833.554000, 305
623, 0 - without algorithms, 2, 210.926000, 77
624, 0 - without algorithms, 2, 1358.109000, 496
625, 0 - without algorithms, 2, 3076.483000, 1128
626, 0 - without algorithms, 2, 506.500000, 188
627, 0 - without algorithms, 2, 971.984000, 356
628, 0 - without algorithms, 2, 329.929000, 123
629, 0 - without algorithms, 2, 417.303000, 151
630, 0 - without algorithms, 2, 767.119000, 280
631, 0 - without algorithms, 2, 225.433000, 83
632, 0 - without algorithms, 2, 326.533000, 119
633, 0 - without algorithms, 2, 839.355000, 306
634, 0 - without algorithms, 2, 173.055000, 65
635, 0 - without algorithms, 2, 276.149000, 101
636, 0 - without algorithms, 2, 2081.056000, 776
637, 0 - without algorithms, 2, 201.237000, 74
638, 0 - without algorithms, 2, 372.078000, 138
639, 0 - without algorithms, 2, 358.222000, 133
640, 0 - without algorithms, 2, 7224.970000, 2646
641, 0 - without algorithms, 2, 357.641000, 130
642, 0 - without algorithms, 2, 141.055000, 52
643, 0 - without algorithms, 2, 593.734000, 217
644, 0 - without algorithms, 2, 337.684000, 124
645, 0 - without algorithms, 2, 3898.026000, 1429
646, 0 - without algorithms, 2, 2401.437000, 876
647, 0 - without algorithms, 2, 3662.403000, 1327
648, 0 - without algorithms, 2, 805.241000, 295
649, 0 - without algorithms, 2, 255.550000, 97
650, 0 - without algorithms, 2, 278.573000, 101
651, 0 - without algorithms, 2, 544.622000, 198
652, 0 - without algorithms, 2, 400.301000, 147
653, 0 - without algorithms, 2, 2146.228000, 753
654, 0 - without algorithms, 2, 203.502000, 74
655, 0 - without algorithms, 2, 1450.202000, 534
656, 0 - without algorithms, 2, 593.594000, 217
657, 0 - without algorithms, 2, 847.680000, 312
658, 0 - without algorithms, 2, 10452.427000, 3712
659, 0 - without algorithms, 2, 2315.265000, 829
660, 0 - without algorithms, 2, 585.839000, 213
661, 0 - without algorithms, 2, 1089.164000, 398
662, 0 - without algorithms, 2, 337.243000, 122
663, 0 - without algorithms, 2, 501.561000, 181
664, 0 - without algorithms, 2, 331.031000, 123
665, 0 - without algorithms, 2, 7917.710000, 2863
666, 0 - without algorithms, 2, 577.233000, 213
667, 0 - without algorithms, 2, 724.009000, 267
668, 0 - without algorithms, 2, 1085.858000, 397
669, 0 - without algorithms, 2, 1000.177000, 363
670, 0 - without algorithms, 2, 1089.615000, 402
671, 0 - without algorithms, 2, 710.493000, 257
672, 0 - without algorithms, 2, 2034.839000, 750
673, 0 - without algorithms, 2, 261.701000, 95
674, 0 - without algorithms, 2, 315.773000, 112
675, 0 - without algorithms, 2, 1802.583000, 654
676, 0 - without algorithms, 2, 620.635000, 230
677, 0 - without algorithms, 2, 1457.305000, 516
678, 0 - without algorithms, 2, 836.340000, 306
679, 0 - without algorithms, 2, 508.645000, 185
680, 0 - without algorithms, 2, 1842.438000, 659
681, 0 - without algorithms, 2, 3270.268000, 1194
682, 0 - without algorithms, 2, 612.259000, 217
683, 0 - without algorithms, 2, 1142.744000, 409
684, 0 - without algorithms, 2, 341.431000, 122
685, 0 - without algorithms, 2, 237.396000, 87
686, 0 - without algorithms, 2, 6664.558000, 2374
687, 0 - without algorithms, 2, 669.476000, 242
688, 0 - without algorithms, 2, 782.830000, 276
689, 0 - without algorithms, 2, 406.443000, 147
690, 0 - without algorithms, 2, 746.982000, 270
691, 0 - without algorithms, 2, 2210.558000, 807
692, 0 - without algorithms, 2, 286.908000, 105
693, 0 - without algorithms, 2, 1040.733000, 382
694, 0 - without algorithms, 2, 1949.669000, 708
695, 0 - without algorithms, 2, 390.042000, 140
696, 0 - without algorithms, 2, 647.155000, 236
697, 0 - without algorithms, 2, 383.840000, 141
698, 0 - without algorithms, 2, 277.621000, 101
699, 0 - without algorithms, 2, 239.830000, 85
700, 0 - without algorithms, 2, 964.220000, 354
701, 0 - without algorithms, 2, 4527.076000, 1607
702, 0 - without algorithms, 2, 3534.353000, 1271
703, 0 - without algorithms, 2, 338.375000, 123
704, 0 - without algorithms, 2, 791.806000, 292
705, 0 - without algorithms, 2, 830.799000, 302
706, 0 - without algorithms, 2, 945.625000, 345
707, 0 - without algorithms, 2, 4073.054000, 1499
708, 0 - without algorithms, 2, 945.485000, 346
709, 0 - without algorithms, 2, 2635.557000, 963
710, 0 - without algorithms, 2, 472.897000, 172
711, 0 - without algorithms, 2, 1110.744000, 403
712, 0 - without algorithms, 2, 1057.254000, 384
713, 0 - without algorithms, 2, 502.072000, 179
714, 0 - without algorithms, 2, 976.252000, 358
715, 0 - without algorithms, 2, 636.444000, 232
716, 0 - without algorithms, 2, 1112.037000, 404
717, 0 - without algorithms, 2, 757.612000, 274
718, 0 - without algorithms, 2, 278.753000, 102
719, 0 - without algorithms, 2, 660.099000, 240
720, 0 - without algorithms, 2, 5384.095000, 1974
721, 0 - without algorithms, 2, 1437.959000, 522
722, 0 - without algorithms, 2, 907.744000, 326
723, 0 - without algorithms, 2, 1716.321000, 620
724, 0 - without algorithms, 2, 1913.291000, 688
725, 0 - without algorithms, 2, 6328.307000, 2262
726, 0 - without algorithms, 2, 719.921000, 257
727, 0 - without algorithms, 2, 8252.658000, 2956
728, 0 - without algorithms, 2, 102172.022000, 37296
729, 0 - without algorithms, 2, 590.148000, 200
730, 0 - without algorithms, 2, 2704.115000, 994
731, 0 - without algorithms, 2, 12436.099000, 4534
732, 0 - without algorithms, 2, 1283.549000, 476
733, 0 - without algorithms, 2, 10417.070000, 3791
734, 0 - without algorithms, 2, 736.332000, 265
735, 0 - without algorithms, 2, 3659.969000, 1340
736, 0 - without algorithms, 2, 3638.508000, 1322
737, 0 - without algorithms, 2, 1917.218000, 701
738, 0 - without algorithms, 2, 2649.523000, 953
739, 0 - without algorithms, 2, 2828.979000, 1011
740, 0 - without algorithms, 2, 8295.779000, 2953
741, 0 - without algorithms, 2, 2185.652000, 782
742, 0 - without algorithms, 2, 2290.309000, 833
743, 0 - without algorithms, 2, 608.883000, 225
744, 0 - without algorithms, 2, 571.743000, 203
745, 0 - without algorithms, 2, 1027.639000, 370
746, 0 - without algorithms, 2, 531.477000, 194
747, 0 - without algorithms, 2, 189.095000, 69
748, 0 - without algorithms, 2, 206.788000, 75
749, 0 - without algorithms, 2, 339.678000, 124
750, 0 - without algorithms, 2, 8806.758000, 3167
751, 0 - without algorithms, 2, 10449.551000, 3723
752, 0 - without algorithms, 2, 804.670000, 285
753, 0 - without algorithms, 2, 482.315000, 175
754, 0 - without algorithms, 2, 716.915000, 258
755, 0 - without algorithms, 2, 7629.449000, 2588
756, 0 - without algorithms, 2, 482.986000, 166
757, 0 - without algorithms, 2, 2481.317000, 877
758, 0 - without algorithms, 2, 366.408000, 129
759, 0 - without algorithms, 2, 201.478000, 69
760, 0 - without algorithms, 2, 2374.446000, 820
761, 0 - without algorithms, 2, 323.558000, 114
762, 0 - without algorithms, 2, 1320.489000, 448
763, 0 - without algorithms, 2, 908.325000, 310
764, 0 - without algorithms, 2, 5721.909000, 1955
765, 0 - without algorithms, 2, 636.305000, 218
766, 0 - without algorithms, 2, 200103.206000, 71426
767, 0 - without algorithms, 2, 876.034000, 325
768, 0 - without algorithms, 2, 3113.163000, 1141
769, 0 - without algorithms, 2, 3013.756000, 1118
770, 0 - without algorithms, 2, 1328.443000, 480
771, 0 - without algorithms, 2, 4616.234000, 1701
772, 0 - without algorithms, 2, 2290.408000, 832
773, 0 - without algorithms, 2, 1846.816000, 667
774, 0 - without algorithms, 2, 10041.185000, 3665
775, 0 - without algorithms, 2, 466.836000, 168
776, 0 - without algorithms, 2, 3702.859000, 1357
777, 0 - without algorithms, 2, 2087.638000, 753
778, 0 - without algorithms, 2, 1892.091000, 675
779, 0 - without algorithms, 2, 2328.270000, 828
780, 0 - without algorithms, 2, 596.951000, 218
781, 0 - without algorithms, 2, 2039.127000, 753
782, 0 - without algorithms, 2, 2048.635000, 728
783, 0 - without algorithms, 2, 822.033000, 301
784, 0 - without algorithms, 2, 103387.072000, 37408
785, 0 - without algorithms, 2, 36010.312000, 12967
786, 0 - without algorithms, 2, 1875.540000, 681
787, 0 - without algorithms, 2, 32645.738000, 11783
788, 0 - without algorithms, 2, 8767.304000, 3256
789, 0 - without algorithms, 2, 315.332000, 113
790, 0 - without algorithms, 2, 1435.995000, 524
791, 0 - without algorithms, 2, 4802.984000, 1749
792, 0 - without algorithms, 2, 678.444000, 243
793, 0 - without algorithms, 2, 4308.716000, 1578
794, 0 - without algorithms, 2, 645.441000, 237
795, 0 - without algorithms, 2, 4054.660000, 1429
796, 0 - without algorithms, 2, 620.074000, 224
797, 0 - without algorithms, 2, 495.409000, 179
798, 0 - without algorithms, 2, 8829.180000, 3098
799, 0 - without algorithms, 2, 966.093000, 345
800, 0 - without algorithms, 2, 15176.633000, 5558
801, 0 - without algorithms, 2, 2063.442000, 766
802, 0 - without algorithms, 2, 2513.557000, 929
803, 0 - without algorithms, 2, 1451.814000, 524
804, 0 - without algorithms, 2, 1478.285000, 527
805, 0 - without algorithms, 2, 759.505000, 280
806, 0 - without algorithms, 2, 535.214000, 196
807, 0 - without algorithms, 2, 9957.167000, 3626
808, 0 - without algorithms, 2, 1909.183000, 692
809, 0 - without algorithms, 2, 221.746000, 81
810, 0 - without algorithms, 2, 4240.378000, 1541
811, 0 - without algorithms, 2, 1092.170000, 402
812, 0 - without algorithms, 2, 280.557000, 103
813, 0 - without algorithms, 2, 1387.233000, 510
814, 0 - without algorithms, 2, 770.256000, 280
815, 0 - without algorithms, 2, 2166.215000, 783
816, 0 - without algorithms, 2, 22909.816000, 8261
817, 0 - without algorithms, 2, 2458.885000, 900
818, 0 - without algorithms, 2, 1323.975000, 478
819, 0 - without algorithms, 2, 1308.045000, 463
820, 0 - without algorithms, 2, 2102.736000, 753
821, 0 - without algorithms, 2, 296.416000, 105
822, 0 - without algorithms, 2, 1835.966000, 664
823, 0 - without algorithms, 2, 872.247000, 313
824, 0 - without algorithms, 2, 2120.429000, 772
825, 0 - without algorithms, 2, 6519.646000, 2351
826, 0 - without algorithms, 2, 441.097000, 161
827, 0 - without algorithms, 2, 1705.070000, 607
828, 0 - without algorithms, 2, 1847.047000, 665
829, 0 - without algorithms, 2, 5219.877000, 1879
830, 0 - without algorithms, 2, 1047.766000, 375
831, 0 - without algorithms, 2, 5809.152000, 2081
832, 0 - without algorithms, 2, 1121.745000, 395
833, 0 - without algorithms, 2, 2117.874000, 771
834, 0 - without algorithms, 2, 5101.023000, 1840
835, 0 - without algorithms, 2, 1104.994000, 397
836, 0 - without algorithms, 2, 3048.621000, 1118
837, 0 - without algorithms, 2, 1125.903000, 394
838, 0 - without algorithms, 2, 334.688000, 121
839, 0 - without algorithms, 2, 355.237000, 130
840, 0 - without algorithms, 2, 550.673000, 190
841, 0 - without algorithms, 2, 882.136000, 318
842, 0 - without algorithms, 2, 1010.186000, 366
843, 0 - without algorithms, 2, 1217.535000, 442
844, 0 - without algorithms, 2, 572.113000, 206
845, 0 - without algorithms, 2, 2459.977000, 874
846, 0 - without algorithms, 2, 2160.284000, 750
847, 0 - without algorithms, 2, 3366.138000, 1213
848, 0 - without algorithms, 2, 5369.928000, 1872
849, 0 - without algorithms, 2, 2100.171000, 767
850, 0 - without algorithms, 2, 1819.815000, 644
851, 0 - without algorithms, 2, 13350.966000, 4854
852, 0 - without algorithms, 2, 6181.902000, 2291
853, 0 - without algorithms, 2, 13139.379000, 4652
854, 0 - without algorithms, 2, 1792.654000, 644
855, 0 - without algorithms, 2, 4996.628000, 1833
856, 0 - without algorithms, 2, 3250.991000, 1192
857, 0 - without algorithms, 2, 2082.268000, 760
858, 0 - without algorithms, 2, 2268.006000, 838
859, 0 - without algorithms, 2, 475.983000, 177
860, 0 - without algorithms, 2, 282.029000, 105
861, 0 - without algorithms, 2, 867.388000, 317
862, 0 - without algorithms, 2, 305.724000, 113
863, 0 - without algorithms, 2, 456.306000, 167
864, 0 - without algorithms, 2, 910.428000, 337
865, 0 - without algorithms, 2, 3838.424000, 1421
866, 0 - without algorithms, 2, 8517.796000, 3129
867, 0 - without algorithms, 2, 236.955000, 85
868, 0 - without algorithms, 2, 1478.314000, 539
869, 0 - without algorithms, 2, 2604.348000, 934
870, 0 - without algorithms, 2, 7675.675000, 2802
871, 0 - without algorithms, 2, 5878.733000, 2131
872, 0 - without algorithms, 2, 2064.424000, 766
873, 0 - without algorithms, 2, 267.823000, 100
874, 0 - without algorithms, 2, 1061.332000, 388
875, 0 - without algorithms, 2, 154.731000, 58
876, 0 - without algorithms, 2, 7411.991000, 2718
877, 0 - without algorithms, 2, 1683.730000, 609
878, 0 - without algorithms, 2, 742.774000, 274
879, 0 - without algorithms, 2, 3499.527000, 1268
880, 0 - without algorithms, 2, 2035.410000, 742
881, 0 - without algorithms, 2, 482.596000, 173
882, 0 - without algorithms, 2, 2480.255000, 891
883, 0 - without algorithms, 2, 3917.231000, 1429
884, 0 - without algorithms, 2, 6247.365000, 2259
885, 0 - without algorithms, 2, 1212.636000, 437
886, 0 - without algorithms, 2, 1461.733000, 537
887, 0 - without algorithms, 2, 299.703000, 109
888, 0 - without algorithms, 2, 548.630000, 206
889, 0 - without algorithms, 2, 3555.212000, 1320
890, 0 - without algorithms, 2, 1645.328000, 607
891, 0 - without algorithms, 2, 564.249000, 206
892, 0 - without algorithms, 2, 3481.244000, 1296
893, 0 - without algorithms, 2, 860.725000, 318
894, 0 - without algorithms, 2, 473.859000, 174
895, 0 - without algorithms, 2, 4934.882000, 1810
896, 0 - without algorithms, 2, 11459.306000, 4134
897, 0 - without algorithms, 2, 2257.537000, 826
898, 0 - without algorithms, 2, 1668.040000, 618
899, 0 - without algorithms, 2, 163.688000, 60
900, 0 - without algorithms, 2, 5378.263000, 1951
901, 0 - without algorithms, 2, 308.659000, 114
902, 0 - without algorithms, 2, 51605.852000, 18951
903, 0 - without algorithms, 2, 1024.844000, 368
904, 0 - without algorithms, 2, 1037.818000, 378
905, 0 - without algorithms, 2, 2220.316000, 802
906, 0 - without algorithms, 2, 623.560000, 234
907, 0 - without algorithms, 2, 8754.490000, 3225
908, 0 - without algorithms, 2, 12384.212000, 4557
909, 0 - without algorithms, 2, 2157.369000, 790
910, 0 - without algorithms, 2, 13058.397000, 4738
911, 0 - without algorithms, 2, 328.938000, 119
912, 0 - without algorithms, 2, 4422.490000, 1607
913, 0 - without algorithms, 2, 658.505000, 234
914, 0 - without algorithms, 2, 5923.978000, 2201
915, 0 - without algorithms, 2, 7165.167000, 2697
916, 0 - without algorithms, 2, 1117.367000, 402
917, 0 - without algorithms, 2, 7106.487000, 2592
918, 0 - without algorithms, 2, 1872.013000, 701
919, 0 - without algorithms, 2, 6113.052000, 2222
920, 0 - without algorithms, 2, 59262.221000, 21453
921, 0 - without algorithms, 2, 2967.639000, 1093
922, 0 - without algorithms, 2, 2851.161000, 1038
923, 0 - without algorithms, 2, 2907.907000, 1081
924, 0 - without algorithms, 2, 13412.312000, 4820
925, 0 - without algorithms, 2, 3057.257000, 1089
926, 0 - without algorithms, 2, 1042.416000, 364
927, 0 - without algorithms, 2, 697311.094000, 234824
928, 0 - without algorithms, 2, 4498.012000, 1566
929, 0 - without algorithms, 2, 312.607000, 109
930, 0 - without algorithms, 2, 1474.187000, 498
931, 0 - without algorithms, 2, 1001.609000, 350
932, 0 - without algorithms, 2, 254.337000, 88
933, 0 - without algorithms, 2, 898.526000, 306
934, 0 - without algorithms, 2, 346.571000, 119
935, 0 - without algorithms, 2, 3376.066000, 1161
936, 0 - without algorithms, 2, 11946.611000, 4047
937, 0 - without algorithms, 2, 3293.882000, 1116
938, 0 - without algorithms, 2, 6339.187000, 2165
939, 0 - without algorithms, 2, 3319.911000, 1144
940, 0 - without algorithms, 2, 7352.248000, 2496
941, 0 - without algorithms, 2, 2461.841000, 840
942, 0 - without algorithms, 2, 311.976000, 106
943, 0 - without algorithms, 2, 423.625000, 142
944, 0 - without algorithms, 2, 6258.306000, 2128
945, 0 - without algorithms, 2, 207.189000, 69
946, 0 - without algorithms, 2, 231.695000, 80
947, 0 - without algorithms, 2, 556.063000, 188
948, 0 - without algorithms, 2, 22285.374000, 7843
949, 0 - without algorithms, 2, 740.990000, 246
950, 0 - without algorithms, 2, 29260.064000, 10000
951, 0 - without algorithms, 2, 264.145000, 89
952, 0 - without algorithms, 2, 7780.342000, 2627
953, 0 - without algorithms, 2, 431.981000, 146
954, 0 - without algorithms, 2, 2335.724000, 791
955, 0 - without algorithms, 2, 1039.120000, 355
956, 0 - without algorithms, 2, 357.982000, 121
957, 0 - without algorithms, 2, 19500.377000, 6713
958, 0 - without algorithms, 2, 2299.786000, 800
959, 0 - without algorithms, 2, 1887.943000, 658
960, 0 - without algorithms, 2, 1122.146000, 394
961, 0 - without algorithms, 2, 1901.027000, 673
962, 0 - without algorithms, 2, 4861.143000, 1737
963, 0 - without algorithms, 2, 536.206000, 187
964, 0 - without algorithms, 2, 1016.818000, 362
965, 0 - without algorithms, 2, 1120.012000, 405
966, 0 - without algorithms, 2, 794.441000, 280
967, 0 - without algorithms, 2, 696.637000, 243
968, 0 - without algorithms, 2, 12093.536000, 4274
969, 0 - without algorithms, 2, 5824.872000, 2109
970, 0 - without algorithms, 2, 775.275000, 284
971, 0 - without algorithms, 2, 753.645000, 269
972, 0 - without algorithms, 2, 636.444000, 230
973, 0 - without algorithms, 2, 4273.070000, 1561
974, 0 - without algorithms, 2, 1718.436000, 617
975, 0 - without algorithms, 2, 528.692000, 192
976, 0 - without algorithms, 2, 2448.846000, 893
977, 0 - without algorithms, 2, 721.534000, 262
978, 0 - without algorithms, 2, 474.220000, 171
979, 0 - without algorithms, 2, 24387.660000, 8880
980, 0 - without algorithms, 2, 2416.626000, 881
981, 0 - without algorithms, 2, 2297.913000, 824
982, 0 - without algorithms, 2, 3750.569000, 1318
983, 0 - without algorithms, 2, 929.555000, 335
984, 0 - without algorithms, 2, 3437.662000, 1251
985, 0 - without algorithms, 2, 30260.271000, 11114
986, 0 - without algorithms, 2, 1499.023000, 542
987, 0 - without algorithms, 2, 175.850000, 65
988, 0 - without algorithms, 2, 741.081000, 264
989, 0 - without algorithms, 2, 2575.865000, 951
990, 0 - without algorithms, 2, 285.336000, 101
991, 0 - without algorithms, 2, 800.934000, 291
992, 0 - without algorithms, 2, 1696.904000, 625
993, 0 - without algorithms, 2, 219.482000, 81
994, 0 - without algorithms, 2, 1381.573000, 502
995, 0 - without algorithms, 2, 688.082000, 253
996, 0 - without algorithms, 2, 179.527000, 64
997, 0 - without algorithms, 2, 4336.830000, 1556
998, 0 - without algorithms, 2, 464.351000, 167
999, 0 - without algorithms, 2, 2101.524000, 752
1000, 0 - without algorithms, 2, 1462.334000, 540
1001, 0 - without algorithms, 2, 19592.621000, 7253
1002, 0 - without algorithms, 2, 985.801000, 364
1003, 0 - without algorithms, 2, 931.027000, 348
1004, 0 - without algorithms, 2, 3391.775000, 1219
1005, 0 - without algorithms, 2, 238.587000, 87
1006, 0 - without algorithms, 2, 556.986000, 204
1007, 0 - without algorithms, 2, 1202.356000, 437
1008, 0 - without algorithms, 2, 3581.271000, 1300
1009, 0 - without algorithms, 2, 7011.408000, 2580
1010, 0 - without algorithms, 2, 2572.979000, 938
1011, 0 - without algorithms, 2, 198.011000, 73
1012, 0 - without algorithms, 2, 2063.924000, 753
1013, 0 - without algorithms, 2, 1377.705000, 500
1014, 0 - without algorithms, 2, 2004.281000, 741
1015, 0 - without algorithms, 2, 2036.412000, 734
1016, 0 - without algorithms, 2, 1545.000000, 574
1017, 0 - without algorithms, 2, 15852.983000, 5818
1018, 0 - without algorithms, 2, 1342.590000, 489
1019, 0 - without algorithms, 2, 6709.071000, 2478
1020, 0 - without algorithms, 2, 1547.364000, 559
1021, 0 - without algorithms, 2, 1132.326000, 412
1022, 0 - without algorithms, 2, 719.019000, 265
1023, 0 - without algorithms, 2, 5377.853000, 1970
1024, 0 - without algorithms, 2, 9944.113000, 3575
1025, 0 - without algorithms, 2, 1217.335000, 445
1026, 0 - without algorithms, 2, 20632.743000, 7512
1027, 0 - without algorithms, 2, 11448.846000, 4146
1028, 0 - without algorithms, 2, 912.022000, 335
1029, 0 - without algorithms, 2, 1798.335000, 651
1030, 0 - without algorithms, 2, 1001.229000, 364
1031, 0 - without algorithms, 2, 386.455000, 140
1032, 0 - without algorithms, 2, 7641.261000, 2785
1033, 0 - without algorithms, 2, 7522.478000, 2730
1034, 0 - without algorithms, 2, 5212.823000, 1896
1035, 0 - without algorithms, 2, 8861.100000, 3274
1036, 0 - without algorithms, 2, 6113.133000, 2245
1037, 0 - without algorithms, 2, 511.330000, 182
1038, 0 - without algorithms, 2, 1888.795000, 678
1039, 0 - without algorithms, 2, 170.550000, 61
1040, 0 - without algorithms, 2, 869.141000, 315
1041, 0 - without algorithms, 2, 1064.518000, 387
1042, 0 - without algorithms, 2, 2077.359000, 756
1043, 0 - without algorithms, 2, 667.462000, 243
1044, 0 - without algorithms, 2, 432.732000, 158
1045, 0 - without algorithms, 2, 1890.348000, 693
1046, 0 - without algorithms, 2, 4306.392000, 1550
1047, 0 - without algorithms, 2, 4567.231000, 1665
1048, 0 - without algorithms, 2, 2856.852000, 1050
1049, 0 - without algorithms, 2, 1148.796000, 422
1050, 0 - without algorithms, 2, 12336.102000, 4532
1051, 0 - without algorithms, 2, 450.285000, 163
1052, 0 - without algorithms, 2, 4101.568000, 1518
1053, 0 - without algorithms, 2, 1084.295000, 395
1054, 0 - without algorithms, 2, 939.904000, 350
1055, 0 - without algorithms, 2, 14069.655000, 5093
1056, 0 - without algorithms, 2, 282.740000, 103
1057, 0 - without algorithms, 2, 2696.851000, 987
1058, 0 - without algorithms, 2, 3612.319000, 1340
1059, 0 - without algorithms, 2, 4110.554000, 1509
1060, 0 - without algorithms, 2, 515.938000, 192
1061, 0 - without algorithms, 2, 6471.786000, 2423
1062, 0 - without algorithms, 2, 2040.289000, 743
1063, 0 - without algorithms, 2, 440.326000, 161
1064, 0 - without algorithms, 2, 13973.535000, 5002
1065, 0 - without algorithms, 2, 221.586000, 81
1066, 0 - without algorithms, 2, 412.685000, 151
1067, 0 - without algorithms, 2, 160.061000, 59
1068, 0 - without algorithms, 2, 16465.422000, 6051
1069, 0 - without algorithms, 2, 3040.957000, 1130
1070, 0 - without algorithms, 2, 3671.951000, 1348
1071, 0 - without algorithms, 2, 231.154000, 86
1072, 0 - without algorithms, 2, 3185.198000, 1154
1073, 0 - without algorithms, 2, 1814.686000, 654
1074, 0 - without algorithms, 2, 746.451000, 270
1075, 0 - without algorithms, 2, 1840.534000, 672
1076, 0 - without algorithms, 2, 987.974000, 361
1077, 0 - without algorithms, 2, 2187.425000, 785
1078, 0 - without algorithms, 2, 2144.425000, 788
1079, 0 - without algorithms, 2, 6275.899000, 2260
1080, 0 - without algorithms, 2, 7743.042000, 2887
1081, 0 - without algorithms, 2, 547.478000, 202
1082, 0 - without algorithms, 2, 6136.397000, 2236
1083, 0 - without algorithms, 2, 2766.873000, 1023
1084, 0 - without algorithms, 2, 3037.471000, 1083
1085, 0 - without algorithms, 2, 2392.791000, 875
1086, 0 - without algorithms, 2, 2035.390000, 742
1087, 0 - without algorithms, 2, 1310.840000, 479
1088, 0 - without algorithms, 2, 215.434000, 79
1089, 0 - without algorithms, 2, 392.407000, 145
1090, 0 - without algorithms, 2, 316.755000, 116
1091, 0 - without algorithms, 2, 744.227000, 277
1092, 0 - without algorithms, 2, 238.127000, 88
1093, 0 - without algorithms, 2, 1937.686000, 706
1094, 0 - without algorithms, 2, 2199.238000, 794
1095, 0 - without algorithms, 2, 745.329000, 272
1096, 0 - without algorithms, 2, 532.579000, 197
1097, 0 - without algorithms, 2, 763.223000, 280
1098, 0 - without algorithms, 2, 2971.096000, 1084
1099, 0 - without algorithms, 2, 2661.766000, 975
1100, 0 - without algorithms, 2, 1513.301000, 543
1101, 0 - without algorithms, 2, 22063.257000, 7809
1102, 0 - without algorithms, 2, 8216.250000, 2889
1103, 0 - without algorithms, 2, 811.172000, 279
1104, 0 - without algorithms, 2, 1428.091000, 509
1105, 0 - without algorithms, 2, 3505.269000, 1233
1106, 0 - without algorithms, 2, 10654.807000, 3861
1107, 0 - without algorithms, 2, 634.080000, 224
1108, 0 - without algorithms, 2, 6316.054000, 2229
1109, 0 - without algorithms, 2, 612.569000, 217
1110, 0 - without algorithms, 2, 3632.508000, 1270
1111, 0 - without algorithms, 2, 1642.753000, 578
1112, 0 - without algorithms, 2, 785.334000, 272
1113, 0 - without algorithms, 2, 774.263000, 270
1114, 0 - without algorithms, 2, 324.920000, 110
1115, 0 - without algorithms, 2, 4681.165000, 1657
1116, 0 - without algorithms, 2, 2143.733000, 741
1117, 0 - without algorithms, 2, 3114.465000, 1077
1118, 0 - without algorithms, 2, 4344.133000, 1483
1119, 0 - without algorithms, 2, 2304.345000, 793
1120, 0 - without algorithms, 2, 10992.380000, 3766
1121, 0 - without algorithms, 2, 7612.477000, 2625
1122, 0 - without algorithms, 2, 1446.134000, 498
1123, 0 - without algorithms, 2, 603.904000, 205
1124, 0 - without algorithms, 2, 3543.921000, 1229
1125, 0 - without algorithms, 2, 2240.314000, 769
1126, 0 - without algorithms, 2, 526.678000, 178
1127, 0 - without algorithms, 2, 6455.776000, 2187
1128, 0 - without algorithms, 2, 3082.495000, 1046
1129, 0 - without algorithms, 2, 16730.048000, 5662
1130, 0 - without algorithms, 2, 1381.723000, 492
1131, 0 - without algorithms, 2, 4056.453000, 1408
1132, 0 - without algorithms, 2, 346.099000, 120
1133, 0 - without algorithms, 2, 4845.805000, 1643
1134, 0 - without algorithms, 2, 1088.242000, 373
1135, 0 - without algorithms, 2, 1757.518000, 605
1136, 0 - without algorithms, 2, 4622.125000, 1621
1137, 0 - without algorithms, 2, 1369.030000, 475
1138, 0 - without algorithms, 2, 5733.100000, 2023
1139, 0 - without algorithms, 2, 18648.840000, 6602
1140, 0 - without algorithms, 2, 1890.689000, 678
1141, 0 - without algorithms, 2, 2212.533000, 808
1142, 0 - without algorithms, 2, 927.260000, 338
1143, 0 - without algorithms, 2, 3665.329000, 1321
1144, 0 - without algorithms, 2, 886.814000, 317
1145, 0 - without algorithms, 2, 199.113000, 72
1146, 0 - without algorithms, 2, 1425.796000, 513
1147, 0 - without algorithms, 2, 430.057000, 151
1148, 0 - without algorithms, 2, 1612.406000, 573
1149, 0 - without algorithms, 2, 1130.853000, 411
1150, 0 - without algorithms, 2, 349.987000, 129
1151, 0 - without algorithms, 2, 640.291000, 229
1152, 0 - without algorithms, 2, 4135.682000, 1503
1153, 0 - without algorithms, 2, 31949.932000, 11520
1154, 0 - without algorithms, 2, 3264.256000, 1196
1155, 0 - without algorithms, 2, 6543.611000, 2398
1156, 0 - without algorithms, 2, 23581.576000, 8585
1157, 0 - without algorithms, 2, 6136.317000, 2184
1158, 0 - without algorithms, 2, 5752.036000, 2059
1159, 0 - without algorithms, 2, 2612.383000, 938
1160, 0 - without algorithms, 2, 2171.175000, 788
1161, 0 - without algorithms, 2, 23665.745000, 8589
1162, 0 - without algorithms, 2, 1625.961000, 593
1163, 0 - without algorithms, 2, 1522.808000, 560
1164, 0 - without algorithms, 2, 4244.707000, 1546
1165, 0 - without algorithms, 2, 470.463000, 170
1166, 0 - without algorithms, 2, 947.328000, 352
1167, 0 - without algorithms, 2, 6146.575000, 2228
1168, 0 - without algorithms, 2, 2092.938000, 752
1169, 0 - without algorithms, 2, 1307.023000, 469
1170, 0 - without algorithms, 2, 487.855000, 182
1171, 0 - without algorithms, 2, 8010.815000, 2930
1172, 0 - without algorithms, 2, 6543.931000, 2401
1173, 0 - without algorithms, 2, 1493.323000, 537
1174, 0 - without algorithms, 2, 1881.140000, 689
1175, 0 - without algorithms, 2, 620.865000, 228
1176, 0 - without algorithms, 2, 1164.004000, 428
1177, 0 - without algorithms, 2, 4324.306000, 1577
1178, 0 - without algorithms, 2, 759.937000, 276
1179, 0 - without algorithms, 2, 1712.794000, 629
1180, 0 - without algorithms, 2, 1411.318000, 522
1181, 0 - without algorithms, 2, 1893.253000, 691
1182, 0 - without algorithms, 2, 190.998000, 70
1183, 0 - without algorithms, 2, 638.999000, 229
1184, 0 - without algorithms, 2, 510.338000, 185
1185, 0 - without algorithms, 2, 1120.062000, 403
1186, 0 - without algorithms, 2, 1020.065000, 366
1187, 0 - without algorithms, 2, 690.276000, 250
1188, 0 - without algorithms, 2, 279.816000, 102
1189, 0 - without algorithms, 2, 346.209000, 124
1190, 0 - without algorithms, 2, 9042.851000, 3276
1191, 0 - without algorithms, 2, 1869.869000, 681
1192, 0 - without algorithms, 2, 2179.380000, 794
1193, 0 - without algorithms, 2, 1015.986000, 376
1194, 0 - without algorithms, 2, 410.750000, 149
1195, 0 - without algorithms, 2, 1039.100000, 376
1196, 0 - without algorithms, 2, 499.137000, 184
1197, 0 - without algorithms, 2, 675.188000, 253
1198, 0 - without algorithms, 2, 682.871000, 247
1199, 0 - without algorithms, 2, 5030.972000, 1821
1200, 0 - without algorithms, 218, 7331.209000, 2638
1201, 0 - without algorithms, 3, 92231.917000, 33811
1202, 0 - without algorithms, 3, 2381.319000, 863
1203, 0 - without algorithms, 3, 11473.793000, 4213
1204, 0 - without algorithms, 3, 857.199000, 306
1205, 0 - without algorithms, 3, 1251.428000, 466
1206, 0 - without algorithms, 3, 868.120000, 317
1207, 0 - without algorithms, 3, 564.920000, 206
1208, 0 - without algorithms, 3, 5847.755000, 2125
1209, 0 - without algorithms, 3, 2752.466000, 979
1210, 0 - without algorithms, 3, 3160.262000, 1152
1211, 0 - without algorithms, 3, 10878.146000, 3998
1212, 0 - without algorithms, 3, 5117.886000, 1902
1213, 0 - without algorithms, 3, 700.114000, 252
1214, 0 - without algorithms, 3, 13914.705000, 4997
1215, 0 - without algorithms, 3, 1049.420000, 379
1216, 0 - without algorithms, 3, 115281.155000, 41746
1217, 0 - without algorithms, 3, 30018.057000, 10734
1218, 0 - without algorithms, 3, 47954.749000, 17764
1219, 0 - without algorithms, 3, 14263.840000, 5123
1220, 0 - without algorithms, 3, 3968.277000, 1418
1221, 0 - without algorithms, 3, 1638.796000, 591
1222, 0 - without algorithms, 3, 1063.596000, 390
1223, 0 - without algorithms, 3, 735.220000, 270
1224, 0 - without algorithms, 3, 963.057000, 349
1225, 0 - without algorithms, 3, 830.318000, 303
1226, 0 - without algorithms, 3, 4347.460000, 1611
1227, 0 - without algorithms, 3, 10610.483000, 3834
1228, 0 - without algorithms, 3, 13107.740000, 4809
1229, 0 - without algorithms, 3, 16372.608000, 5910
1230, 0 - without algorithms, 3, 4874.929000, 1790
1231, 0 - without algorithms, 3, 594.806000, 215
1232, 0 - without algorithms, 3, 159867.412000, 57756
1233, 0 - without algorithms, 3, 10918.452000, 4021
1234, 0 - without algorithms, 3, 3113.794000, 1124
1235, 0 - without algorithms, 3, 5879.194000, 2154
1236, 0 - without algorithms, 3, 331.573000, 118
1237, 0 - without algorithms, 3, 5224.335000, 1904
1238, 0 - without algorithms, 3, 7734.336000, 2812
1239, 0 - without algorithms, 3, 1351.617000, 492
1240, 0 - without algorithms, 3, 15306.998000, 5655
1241, 0 - without algorithms, 3, 840.708000, 299
1242, 0 - without algorithms, 3, 1864.559000, 694
1243, 0 - without algorithms, 3, 2493.270000, 914
1244, 0 - without algorithms, 3, 1752.128000, 661
1245, 0 - without algorithms, 3, 13511.819000, 4858
1246, 0 - without algorithms, 3, 8210.389000, 3024
1247, 0 - without algorithms, 3, 25154.448000, 9102
1248, 0 - without algorithms, 3, 44766.817000, 16436
1249, 0 - without algorithms, 3, 502.413000, 182
1250, 0 - without algorithms, 3, 11672.637000, 4341
1251, 0 - without algorithms, 3, 10538.659000, 3920
1252, 0 - without algorithms, 3, 481.593000, 176
1253, 0 - without algorithms, 3, 484.550000, 175
1254, 0 - without algorithms, 3, 8003.841000, 2896
1255, 0 - without algorithms, 3, 2177.016000, 799
1256, 0 - without algorithms, 3, 541.035000, 200
1257, 0 - without algorithms, 3, 12999.096000, 4809
1258, 0 - without algorithms, 3, 33863.984000, 12368
1259, 0 - without algorithms, 3, 1682.518000, 604
1260, 0 - without algorithms, 3, 24204.636000, 8925
1261, 0 - without algorithms, 3, 30470.005000, 10938
1262, 0 - without algorithms, 3, 991.541000, 357
1263, 0 - without algorithms, 3, 23823.431000, 8635
1264, 0 - without algorithms, 3, 14090.695000, 5063
1265, 0 - without algorithms, 3, 28571.081000, 10328
1266, 0 - without algorithms, 3, 110494.701000, 40551
1267, 0 - without algorithms, 3, 24062.639000, 8667
1268, 0 - without algorithms, 3, 2942.693000, 1073
1269, 0 - without algorithms, 3, 11233.723000, 4109
1270, 0 - without algorithms, 3, 7218.497000, 2619
1271, 0 - without algorithms, 3, 860.154000, 313
1272, 0 - without algorithms, 3, 5617.694000, 2021
1273, 0 - without algorithms, 3, 775.616000, 284
1274, 0 - without algorithms, 3, 22873.107000, 8226
1275, 0 - without algorithms, 3, 2830.212000, 1020
1276, 0 - without algorithms, 3, 1055.561000, 386
1277, 0 - without algorithms, 3, 8994.330000, 3316
1278, 0 - without algorithms, 3, 1596.216000, 591
1279, 0 - without algorithms, 3, 3097.613000, 1114
1280, 0 - without algorithms, 3, 56691.697000, 20762
1281, 0 - without algorithms, 3, 2565.816000, 910
1282, 0 - without algorithms, 3, 1191.356000, 428
1283, 0 - without algorithms, 3, 21027.343000, 7687
1284, 0 - without algorithms, 3, 498.876000, 181
1285, 0 - without algorithms, 3, 1620.882000, 596
1286, 0 - without algorithms, 3, 6578.085000, 2420
1287, 0 - without algorithms, 3, 9516.339000, 3480
1288, 0 - without algorithms, 3, 10677.640000, 3929
1289, 0 - without algorithms, 3, 3446.548000, 1282
1290, 0 - without algorithms, 3, 544.792000, 196
1291, 0 - without algorithms, 3, 3388.500000, 1200
1292, 0 - without algorithms, 3, 1300.521000, 459
1293, 0 - without algorithms, 3, 5136.150000, 1884
1294, 0 - without algorithms, 3, 2094.060000, 740
1295, 0 - without algorithms, 3, 27521.181000, 9953
1296, 0 - without algorithms, 3, 29682.857000, 10837
1297, 0 - without algorithms, 3, 2645.475000, 977
1298, 0 - without algorithms, 3, 2458.113000, 902
1299, 0 - without algorithms, 3, 4052.705000, 1442
1300, 0 - without algorithms, 3, 1337.921000, 484
1301, 0 - without algorithms, 3, 15955.655000, 5769
1302, 0 - without algorithms, 3, 3069.010000, 1121
1303, 0 - without algorithms, 3, 5555.015000, 2051
1304, 0 - without algorithms, 3, 2156.397000, 793
1305, 0 - without algorithms, 3, 1138.016000, 415
1306, 0 - without algorithms, 3, 2133.293000, 770
1307, 0 - without algorithms, 3, 2488.019000, 910
1308, 0 - without algorithms, 3, 1056.503000, 381
1309, 0 - without algorithms, 3, 2453.654000, 890
1310, 0 - without algorithms, 3, 238.477000, 86
1311, 0 - without algorithms, 3, 5948.423000, 2144
1312, 0 - without algorithms, 3, 4898.142000, 1804
1313, 0 - without algorithms, 3, 2827.156000, 1001
1314, 0 - without algorithms, 3, 1889.947000, 684
1315, 0 - without algorithms, 3, 12402.817000, 4497
1316, 0 - without algorithms, 3, 2770.951000, 1036
1317, 0 - without algorithms, 3, 2668.578000, 982
1318, 0 - without algorithms, 3, 435.948000, 157
1319, 0 - without algorithms, 3, 1821.759000, 659
1320, 0 - without algorithms, 3, 27996.693000, 10266
1321, 0 - without algorithms, 3, 2477.480000, 910
1322, 0 - without algorithms, 3, 4056.483000, 1501
1323, 0 - without algorithms, 3, 6465.635000, 2330
1324, 0 - without algorithms, 3, 17830.404000, 6507
1325, 0 - without algorithms, 3, 40078.948000, 14785
1326, 0 - without algorithms, 3, 823.074000, 295
1327, 0 - without algorithms, 3, 9553.810000, 3477
1328, 0 - without algorithms, 3, 2697.703000, 977
1329, 0 - without algorithms, 3, 5246.396000, 1886
1330, 0 - without algorithms, 3, 1116.666000, 414
1331, 0 - without algorithms, 3, 79700.969000, 29497
1332, 0 - without algorithms, 3, 9748.616000, 3625
1333, 0 - without algorithms, 3, 4869.990000, 1798
1334, 0 - without algorithms, 3, 6498.215000, 2363
1335, 0 - without algorithms, 3, 7445.863000, 2692
1336, 0 - without algorithms, 3, 4781.493000, 1742
1337, 0 - without algorithms, 3, 987.002000, 354
1338, 0 - without algorithms, 3, 1380.972000, 505
1339, 0 - without algorithms, 3, 1838.120000, 680
1340, 0 - without algorithms, 3, 12124.145000, 4428
1341, 0 - without algorithms, 3, 5458.715000, 1983
1342, 0 - without algorithms, 3, 3855.456000, 1409
1343, 0 - without algorithms, 3, 13836.919000, 4980
1344, 0 - without algorithms, 3, 1443.730000, 520
1345, 0 - without algorithms, 3, 12495.562000, 4583
1346, 0 - without algorithms, 3, 6443.142000, 2345
1347, 0 - without algorithms, 3, 9017.714000, 3229
1348, 0 - without algorithms, 3, 5579.091000, 2036
1349, 0 - without algorithms, 3, 2789.104000, 994
1350, 0 - without algorithms, 3, 5203.526000, 1900
1351, 0 - without algorithms, 3, 453.622000, 167
1352, 0 - without algorithms, 3, 24833.776000, 9270
1353, 0 - without algorithms, 3, 3126.037000, 1150
1354, 0 - without algorithms, 3, 2414.071000, 898
1355, 0 - without algorithms, 3, 14319.555000, 5176
1356, 0 - without algorithms, 3, 1215.381000, 442
1357, 0 - without algorithms, 3, 575.970000, 215
1358, 0 - without algorithms, 3, 1803.445000, 661
1359, 0 - without algorithms, 3, 1393.866000, 504
1360, 0 - without algorithms, 3, 1684.511000, 610
1361, 0 - without algorithms, 3, 765.496000, 279
1362, 0 - without algorithms, 3, 7434.212000, 2717
1363, 0 - without algorithms, 3, 208.953000, 77
1364, 0 - without algorithms, 3, 2753.889000, 1004
1365, 0 - without algorithms, 3, 14250.885000, 5209
1366, 0 - without algorithms, 3, 11353.527000, 4193
1367, 0 - without algorithms, 3, 574.539000, 211
1368, 0 - without algorithms, 3, 1937.687000, 697
1369, 0 - without algorithms, 3, 1501.057000, 529
1370, 0 - without algorithms, 3, 2495.553000, 893
1371, 0 - without algorithms, 3, 2969.122000, 1067
1372, 0 - without algorithms, 3, 4614.771000, 1682
1373, 0 - without algorithms, 3, 21378.392000, 7675
1374, 0 - without algorithms, 3, 32400.628000, 11794
1375, 0 - without algorithms, 3, 22110.226000, 7925
1376, 0 - without algorithms, 3, 5036.151000, 1828
1377, 0 - without algorithms, 3, 28952.066000, 10466
1378, 0 - without algorithms, 3, 14438.237000, 5304
1379, 0 - without algorithms, 3, 13567.413000, 4969
1380, 0 - without algorithms, 3, 1635.159000, 591
1381, 0 - without algorithms, 3, 3895.641000, 1427
1382, 0 - without algorithms, 3, 3096.652000, 1107
1383, 0 - without algorithms, 3, 643.387000, 234
1384, 0 - without algorithms, 3, 8470.918000, 3032
1385, 0 - without algorithms, 3, 670.768000, 242
1386, 0 - without algorithms, 3, 3423.105000, 1258
1387, 0 - without algorithms, 3, 2948.193000, 1068
1388, 0 - without algorithms, 3, 6583.315000, 2351
1389, 0 - without algorithms, 3, 2782.862000, 998
1390, 0 - without algorithms, 3, 14470.077000, 5198
1391, 0 - without algorithms, 3, 2018.959000, 744
1392, 0 - without algorithms, 3, 7051.004000, 2597
1393, 0 - without algorithms, 3, 1143.295000, 415
1394, 0 - without algorithms, 3, 337.023000, 122
1395, 0 - without algorithms, 3, 13570.549000, 5042
1396, 0 - without algorithms, 3, 42160.144000, 15430
1397, 0 - without algorithms, 3, 14017.197000, 5101
1398, 0 - without algorithms, 3, 2733.991000, 996
1399, 0 - without algorithms, 3, 555.713000, 198
1400, 0 - without algorithms, 3, 19258.424000, 6957
1401, 0 - without algorithms, 3, 61523.304000, 22293
1402, 0 - without algorithms, 3, 9455.215000, 3415
1403, 0 - without algorithms, 3, 1104.062000, 399
1404, 0 - without algorithms, 3, 2518.106000, 918
1405, 0 - without algorithms, 3, 128252.679000, 46787
1406, 0 - without algorithms, 3, 1100.676000, 394
1407, 0 - without algorithms, 3, 2179.230000, 805
1408, 0 - without algorithms, 3, 8936.181000, 3278
1409, 0 - without algorithms, 3, 1655.016000, 596
1410, 0 - without algorithms, 3, 11651.487000, 4180
1411, 0 - without algorithms, 3, 5333.850000, 1930
1412, 0 - without algorithms, 3, 9411.673000, 3309
1413, 0 - without algorithms, 3, 69620.761000, 25184
1414, 0 - without algorithms, 3, 4173.392000, 1521
1415, 0 - without algorithms, 3, 2741.575000, 997
1416, 0 - without algorithms, 3, 4133.968000, 1502
1417, 0 - without algorithms, 3, 1983.282000, 722
1418, 0 - without algorithms, 3, 3600.257000, 1311
1419, 0 - without algorithms, 3, 623.841000, 226
1420, 0 - without algorithms, 3, 1672.038000, 597
1421, 0 - without algorithms, 3, 7385.741000, 2637
1422, 0 - without algorithms, 3, 2407.989000, 893
1423, 0 - without algorithms, 3, 1374.500000, 504
1424, 0 - without algorithms, 3, 509.596000, 185
1425, 0 - without algorithms, 3, 49976.754000, 18419
1426, 0 - without algorithms, 3, 3921.981000, 1415
1427, 0 - without algorithms, 3, 621.626000, 223
1428, 0 - without algorithms, 3, 6359.956000, 2311
1429, 0 - without algorithms, 3, 23689.079000, 8580
1430, 0 - without algorithms, 3, 1213.627000, 435
1431, 0 - without algorithms, 3, 776.928000, 279
1432, 0 - without algorithms, 3, 4814.436000, 1767
1433, 0 - without algorithms, 3, 55697.961000, 20519
1434, 0 - without algorithms, 3, 36784.446000, 13542
1435, 0 - without algorithms, 3, 6212.809000, 2242
1436, 0 - without algorithms, 3, 16186.138000, 5903
1437, 0 - without algorithms, 3, 7766.766000, 2813
1438, 0 - without algorithms, 3, 1620.151000, 579
1439, 0 - without algorithms, 3, 32243.844000, 11594
1440, 0 - without algorithms, 3, 8209.617000, 3040
1441, 0 - without algorithms, 3, 45380.088000, 16877
1442, 0 - without algorithms, 3, 896.773000, 324
1443, 0 - without algorithms, 3, 595.157000, 214
1444, 0 - without algorithms, 3, 1024.592000, 357
1445, 0 - without algorithms, 3, 4781.153000, 1768
1446, 0 - without algorithms, 3, 17911.285000, 6503
1447, 0 - without algorithms, 3, 761.990000, 279
1448, 0 - without algorithms, 3, 71480.301000, 26086
1449, 0 - without algorithms, 3, 12037.672000, 4399
1450, 0 - without algorithms, 3, 75467.494000, 27461
1451, 0 - without algorithms, 3, 2392.811000, 890
1452, 0 - without algorithms, 3, 53944.972000, 19357
1453, 0 - without algorithms, 3, 7963.966000, 2934
1454, 0 - without algorithms, 3, 3607.310000, 1301
1455, 0 - without algorithms, 3, 9039.205000, 3292
1456, 0 - without algorithms, 3, 3091.312000, 1113
1457, 0 - without algorithms, 3, 2143.934000, 782
1458, 0 - without algorithms, 3, 2696.311000, 954
1459, 0 - without algorithms, 3, 16847.508000, 6116
1460, 0 - without algorithms, 3, 961.985000, 346
1461, 0 - without algorithms, 3, 2789.626000, 1026
1462, 0 - without algorithms, 3, 12659.669000, 4635
1463, 0 - without algorithms, 3, 3275.938000, 1189
1464, 0 - without algorithms, 3, 4713.316000, 1703
1465, 0 - without algorithms, 3, 1841.847000, 656
1466, 0 - without algorithms, 3, 11864.707000, 4204
1467, 0 - without algorithms, 3, 443.562000, 163
1468, 0 - without algorithms, 3, 488.046000, 166
1469, 0 - without algorithms, 3, 741.722000, 268
1470, 0 - without algorithms, 3, 10234.348000, 3704
1471, 0 - without algorithms, 3, 39898.210000, 15018
1472, 0 - without algorithms, 3, 1357.909000, 500
1473, 0 - without algorithms, 3, 23423.891000, 8631
1474, 0 - without algorithms, 3, 2886.177000, 1069
1475, 0 - without algorithms, 3, 3651.082000, 1365
1476, 0 - without algorithms, 3, 1856.705000, 685
1477, 0 - without algorithms, 3, 243.337000, 87
1478, 0 - without algorithms, 3, 3298.871000, 1179
1479, 0 - without algorithms, 3, 6467.759000, 2375
1480, 0 - without algorithms, 3, 3132.339000, 1128
1481, 0 - without algorithms, 3, 12859.645000, 4609
1482, 0 - without algorithms, 3, 11640.767000, 4262
1483, 0 - without algorithms, 3, 9108.023000, 3303
1484, 0 - without algorithms, 3, 2297.061000, 851
1485, 0 - without algorithms, 3, 18272.453000, 6683
1486, 0 - without algorithms, 3, 3724.640000, 1379
1487, 0 - without algorithms, 3, 11822.558000, 4248
1488, 0 - without algorithms, 3, 4561.922000, 1690
1489, 0 - without algorithms, 3, 3399.099000, 1204
1490, 0 - without algorithms, 3, 9214.633000, 3367
1491, 0 - without algorithms, 3, 20365.561000, 7542
1492, 0 - without algorithms, 3, 4264.734000, 1528
1493, 0 - without algorithms, 3, 905.279000, 327
1494, 0 - without algorithms, 3, 878.489000, 325
1495, 0 - without algorithms, 3, 8037.615000, 2960
1496, 0 - without algorithms, 3, 155332.140000, 56441
1497, 0 - without algorithms, 3, 12522.612000, 4558
1498, 0 - without algorithms, 3, 3417.764000, 1237
1499, 0 - without algorithms, 3, 167.013000, 60
1500, 0 - without algorithms, 3, 169.388000, 62
1501, 0 - without algorithms, 3, 2794.194000, 1026
1502, 0 - without algorithms, 3, 2140.016000, 779
1503, 0 - without algorithms, 3, 9371.688000, 3348
1504, 0 - without algorithms, 3, 4499.815000, 1628
1505, 0 - without algorithms, 3, 4113.600000, 1496
1506, 0 - without algorithms, 3, 2995.582000, 1069
1507, 0 - without algorithms, 3, 3178.375000, 1159
1508, 0 - without algorithms, 3, 2404.332000, 877
1509, 0 - without algorithms, 3, 8507.246000, 3092
1510, 0 - without algorithms, 3, 2240.705000, 827
1511, 0 - without algorithms, 3, 7914.684000, 2863
1512, 0 - without algorithms, 3, 7061.713000, 2533
1513, 0 - without algorithms, 3, 3540.705000, 1289
1514, 0 - without algorithms, 3, 582.444000, 208
1515, 0 - without algorithms, 3, 80415.029000, 28975
1516, 0 - without algorithms, 3, 2002.629000, 734
1517, 0 - without algorithms, 3, 3189.086000, 1173
1518, 0 - without algorithms, 3, 5333.689000, 1929
1519, 0 - without algorithms, 3, 1230.410000, 445
1520, 0 - without algorithms, 3, 1457.836000, 523
1521, 0 - without algorithms, 3, 30111.983000, 10969
1522, 0 - without algorithms, 3, 6878.439000, 2510
1523, 0 - without algorithms, 3, 2458.404000, 893
1524, 0 - without algorithms, 3, 4786.142000, 1743
1525, 0 - without algorithms, 3, 4047.346000, 1495
1526, 0 - without algorithms, 3, 20529.880000, 7407
1527, 0 - without algorithms, 3, 12994.678000, 4732
1528, 0 - without algorithms, 3, 3232.266000, 1181
1529, 0 - without algorithms, 3, 3904.147000, 1430
1530, 0 - without algorithms, 3, 1258.402000, 466
1531, 0 - without algorithms, 3, 2179.901000, 787
1532, 0 - without algorithms, 3, 12303.291000, 4474
1533, 0 - without algorithms, 3, 5965.717000, 2186
1534, 0 - without algorithms, 3, 3260.780000, 1174
1535, 0 - without algorithms, 3, 15576.153000, 5657
1536, 0 - without algorithms, 3, 622.158000, 223
1537, 0 - without algorithms, 3, 13021.037000, 4734
1538, 0 - without algorithms, 3, 5861.701000, 2176
1539, 0 - without algorithms, 3, 1590.536000, 581
1540, 0 - without algorithms, 3, 6585.118000, 2406
1541, 0 - without algorithms, 3, 833.324000, 305
1542, 0 - without algorithms, 3, 1312.444000, 491
1543, 0 - without algorithms, 3, 8570.615000, 3097
1544, 0 - without algorithms, 3, 1867.756000, 684
1545, 0 - without algorithms, 3, 1062.564000, 381
1546, 0 - without algorithms, 3, 3194.335000, 1153
1547, 0 - without algorithms, 3, 1514.402000, 544
1548, 0 - without algorithms, 3, 3243.508000, 1181
1549, 0 - without algorithms, 3, 7496.209000, 2740
1550, 0 - without algorithms, 3, 21187.695000, 7669
1551, 0 - without algorithms, 3, 1214.890000, 435
1552, 0 - without algorithms, 3, 1242.161000, 458
1553, 0 - without algorithms, 3, 1844.852000, 663
1554, 0 - without algorithms, 3, 3097.563000, 1124
1555, 0 - without algorithms, 3, 4051.243000, 1442
1556, 0 - without algorithms, 3, 6536.097000, 2379
1557, 0 - without algorithms, 3, 61973.840000, 22479
1558, 0 - without algorithms, 3, 5898.280000, 2192
1559, 0 - without algorithms, 3, 5445.139000, 1966
1560, 0 - without algorithms, 3, 2545.838000, 928
1561, 0 - without algorithms, 3, 9187.462000, 3253
1562, 0 - without algorithms, 3, 5405.956000, 1969
1563, 0 - without algorithms, 3, 16707.366000, 6048
1564, 0 - without algorithms, 3, 87400.139000, 32358
1565, 0 - without algorithms, 3, 62868.098000, 22825
1566, 0 - without algorithms, 3, 9574.319000, 3433
1567, 0 - without algorithms, 3, 11922.135000, 4350
1568, 0 - without algorithms, 3, 21107.524000, 7724
1569, 0 - without algorithms, 3, 6972.906000, 2485
1570, 0 - without algorithms, 3, 1463.798000, 531
1571, 0 - without algorithms, 3, 14044.327000, 5185
1572, 0 - without algorithms, 3, 24428.186000, 8854
1573, 0 - without algorithms, 3, 2449.156000, 906
1574, 0 - without algorithms, 3, 2063.272000, 760
1575, 0 - without algorithms, 3, 768.933000, 280
1576, 0 - without algorithms, 3, 151657.725000, 54903
1577, 0 - without algorithms, 3, 13951.133000, 5031
1578, 0 - without algorithms, 3, 224.942000, 82
1579, 0 - without algorithms, 3, 16752.350000, 6048
1580, 0 - without algorithms, 3, 1916.036000, 706
1581, 0 - without algorithms, 3, 1812.782000, 668
1582, 0 - without algorithms, 3, 1724.526000, 638
1583, 0 - without algorithms, 3, 6128.802000, 2232
1584, 0 - without algorithms, 3, 7725.549000, 2815
1585, 0 - without algorithms, 3, 2432.355000, 887
1586, 0 - without algorithms, 3, 6117.471000, 2265
1587, 0 - without algorithms, 3, 7655.638000, 2770
1588, 0 - without algorithms, 3, 393.789000, 142
1589, 0 - without algorithms, 3, 39597.735000, 14350
1590, 0 - without algorithms, 3, 1072.703000, 384
1591, 0 - without algorithms, 3, 2586.354000, 948
1592, 0 - without algorithms, 3, 6759.045000, 2490
1593, 0 - without algorithms, 3, 674.236000, 244
1594, 0 - without algorithms, 3, 10825.677000, 3945
1595, 0 - without algorithms, 3, 16440.615000, 5995
1596, 0 - without algorithms, 3, 1420.546000, 518
1597, 0 - without algorithms, 3, 3531.888000, 1295
1598, 0 - without algorithms, 3, 2769.788000, 1008
1599, 0 - without algorithms, 3, 7566.961000, 2773
1600, 0 - without algorithms, 3, 27881.477000, 10251
1601, 0 - without algorithms, 3, 2981.806000, 1069
1602, 0 - without algorithms, 3, 3021.722000, 1106
1603, 0 - without algorithms, 3, 7210.142000, 2662
1604, 0 - without algorithms, 3, 355.517000, 130
1605, 0 - without algorithms, 3, 3157.576000, 1145
1606, 0 - without algorithms, 3, 1093.382000, 396
1607, 0 - without algorithms, 3, 16469.088000, 5994
1608, 0 - without algorithms, 3, 4370.853000, 1587
1609, 0 - without algorithms, 3, 5256.154000, 1916
1610, 0 - without algorithms, 3, 295.114000, 106
1611, 0 - without algorithms, 3, 8432.135000, 3092
1612, 0 - without algorithms, 3, 1811.399000, 658
1613, 0 - without algorithms, 3, 11435.972000, 4129
1614, 0 - without algorithms, 3, 17119.900000, 6234
1615, 0 - without algorithms, 3, 824.156000, 293
1616, 0 - without algorithms, 3, 8572.398000, 3125
1617, 0 - without algorithms, 3, 4775.292000, 1756
1618, 0 - without algorithms, 3, 1127.015000, 401
1619, 0 - without algorithms, 3, 2982.618000, 1080
1620, 0 - without algorithms, 3, 1456.674000, 537
1621, 0 - without algorithms, 3, 3623.280000, 1307
1622, 0 - without algorithms, 3, 809.389000, 296
1623, 0 - without algorithms, 3, 5261.083000, 1876
1624, 0 - without algorithms, 3, 649.409000, 239
1625, 0 - without algorithms, 3, 255.640000, 93
1626, 0 - without algorithms, 3, 1746.237000, 638
1627, 0 - without algorithms, 3, 65477.846000, 23647
1628, 0 - without algorithms, 3, 14140.338000, 5084
1629, 0 - without algorithms, 3, 7109.884000, 2507
1630, 0 - without algorithms, 3, 11264.621000, 3980
1631, 0 - without algorithms, 3, 4111.426000, 1486
1632, 0 - without algorithms, 3, 4021.427000, 1470
1633, 0 - without algorithms, 3, 3466.366000, 1263
1634, 0 - without algorithms, 3, 6713.710000, 2429
1635, 0 - without algorithms, 3, 1121.415000, 406
1636, 0 - without algorithms, 3, 16304.159000, 6067
1637, 0 - without algorithms, 3, 1190.915000, 436
1638, 0 - without algorithms, 3, 177.534000, 61
1639, 0 - without algorithms, 3, 10785.111000, 3892
1640, 0 - without algorithms, 3, 1828.341000, 658
1641, 0 - without algorithms, 3, 3291.057000, 1192
1642, 0 - without algorithms, 3, 16846.437000, 6191
1643, 0 - without algorithms, 3, 1618.006000, 582
1644, 0 - without algorithms, 3, 1976.970000, 720
1645, 0 - without algorithms, 3, 5058.333000, 1808
1646, 0 - without algorithms, 3, 665.499000, 237
1647, 0 - without algorithms, 3, 50097.521000, 18381
1648, 0 - without algorithms, 3, 384.561000, 137
1649, 0 - without algorithms, 3, 5876.428000, 2110
1650, 0 - without algorithms, 3, 322.165000, 115
1651, 0 - without algorithms, 3, 8636.159000, 3102
1652, 0 - without algorithms, 3, 10801.713000, 3932
1653, 0 - without algorithms, 3, 8943.675000, 3247
1654, 0 - without algorithms, 3, 1632.233000, 597
1655, 0 - without algorithms, 3, 24504.900000, 8984
1656, 0 - without algorithms, 3, 10631.543000, 3839
1657, 0 - without algorithms, 3, 5958.122000, 2150
1658, 0 - without algorithms, 3, 1661.618000, 601
1659, 0 - without algorithms, 3, 715.693000, 255
1660, 0 - without algorithms, 3, 2144.325000, 781
1661, 0 - without algorithms, 3, 12462.048000, 4496
1662, 0 - without algorithms, 3, 18858.442000, 6844
1663, 0 - without algorithms, 3, 1743.763000, 641
1664, 0 - without algorithms, 3, 734.378000, 261
1665, 0 - without algorithms, 3, 670.218000, 241
1666, 0 - without algorithms, 3, 19062.616000, 6991
1667, 0 - without algorithms, 3, 54860.811000, 20533
1668, 0 - without algorithms, 3, 27768.003000, 9929
1669, 0 - without algorithms, 3, 748.003000, 264
1670, 0 - without algorithms, 3, 1366.866000, 497
1671, 0 - without algorithms, 3, 6138.891000, 2204
1672, 0 - without algorithms, 3, 25104.084000, 9042
1673, 0 - without algorithms, 3, 1345.475000, 480
1674, 0 - without algorithms, 3, 9470.964000, 3398
1675, 0 - without algorithms, 3, 27773.404000, 10113
1676, 0 - without algorithms, 3, 2951.719000, 1081
1677, 0 - without algorithms, 3, 3275.116000, 1185
1678, 0 - without algorithms, 3, 2219.726000, 815
1679, 0 - without algorithms, 3, 1121.715000, 416
1680, 0 - without algorithms, 3, 10650.979000, 3826
1681, 0 - without algorithms, 3, 5900.093000, 2158
1682, 0 - without algorithms, 3, 7407.311000, 2730
1683, 0 - without algorithms, 3, 3159.339000, 1141
1684, 0 - without algorithms, 3, 6326.874000, 2298
1685, 0 - without algorithms, 3, 1595.916000, 583
1686, 0 - without algorithms, 3, 2339.611000, 854
1687, 0 - without algorithms, 3, 15857.170000, 5733
1688, 0 - without algorithms, 3, 9838.775000, 3601
1689, 0 - without algorithms, 3, 5645.325000, 2005
1690, 0 - without algorithms, 3, 2170.013000, 803
1691, 0 - without algorithms, 3, 7243.253000, 2638
1692, 0 - without algorithms, 3, 2416.445000, 883
1693, 0 - without algorithms, 3, 2912.065000, 1046
1694, 0 - without algorithms, 3, 1273.640000, 461
1695, 0 - without algorithms, 3, 2548.202000, 941
1696, 0 - without algorithms, 3, 90511.919000, 32586
1697, 0 - without algorithms, 3, 8822.849000, 3256
1698, 0 - without algorithms, 3, 1249.004000, 448
1699, 0 - without algorithms, 3, 1511.146000, 559
1700, 0 - without algorithms, 3, 2256.745000, 811
1701, 0 - without algorithms, 3, 2896.255000, 1056
1702, 0 - without algorithms, 3, 3678.814000, 1369
1703, 0 - without algorithms, 3, 649.448000, 237
1704, 0 - without algorithms, 3, 5106.163000, 1886
1705, 0 - without algorithms, 3, 6870.544000, 2481
1706, 0 - without algorithms, 3, 434.014000, 156
1707, 0 - without algorithms, 3, 1931.445000, 700
1708, 0 - without algorithms, 3, 524.935000, 191
1709, 0 - without algorithms, 3, 2524.177000, 914
1710, 0 - without algorithms, 3, 1758.721000, 646
1711, 0 - without algorithms, 3, 1286.304000, 477
1712, 0 - without algorithms, 3, 8823.369000, 3140
1713, 0 - without algorithms, 3, 1515.805000, 548
1714, 0 - without algorithms, 3, 3894.549000, 1416
1715, 0 - without algorithms, 3, 59541.635000, 21160
1716, 0 - without algorithms, 3, 2433.768000, 896
1717, 0 - without algorithms, 3, 5482.991000, 2011
1718, 0 - without algorithms, 3, 36155.265000, 13169
1719, 0 - without algorithms, 3, 2326.566000, 836
1720, 0 - without algorithms, 3, 2115.761000, 788
1721, 0 - without algorithms, 3, 17387.292000, 6319
1722, 0 - without algorithms, 3, 7959.558000, 2934
1723, 0 - without algorithms, 3, 2310.436000, 864
1724, 0 - without algorithms, 3, 322.125000, 118
1725, 0 - without algorithms, 3, 7782.386000, 2830
1726, 0 - without algorithms, 3, 1565.458000, 547
1727, 0 - without algorithms, 3, 6949.042000, 2558
1728, 0 - without algorithms, 3, 8362.745000, 3034
1729, 0 - without algorithms, 3, 33895.163000, 12365
1730, 0 - without algorithms, 3, 1565.247000, 576
1731, 0 - without algorithms, 3, 3160.381000, 1134
1732, 0 - without algorithms, 3, 5401.797000, 1952
1733, 0 - without algorithms, 3, 1211.624000, 451
1734, 0 - without algorithms, 3, 25206.086000, 9103
1735, 0 - without algorithms, 3, 5243.882000, 1899
1736, 0 - without algorithms, 3, 4618.618000, 1657
1737, 0 - without algorithms, 3, 2362.744000, 876
1738, 0 - without algorithms, 3, 5118.095000, 1822
1739, 0 - without algorithms, 3, 3090.761000, 1128
1740, 0 - without algorithms, 3, 3593.825000, 1341
1741, 0 - without algorithms, 3, 1813.223000, 671
1742, 0 - without algorithms, 3, 1358.780000, 496
1743, 0 - without algorithms, 3, 6131.407000, 2232
1744, 0 - without algorithms, 3, 1085.918000, 394
1745, 0 - without algorithms, 3, 42616.220000, 15409
1746, 0 - without algorithms, 3, 5512.416000, 2083
1747, 0 - without algorithms, 3, 909.647000, 331
1748, 0 - without algorithms, 3, 12019.228000, 4406
1749, 0 - without algorithms, 3, 934.604000, 343
1750, 0 - without algorithms, 3, 11451.712000, 4181
1751, 0 - without algorithms, 3, 4857.366000, 1795
1752, 0 - without algorithms, 3, 3650.251000, 1350
1753, 0 - without algorithms, 3, 8420.233000, 3087
1754, 0 - without algorithms, 3, 25869.681000, 9391
1755, 0 - without algorithms, 3, 8858.595000, 3227
1756, 0 - without algorithms, 3, 24364.165000, 8922
1757, 0 - without algorithms, 3, 15979.089000, 5926
1758, 0 - without algorithms, 3, 8807.830000, 3281
1759, 0 - without algorithms, 3, 1222.073000, 439
1760, 0 - without algorithms, 3, 744.337000, 272
1761, 0 - without algorithms, 3, 20958.353000, 7586
1762, 0 - without algorithms, 3, 10586.729000, 3926
1763, 0 - without algorithms, 3, 3202.380000, 1147
1764, 0 - without algorithms, 3, 15750.129000, 5799
1765, 0 - without algorithms, 3, 3813.196000, 1382
1766, 0 - without algorithms, 3, 12267.704000, 4430
1767, 0 - without algorithms, 3, 901.702000, 332
1768, 0 - without algorithms, 3, 471.895000, 176
1769, 0 - without algorithms, 3, 6469.492000, 2367
1770, 0 - without algorithms, 3, 6351.821000, 2346
1771, 0 - without algorithms, 3, 3378.982000, 1268
1772, 0 - without algorithms, 3, 17805.376000, 6598
1773, 0 - without algorithms, 3, 44795.430000, 16062
1774, 0 - without algorithms, 3, 2011.475000, 734
1775, 0 - without algorithms, 3, 1541.573000, 558
1776, 0 - without algorithms, 3, 22725.120000, 8295
1777, 0 - without algorithms, 3, 7838.722000, 2835
1778, 0 - without algorithms, 3, 3272.021000, 1182
1779, 0 - without algorithms, 3, 5305.267000, 1931
1780, 0 - without algorithms, 3, 1509.413000, 546
1781, 0 - without algorithms, 3, 8471.429000, 3086
1782, 0 - without algorithms, 3, 1273.460000, 463
1783, 0 - without algorithms, 3, 981.111000, 354
1784, 0 - without algorithms, 3, 356.319000, 130
1785, 0 - without algorithms, 3, 17916.174000, 6478
1786, 0 - without algorithms, 3, 16138.418000, 5829
1787, 0 - without algorithms, 3, 9532.360000, 3492
1788, 0 - without algorithms, 3, 31503.194000, 11615
1789, 0 - without algorithms, 3, 17818.611000, 6603
1790, 0 - without algorithms, 3, 126829.398000, 45650
1791, 0 - without algorithms, 3, 1127.997000, 409
1792, 0 - without algorithms, 3, 10097.089000, 3708
1793, 0 - without algorithms, 3, 2547.431000, 919
1794, 0 - without algorithms, 3, 7320.118000, 2615
1795, 0 - without algorithms, 3, 22782.487000, 8345
1796, 0 - without algorithms, 3, 5244.012000, 1877
1797, 0 - without algorithms, 3, 845.187000, 302
1798, 0 - without algorithms, 3, 20129.258000, 7248
1799, 0 - without algorithms, 3, 7878.386000, 2856
1800, 0 - without algorithms, 218, 113520.640000, 40958
1801, 0 - without algorithms, 4, 7898.494000, 2815
1802, 0 - without algorithms, 4, 7802.694000, 2845
1803, 0 - without algorithms, 4, 25362.880000, 9389
1804, 0 - without algorithms, 4, 266313.466000, 97337
1805, 0 - without algorithms, 4, 8492.298000, 3118
1806, 0 - without algorithms, 4, 12820.852000, 4668
1807, 0 - without algorithms, 4, 771.628000, 283
1808, 0 - without algorithms, 4, 10510.686000, 3867
1809, 0 - without algorithms, 4, 6281.930000, 2264
1810, 0 - without algorithms, 4, 1330.737000, 488
1811, 0 - without algorithms, 4, 629.341000, 226
1812, 0 - without algorithms, 4, 3931.509000, 1416
1813, 0 - without algorithms, 4, 72873.787000, 25986
1814, 0 - without algorithms, 4, 73592.555000, 27317
1815, 0 - without algorithms, 4, 116147.521000, 42388
1816, 0 - without algorithms, 4, 21058.141000, 7549
1817, 0 - without algorithms, 4, 19921.167000, 7230
1818, 0 - without algorithms, 4, 3172.454000, 1151
1819, 0 - without algorithms, 4, 11366.252000, 4140
1820, 0 - without algorithms, 4, 49201.759000, 18081
1821, 0 - without algorithms, 4, 1499.474000, 542
1822, 0 - without algorithms, 4, 394395.324000, 143787
1823, 0 - without algorithms, 4, 2146.348000, 776
1824, 0 - without algorithms, 4, 120384.623000, 43119
1825, 0 - without algorithms, 4, 22155.050000, 8007
1826, 0 - without algorithms, 4, 7033.029000, 2497
1827, 0 - without algorithms, 4, 4421.849000, 1588
1828, 0 - without algorithms, 4, 14628.404000, 5223
1829, 0 - without algorithms, 4, 160126.298000, 57898
1830, 0 - without algorithms, 4, 1705.521000, 609
1831, 0 - without algorithms, 4, 13592.620000, 4813
1832, 0 - without algorithms, 4, 563.819000, 197
1833, 0 - without algorithms, 4, 221.886000, 78
1834, 0 - without algorithms, 4, 44247.592000, 16012
1835, 0 - without algorithms, 4, 2737.638000, 990
1836, 0 - without algorithms, 4, 1923.099000, 698
1837, 0 - without algorithms, 4, 4107.298000, 1478
1838, 0 - without algorithms, 4, 7933.499000, 2869
1839, 0 - without algorithms, 4, 34104.425000, 12481
1840, 0 - without algorithms, 4, 56546.825000, 20222
1841, 0 - without algorithms, 4, 22970.450000, 8300
1842, 0 - without algorithms, 4, 2475.285000, 894
1843, 0 - without algorithms, 4, 35917.638000, 12928
1844, 0 - without algorithms, 4, 37381.646000, 13710
1845, 0 - without algorithms, 4, 50868.077000, 18237
1846, 0 - without algorithms, 4, 17899.122000, 6615
1847, 0 - without algorithms, 4, 587.743000, 218
1848, 0 - without algorithms, 4, 28096.681000, 10182
1849, 0 - without algorithms, 4, 2947.432000, 1057
1850, 0 - without algorithms, 4, 55930.518000, 20146
1851, 0 - without algorithms, 4, 45888.211000, 16662
1852, 0 - without algorithms, 4, 52185.981000, 19100
1853, 0 - without algorithms, 4, 4626.823000, 1680
1854, 0 - without algorithms, 4, 44888.875000, 16118
1855, 0 - without algorithms, 4, 3081.985000, 1108
1856, 0 - without algorithms, 4, 657.835000, 236
1857, 0 - without algorithms, 4, 1780.762000, 648
1858, 0 - without algorithms, 4, 38118.429000, 13993
1859, 0 - without algorithms, 4, 90705.121000, 33100
1860, 0 - without algorithms, 4, 1725.318000, 634
1861, 0 - without algorithms, 4, 1914.934000, 697
1862, 0 - without algorithms, 4, 6615.034000, 2405
1863, 0 - without algorithms, 4, 5484.713000, 2013
1864, 0 - without algorithms, 4, 31013.765000, 11270
1865, 0 - without algorithms, 4, 10537.116000, 3847
1866, 0 - without algorithms, 4, 23168.982000, 8235
1867, 0 - without algorithms, 4, 75284.802000, 27549
1868, 0 - without algorithms, 4, 983.697000, 356
1869, 0 - without algorithms, 4, 2572.518000, 949
1870, 0 - without algorithms, 4, 711.676000, 256
1871, 0 - without algorithms, 4, 6543.110000, 2364
1872, 0 - without algorithms, 4, 88887.050000, 31977
1873, 0 - without algorithms, 4, 3826.441000, 1371
1874, 0 - without algorithms, 4, 112741.518000, 41165
1875, 0 - without algorithms, 4, 4687.607000, 1703
1876, 0 - without algorithms, 4, 18202.512000, 6555
1877, 0 - without algorithms, 4, 42396.088000, 15353
1878, 0 - without algorithms, 4, 33992.967000, 12246
1879, 0 - without algorithms, 4, 19859.231000, 7245
1880, 0 - without algorithms, 4, 20838.128000, 7584
1881, 0 - without algorithms, 4, 12549.593000, 4517
1882, 0 - without algorithms, 4, 6616.628000, 2406
1883, 0 - without algorithms, 4, 183742.430000, 67459
1884, 0 - without algorithms, 4, 6332.625000, 2237
1885, 0 - without algorithms, 4, 62182.191000, 22615
1886, 0 - without algorithms, 4, 2087.497000, 748
1887, 0 - without algorithms, 4, 2935.459000, 1065
1888, 0 - without algorithms, 4, 18719.311000, 6693
1889, 0 - without algorithms, 4, 7779.901000, 2837
1890, 0 - without algorithms, 4, 19247.273000, 6911
1891, 0 - without algorithms, 4, 149774.861000, 53774
1892, 0 - without algorithms, 4, 20769.810000, 7631
1893, 0 - without algorithms, 4, 31132.448000, 11511
1894, 0 - without algorithms, 4, 88356.674000, 31985
1895, 0 - without algorithms, 4, 11838.588000, 4296
1896, 0 - without algorithms, 4, 1671.687000, 592
1897, 0 - without algorithms, 4, 15273.335000, 5646
1898, 0 - without algorithms, 4, 4549.088000, 1671
1899, 0 - without algorithms, 4, 79241.357000, 28894
1900, 0 - without algorithms, 4, 3642.176000, 1338
1901, 0 - without algorithms, 4, 4006.429000, 1495
1902, 0 - without algorithms, 4, 21131.840000, 7720
1903, 0 - without algorithms, 4, 9069.191000, 3316
1904, 0 - without algorithms, 4, 1342.039000, 497
1905, 0 - without algorithms, 4, 3096.502000, 1134
1906, 0 - without algorithms, 4, 178975.974000, 64889
1907, 0 - without algorithms, 4, 14208.215000, 5119
1908, 0 - without algorithms, 4, 3656.502000, 1328
1909, 0 - without algorithms, 4, 13084.206000, 4741
1910, 0 - without algorithms, 4, 26589.773000, 9748
1911, 0 - without algorithms, 4, 36589.750000, 13329
1912, 0 - without algorithms, 4, 2433.667000, 895
1913, 0 - without algorithms, 4, 14698.195000, 5276
1914, 0 - without algorithms, 4, 6809.420000, 2423
1915, 0 - without algorithms, 4, 5815.895000, 2101
1916, 0 - without algorithms, 4, 7969.006000, 2845
1917, 0 - without algorithms, 4, 2131.330000, 773
1918, 0 - without algorithms, 4, 37334.718000, 13653
1919, 0 - without algorithms, 4, 3376.387000, 1215
1920, 0 - without algorithms, 4, 147221.950000, 53642
1921, 0 - without algorithms, 4, 3666.792000, 1371
1922, 0 - without algorithms, 4, 12066.756000, 4336
1923, 0 - without algorithms, 4, 12981.313000, 4672
1924, 0 - without algorithms, 4, 1951.923000, 702
1925, 0 - without algorithms, 4, 21056.227000, 7714
1926, 0 - without algorithms, 4, 16105.126000, 5773
1927, 0 - without algorithms, 4, 36191.813000, 13152
1928, 0 - without algorithms, 4, 1853.338000, 684
1929, 0 - without algorithms, 4, 275.828000, 100
1930, 0 - without algorithms, 4, 4953.987000, 1807
1931, 0 - without algorithms, 4, 4014.304000, 1482
1932, 0 - without algorithms, 4, 2446.160000, 889
1933, 0 - without algorithms, 4, 57768.938000, 21125
1934, 0 - without algorithms, 4, 1895.718000, 682
1935, 0 - without algorithms, 4, 2188.717000, 784
1936, 0 - without algorithms, 4, 27732.367000, 10198
1937, 0 - without algorithms, 4, 9839.276000, 3557
1938, 0 - without algorithms, 4, 581.762000, 211
1939, 0 - without algorithms, 4, 11580.284000, 4195
1940, 0 - without algorithms, 4, 36628.673000, 13206
1941, 0 - without algorithms, 4, 26626.441000, 9761
1942, 0 - without algorithms, 4, 10899.135000, 4001
1943, 0 - without algorithms, 4, 3226.536000, 1167
1944, 0 - without algorithms, 4, 1720.929000, 624
1945, 0 - without algorithms, 4, 5441.232000, 1987
1946, 0 - without algorithms, 4, 22286.647000, 8191
1947, 0 - without algorithms, 4, 16568.675000, 5976
1948, 0 - without algorithms, 4, 6525.076000, 2293
1949, 0 - without algorithms, 4, 31987.462000, 11424
1950, 0 - without algorithms, 4, 38432.098000, 14195
1951, 0 - without algorithms, 4, 5625.438000, 2033
1952, 0 - without algorithms, 4, 2005.925000, 722
1953, 0 - without algorithms, 4, 12259.799000, 4467
1954, 0 - without algorithms, 4, 2927.444000, 1064
1955, 0 - without algorithms, 4, 1300.781000, 481
1956, 0 - without algorithms, 4, 31148.999000, 11240
1957, 0 - without algorithms, 4, 520.247000, 184
1958, 0 - without algorithms, 4, 870.714000, 322
1959, 0 - without algorithms, 4, 47293.689000, 17163
1960, 0 - without algorithms, 4, 52346.101000, 19229
1961, 0 - without algorithms, 4, 1405.979000, 492
1962, 0 - without algorithms, 4, 116353.888000, 42327
1963, 0 - without algorithms, 4, 12169.289000, 4477
1964, 0 - without algorithms, 4, 10935.764000, 3977
1965, 0 - without algorithms, 4, 9216.998000, 3336
1966, 0 - without algorithms, 4, 5499.842000, 1976
1967, 0 - without algorithms, 4, 12226.365000, 4427
1968, 0 - without algorithms, 4, 3268.614000, 1163
1969, 0 - without algorithms, 4, 706.516000, 264
1970, 0 - without algorithms, 4, 57182.567000, 20781
1971, 0 - without algorithms, 4, 38438.700000, 14083
1972, 0 - without algorithms, 4, 8651.918000, 3073
1973, 0 - without algorithms, 4, 3233.659000, 1168
1974, 0 - without algorithms, 4, 3092.474000, 1108
1975, 0 - without algorithms, 4, 8242.470000, 2999
1976, 0 - without algorithms, 4, 607.400000, 223
1977, 0 - without algorithms, 4, 25603.452000, 9258
1978, 0 - without algorithms, 4, 4495.377000, 1630
1979, 0 - without algorithms, 4, 3604.976000, 1337
1980, 0 - without algorithms, 4, 580.630000, 213
1981, 0 - without algorithms, 4, 52141.677000, 19080
1982, 0 - without algorithms, 4, 137878.785000, 49988
1983, 0 - without algorithms, 4, 58138.412000, 21271
1984, 0 - without algorithms, 4, 4062.535000, 1454
1985, 0 - without algorithms, 4, 26594.742000, 9725
1986, 0 - without algorithms, 4, 42783.544000, 15844
1987, 0 - without algorithms, 4, 4898.673000, 1765
1988, 0 - without algorithms, 4, 16312.555000, 5928
1989, 0 - without algorithms, 4, 41224.369000, 14845
1990, 0 - without algorithms, 4, 3455.114000, 1259
1991, 0 - without algorithms, 4, 2158.682000, 781
1992, 0 - without algorithms, 4, 2809.823000, 1031
1993, 0 - without algorithms, 4, 36827.346000, 13427
1994, 0 - without algorithms, 4, 79233.983000, 29191
1995, 0 - without algorithms, 4, 11034.058000, 3992
1996, 0 - without algorithms, 4, 13042.999000, 4657
1997, 0 - without algorithms, 4, 5769.728000, 2098
1998, 0 - without algorithms, 4, 4809.276000, 1733
1999, 0 - without algorithms, 4, 683.462000, 247
2000, 0 - without algorithms, 4, 2115.610000, 775
2001, 0 - without algorithms, 4, 168811.859000, 61585
2002, 0 - without algorithms, 4, 32106.717000, 11424
2003, 0 - without algorithms, 4, 409134.837000, 147392
2004, 0 - without algorithms, 4, 17702.143000, 6396
2005, 0 - without algorithms, 4, 12538.221000, 4608
2006, 0 - without algorithms, 4, 25534.742000, 9062
2007, 0 - without algorithms, 4, 23530.592000, 8568
2008, 0 - without algorithms, 4, 73923.506000, 26790
2009, 0 - without algorithms, 4, 2508.107000, 910
2010, 0 - without algorithms, 4, 7412.501000, 2701
2011, 0 - without algorithms, 4, 19728.716000, 7185
2012, 0 - without algorithms, 4, 7124.070000, 2582
2013, 0 - without algorithms, 4, 45756.574000, 16594
2014, 0 - without algorithms, 4, 8666.234000, 3168
2015, 0 - without algorithms, 4, 72026.025000, 26264
2016, 0 - without algorithms, 4, 5591.524000, 2080
2017, 0 - without algorithms, 4, 2042.704000, 747
2018, 0 - without algorithms, 4, 2009.081000, 739
2019, 0 - without algorithms, 4, 30898.499000, 11146
2020, 0 - without algorithms, 4, 6894.819000, 2443
2021, 0 - without algorithms, 4, 10858.870000, 3973
2022, 0 - without algorithms, 4, 4163.334000, 1519
2023, 0 - without algorithms, 4, 7259.344000, 2626
2024, 0 - without algorithms, 4, 9179.447000, 3355
2025, 0 - without algorithms, 4, 2582.006000, 941
2026, 0 - without algorithms, 4, 5049.446000, 1858
2027, 0 - without algorithms, 4, 255.600000, 94
2028, 0 - without algorithms, 4, 2247.248000, 822
2029, 0 - without algorithms, 4, 15852.993000, 5718
2030, 0 - without algorithms, 4, 2231.388000, 807
2031, 0 - without algorithms, 4, 6190.679000, 2217
2032, 0 - without algorithms, 4, 1552.944000, 554
2033, 0 - without algorithms, 4, 4345.977000, 1567
2034, 0 - without algorithms, 4, 18691.900000, 6909
2035, 0 - without algorithms, 4, 402086.008000, 145914
2036, 0 - without algorithms, 4, 12205.887000, 4482
2037, 0 - without algorithms, 4, 14947.142000, 5416
2038, 0 - without algorithms, 4, 7118.710000, 2593
2039, 0 - without algorithms, 4, 4271.357000, 1586
2040, 0 - without algorithms, 4, 3729.389000, 1342
2041, 0 - without algorithms, 4, 51847.164000, 18830
2042, 0 - without algorithms, 4, 16054.961000, 5775
2043, 0 - without algorithms, 4, 61916.453000, 22568
2044, 0 - without algorithms, 4, 17463.384000, 6371
2045, 0 - without algorithms, 4, 7438.831000, 2695
2046, 0 - without algorithms, 4, 6314.911000, 2306
2047, 0 - without algorithms, 4, 306375.572000, 112474
2048, 0 - without algorithms, 4, 154743.887000, 56423
2049, 0 - without algorithms, 4, 39230.476000, 14172
2050, 0 - without algorithms, 4, 38324.987000, 13998
2051, 0 - without algorithms, 4, 5372.032000, 1918
2052, 0 - without algorithms, 4, 797.827000, 285
2053, 0 - without algorithms, 4, 2181.875000, 787
2054, 0 - without algorithms, 4, 62101.990000, 22908
2055, 0 - without algorithms, 4, 3237.486000, 1172
2056, 0 - without algorithms, 4, 22568.025000, 8244
2057, 0 - without algorithms, 4, 2891.937000, 1050
2058, 0 - without algorithms, 4, 3814.740000, 1366
2059, 0 - without algorithms, 4, 12137.079000, 4397
2060, 0 - without algorithms, 4, 8423.198000, 3078
2061, 0 - without algorithms, 4, 211005.847000, 76652
2062, 0 - without algorithms, 4, 2426.254000, 892
2063, 0 - without algorithms, 4, 4300.982000, 1565
2064, 0 - without algorithms, 4, 2457.232000, 903
2065, 0 - without algorithms, 4, 58683.615000, 21500
2066, 0 - without algorithms, 4, 6293.461000, 2325
2067, 0 - without algorithms, 4, 83464.853000, 30365
2068, 0 - without algorithms, 4, 32479.686000, 11807
2069, 0 - without algorithms, 4, 4639.808000, 1726
2070, 0 - without algorithms, 4, 61841.912000, 22383
2071, 0 - without algorithms, 4, 42725.054000, 15472
2072, 0 - without algorithms, 4, 14101.064000, 5151
2073, 0 - without algorithms, 4, 248945.129000, 90543
2074, 0 - without algorithms, 4, 2843.987000, 1054
2075, 0 - without algorithms, 4, 8795.938000, 3191
2076, 0 - without algorithms, 4, 27672.354000, 10314
2077, 0 - without algorithms, 4, 12946.327000, 4750
2078, 0 - without algorithms, 4, 24664.359000, 8994
2079, 0 - without algorithms, 4, 4466.582000, 1608
2080, 0 - without algorithms, 4, 24060.476000, 8990
2081, 0 - without algorithms, 4, 5305.747000, 1965
2082, 0 - without algorithms, 4, 4188.240000, 1554
2083, 0 - without algorithms, 4, 4487.963000, 1630
2084, 0 - without algorithms, 4, 11285.440000, 4117
2085, 0 - without algorithms, 4, 3192.542000, 1178
2086, 0 - without algorithms, 4, 677.131000, 247
2087, 0 - without algorithms, 4, 17538.265000, 6369
2088, 0 - without algorithms, 4, 37682.070000, 13543
2089, 0 - without algorithms, 4, 47696.615000, 17104
2090, 0 - without algorithms, 4, 18633.189000, 6771
2091, 0 - without algorithms, 4, 24339.630000, 9010
2092, 0 - without algorithms, 4, 29690.432000, 10895
2093, 0 - without algorithms, 4, 596728.294000, 211674
2094, 0 - without algorithms, 4, 1089.013000, 393
2095, 0 - without algorithms, 4, 26178.912000, 9811
2096, 0 - without algorithms, 4, 2375.608000, 857
2097, 0 - without algorithms, 4, 17395.067000, 6354
2098, 0 - without algorithms, 4, 26141.091000, 9368
2099, 0 - without algorithms, 4, 6968.909000, 2509
2100, 0 - without algorithms, 4, 100222.173000, 36099
2101, 0 - without algorithms, 4, 7787.395000, 2853
2102, 0 - without algorithms, 4, 21114.788000, 7693
2103, 0 - without algorithms, 4, 9181.993000, 3344
2104, 0 - without algorithms, 4, 1237.122000, 450
2105, 0 - without algorithms, 4, 10559.207000, 3758
2106, 0 - without algorithms, 4, 3073.729000, 1099
2107, 0 - without algorithms, 4, 60913.139000, 21790
2108, 0 - without algorithms, 4, 41184.733000, 15084
2109, 0 - without algorithms, 4, 50300.422000, 18355
2110, 0 - without algorithms, 4, 30265.331000, 11214
2111, 0 - without algorithms, 4, 1852.737000, 666
2112, 0 - without algorithms, 4, 20720.026000, 7629
2113, 0 - without algorithms, 4, 11060.307000, 3998
2114, 0 - without algorithms, 4, 6832.122000, 2456
2115, 0 - without algorithms, 4, 12531.959000, 4555
2116, 0 - without algorithms, 4, 11152.421000, 3999
2117, 0 - without algorithms, 4, 3554.521000, 1297
2118, 0 - without algorithms, 4, 36838.236000, 13403
2119, 0 - without algorithms, 4, 7098.893000, 2523
2120, 0 - without algorithms, 4, 447.520000, 162
2121, 0 - without algorithms, 4, 17864.577000, 6508
2122, 0 - without algorithms, 4, 4849.641000, 1716
2123, 0 - without algorithms, 4, 18512.253000, 6598
2124, 0 - without algorithms, 4, 4776.244000, 1716
2125, 0 - without algorithms, 4, 68622.027000, 25048
2126, 0 - without algorithms, 4, 7153.967000, 2631
2127, 0 - without algorithms, 4, 26410.616000, 9597
2128, 0 - without algorithms, 4, 4357.969000, 1616
2129, 0 - without algorithms, 4, 16443.411000, 6005
2130, 0 - without algorithms, 4, 62268.663000, 22647
2131, 0 - without algorithms, 4, 16830.417000, 6219
2132, 0 - without algorithms, 4, 51770.490000, 18354
2133, 0 - without algorithms, 4, 6629.923000, 2419
2134, 0 - without algorithms, 4, 2597.655000, 949
2135, 0 - without algorithms, 4, 14468.454000, 5295
2136, 0 - without algorithms, 4, 6502.344000, 2353
2137, 0 - without algorithms, 4, 9498.697000, 3523
2138, 0 - without algorithms, 4, 7868.217000, 2859
2139, 0 - without algorithms, 4, 6289.484000, 2270
2140, 0 - without algorithms, 4, 2818.820000, 1019
2141, 0 - without algorithms, 4, 2295.538000, 839
2142, 0 - without algorithms, 4, 40026.400000, 14609
2143, 0 - without algorithms, 4, 5712.852000, 2099
2144, 0 - without algorithms, 4, 49957.629000, 17912
2145, 0 - without algorithms, 4, 16680.195000, 6047
2146, 0 - without algorithms, 4, 90812.693000, 32536
2147, 0 - without algorithms, 4, 17397.821000, 6311
2148, 0 - without algorithms, 4, 3998.034000, 1459
2149, 0 - without algorithms, 4, 6677.011000, 2398
2150, 0 - without algorithms, 4, 449978.811000, 162165
2151, 0 - without algorithms, 4, 30035.520000, 10893
2152, 0 - without algorithms, 4, 11153.703000, 4051
2153, 0 - without algorithms, 4, 1957.754000, 705
2154, 0 - without algorithms, 4, 66191.295000, 24350
2155, 0 - without algorithms, 4, 3686.579000, 1342
2156, 0 - without algorithms, 4, 5533.255000, 1978
2157, 0 - without algorithms, 4, 2504.601000, 900
2158, 0 - without algorithms, 4, 1566.139000, 574
2159, 0 - without algorithms, 4, 1348.020000, 486
2160, 0 - without algorithms, 4, 5143.383000, 1869
2161, 0 - without algorithms, 4, 3529.754000, 1275
2162, 0 - without algorithms, 4, 11018.619000, 3961
2163, 0 - without algorithms, 4, 9159.540000, 3285
2164, 0 - without algorithms, 4, 5792.622000, 2141
2165, 0 - without algorithms, 4, 66591.386000, 24283
2166, 0 - without algorithms, 4, 85194.218000, 30918
2167, 0 - without algorithms, 4, 5621.801000, 2029
2168, 0 - without algorithms, 4, 33704.395000, 11974
2169, 0 - without algorithms, 4, 4259.544000, 1514
2170, 0 - without algorithms, 4, 11445.751000, 4156
2171, 0 - without algorithms, 4, 7754.524000, 2858
2172, 0 - without algorithms, 4, 419.507000, 153
2173, 0 - without algorithms, 4, 12152.517000, 4411
2174, 0 - without algorithms, 4, 8034.639000, 2911
2175, 0 - without algorithms, 4, 21101.352000, 7633
2176, 0 - without algorithms, 4, 6613.101000, 2374
2177, 0 - without algorithms, 4, 2967.670000, 1076
2178, 0 - without algorithms, 4, 18778.262000, 6682
2179, 0 - without algorithms, 4, 8031.243000, 2959
2180, 0 - without algorithms, 4, 19122.508000, 7001
2181, 0 - without algorithms, 4, 24441.651000, 8840
2182, 0 - without algorithms, 4, 52966.636000, 19327
2183, 0 - without algorithms, 4, 6758.605000, 2487
2184, 0 - without algorithms, 4, 15084.129000, 5449
2185, 0 - without algorithms, 4, 21442.682000, 7856
2186, 0 - without algorithms, 4, 3850.416000, 1395
2187, 0 - without algorithms, 4, 4994.083000, 1807
2188, 0 - without algorithms, 4, 8857.353000, 3208
2189, 0 - without algorithms, 4, 2143.653000, 784
2190, 0 - without algorithms, 4, 10037.448000, 3584
2191, 0 - without algorithms, 4, 6261.642000, 2256
2192, 0 - without algorithms, 4, 15869.724000, 5591
2193, 0 - without algorithms, 4, 5018.569000, 1830
2194, 0 - without algorithms, 4, 4608.740000, 1665
2195, 0 - without algorithms, 4, 12545.244000, 4473
2196, 0 - without algorithms, 4, 38341.417000, 14067
2197, 0 - without algorithms, 4, 4910.956000, 1752
2198, 0 - without algorithms, 4, 1755.906000, 636
2199, 0 - without algorithms, 4, 54937.474000, 19963
2200, 0 - without algorithms, 4, 4005.457000, 1467
2201, 0 - without algorithms, 4, 6820.811000, 2480
2202, 0 - without algorithms, 4, 12783.963000, 4644
2203, 0 - without algorithms, 4, 30793.221000, 11280
2204, 0 - without algorithms, 4, 16115.505000, 5824
2205, 0 - without algorithms, 4, 135254.911000, 48653
2206, 0 - without algorithms, 4, 11702.002000, 4230
2207, 0 - without algorithms, 4, 25629.871000, 9215
2208, 0 - without algorithms, 4, 89133.101000, 32987
2209, 0 - without algorithms, 4, 393.989000, 134
2210, 0 - without algorithms, 4, 10636.773000, 3933
2211, 0 - without algorithms, 4, 7076.451000, 2526
2212, 0 - without algorithms, 4, 22478.777000, 8294
2213, 0 - without algorithms, 4, 2670.662000, 944
2214, 0 - without algorithms, 4, 35858.497000, 13074
2215, 0 - without algorithms, 4, 171992.287000, 63244
2216, 0 - without algorithms, 4, 67814.632000, 24595
2217, 0 - without algorithms, 4, 9850.697000, 3607
2218, 0 - without algorithms, 4, 862.358000, 314
2219, 0 - without algorithms, 4, 8140.297000, 2920
2220, 0 - without algorithms, 4, 12278.363000, 4435
2221, 0 - without algorithms, 4, 25523.592000, 9174
2222, 0 - without algorithms, 4, 7775.492000, 2768
2223, 0 - without algorithms, 4, 31897.534000, 11634
2224, 0 - without algorithms, 4, 1567.652000, 563
2225, 0 - without algorithms, 4, 1396.461000, 514
2226, 0 - without algorithms, 4, 6010.260000, 2205
2227, 0 - without algorithms, 4, 90016.790000, 32302
2228, 0 - without algorithms, 4, 13573.625000, 4840
2229, 0 - without algorithms, 4, 1261.577000, 456
2230, 0 - without algorithms, 4, 32123.127000, 11617
2231, 0 - without algorithms, 4, 5737.708000, 2053
2232, 0 - without algorithms, 4, 45017.657000, 16183
2233, 0 - without algorithms, 4, 17192.477000, 6187
2234, 0 - without algorithms, 4, 966.684000, 345
2235, 0 - without algorithms, 4, 4696.253000, 1672
2236, 0 - without algorithms, 4, 8207.965000, 3008
2237, 0 - without algorithms, 4, 80861.487000, 29072
2238, 0 - without algorithms, 4, 5338.028000, 1960
2239, 0 - without algorithms, 4, 3593.664000, 1343
2240, 0 - without algorithms, 4, 12047.310000, 4373
2241, 0 - without algorithms, 4, 451443.309000, 165071
2242, 0 - without algorithms, 4, 2123.475000, 760
2243, 0 - without algorithms, 4, 19331.841000, 7011
2244, 0 - without algorithms, 4, 22013.864000, 7837
2245, 0 - without algorithms, 4, 5249.152000, 1874
2246, 0 - without algorithms, 4, 4656.689000, 1669
2247, 0 - without algorithms, 4, 220151.872000, 80033
2248, 0 - without algorithms, 4, 1187.048000, 433
2249, 0 - without algorithms, 4, 14154.825000, 5144
2250, 0 - without algorithms, 4, 5713.433000, 2087
2251, 0 - without algorithms, 4, 303615.382000, 108817
2252, 0 - without algorithms, 4, 3237.115000, 1156
2253, 0 - without algorithms, 4, 30511.222000, 10973
2254, 0 - without algorithms, 4, 2525.440000, 894
2255, 0 - without algorithms, 4, 13673.171000, 5009
2256, 0 - without algorithms, 4, 4494.335000, 1612
2257, 0 - without algorithms, 4, 35482.742000, 12888
2258, 0 - without algorithms, 4, 38329.305000, 14004
2259, 0 - without algorithms, 4, 48315.316000, 17749
2260, 0 - without algorithms, 4, 1646.520000, 586
2261, 0 - without algorithms, 4, 163134.083000, 59067
2262, 0 - without algorithms, 4, 1772.095000, 643
2263, 0 - without algorithms, 4, 14412.739000, 5225
2264, 0 - without algorithms, 4, 6831.541000, 2480
2265, 0 - without algorithms, 4, 11409.703000, 4185
2266, 0 - without algorithms, 4, 3480.021000, 1285
2267, 0 - without algorithms, 4, 28102.712000, 10012
2268, 0 - without algorithms, 4, 26708.927000, 9607
2269, 0 - without algorithms, 4, 865.945000, 313
2270, 0 - without algorithms, 4, 2824.591000, 1035
2271, 0 - without algorithms, 4, 176.601000, 63
2272, 0 - without algorithms, 4, 36511.223000, 13081
2273, 0 - without algorithms, 4, 5020.673000, 1800
2274, 0 - without algorithms, 4, 12630.995000, 4608
2275, 0 - without algorithms, 4, 4908.091000, 1773
2276, 0 - without algorithms, 4, 4092.992000, 1441
2277, 0 - without algorithms, 4, 8787.452000, 3166
2278, 0 - without algorithms, 4, 11260.824000, 4015
2279, 0 - without algorithms, 4, 330.981000, 120
2280, 0 - without algorithms, 4, 16474.840000, 5904
2281, 0 - without algorithms, 4, 10308.096000, 3691
2282, 0 - without algorithms, 4, 58947.340000, 21371
2283, 0 - without algorithms, 4, 187300.487000, 68618
2284, 0 - without algorithms, 4, 2472.530000, 907
2285, 0 - without algorithms, 4, 4745.136000, 1722
2286, 0 - without algorithms, 4, 2162.659000, 787
2287, 0 - without algorithms, 4, 3753.043000, 1348
2288, 0 - without algorithms, 4, 6603.513000, 2450
2289, 0 - without algorithms, 4, 60824.252000, 22228
2290, 0 - without algorithms, 4, 6748.134000, 2448
2291, 0 - without algorithms, 4, 4402.402000, 1629
2292, 0 - without algorithms, 4, 2369.687000, 860
2293, 0 - without algorithms, 4, 11336.846000, 4086
2294, 0 - without algorithms, 4, 3566.693000, 1297
2295, 0 - without algorithms, 4, 5273.006000, 1947
2296, 0 - without algorithms, 4, 4698.498000, 1721
2297, 0 - without algorithms, 4, 50170.217000, 17892
2298, 0 - without algorithms, 4, 2489.672000, 904
2299, 0 - without algorithms, 4, 2537.122000, 908
2300, 0 - without algorithms, 4, 38409.235000, 14083
2301, 0 - without algorithms, 4, 63107.127000, 23080
2302, 0 - without algorithms, 4, 23827.848000, 8589
2303, 0 - without algorithms, 4, 23964.175000, 8663
2304, 0 - without algorithms, 4, 3183.114000, 1124
2305, 0 - without algorithms, 4, 1020.195000, 373
2306, 0 - without algorithms, 4, 7613.589000, 2770
2307, 0 - without algorithms, 4, 966.584000, 345
2308, 0 - without algorithms, 4, 2361.923000, 860
2309, 0 - without algorithms, 4, 41359.412000, 14989
2310, 0 - without algorithms, 4, 16095.337000, 5940
2311, 0 - without algorithms, 4, 14521.353000, 5306
2312, 0 - without algorithms, 4, 12814.890000, 4698
2313, 0 - without algorithms, 4, 5997.236000, 2187
2314, 0 - without algorithms, 4, 18525.918000, 6695
2315, 0 - without algorithms, 4, 504.187000, 184
2316, 0 - without algorithms, 4, 15017.895000, 5435
2317, 0 - without algorithms, 4, 38177.550000, 13605
2318, 0 - without algorithms, 4, 3063.179000, 1114
2319, 0 - without algorithms, 4, 13650.910000, 5031
2320, 0 - without algorithms, 4, 7895.538000, 2812
2321, 0 - without algorithms, 4, 4020.065000, 1478
2322, 0 - without algorithms, 4, 31114.985000, 11358
2323, 0 - without algorithms, 4, 3319.860000, 1223
2324, 0 - without algorithms, 4, 902.644000, 324
2325, 0 - without algorithms, 4, 3262.333000, 1184
2326, 0 - without algorithms, 4, 9190.318000, 3285
2327, 0 - without algorithms, 4, 1450.332000, 524
2328, 0 - without algorithms, 4, 37668.645000, 13582
2329, 0 - without algorithms, 4, 34060.954000, 12474
2330, 0 - without algorithms, 4, 13845.174000, 5015
2331, 0 - without algorithms, 4, 11881.959000, 4352
2332, 0 - without algorithms, 4, 5349.419000, 1907
2333, 0 - without algorithms, 4, 9079.951000, 3347
2334, 0 - without algorithms, 4, 20223.905000, 7316
2335, 0 - without algorithms, 4, 776.808000, 282
2336, 0 - without algorithms, 4, 42612.684000, 15691
2337, 0 - without algorithms, 4, 2596.833000, 940
2338, 0 - without algorithms, 4, 14497.749000, 5249
2339, 0 - without algorithms, 4, 4129.970000, 1532
2340, 0 - without algorithms, 4, 14561.949000, 5239
2341, 0 - without algorithms, 4, 123565.352000, 45468
2342, 0 - without algorithms, 4, 7095.226000, 2557
2343, 0 - without algorithms, 4, 3649.529000, 1311
2344, 0 - without algorithms, 4, 2040.770000, 747
2345, 0 - without algorithms, 4, 658.946000, 239
2346, 0 - without algorithms, 4, 87004.316000, 30736
2347, 0 - without algorithms, 4, 26435.182000, 9831
2348, 0 - without algorithms, 4, 1874.808000, 669
2349, 0 - without algorithms, 4, 34804.269000, 12531
2350, 0 - without algorithms, 4, 4561.612000, 1596
2351, 0 - without algorithms, 4, 6327.525000, 2281
2352, 0 - without algorithms, 4, 1196.224000, 443
2353, 0 - without algorithms, 4, 15158.048000, 5448
2354, 0 - without algorithms, 4, 1461.563000, 524
2355, 0 - without algorithms, 4, 3790.494000, 1376
2356, 0 - without algorithms, 4, 5701.180000, 2042
2357, 0 - without algorithms, 4, 193594.150000, 71582
2358, 0 - without algorithms, 4, 5209.347000, 1874
2359, 0 - without algorithms, 4, 30347.235000, 10993
2360, 0 - without algorithms, 4, 5868.033000, 2149
2361, 0 - without algorithms, 4, 8005.835000, 2943
2362, 0 - without algorithms, 4, 3279.334000, 1198
2363, 0 - without algorithms, 4, 20680.783000, 7499
2364, 0 - without algorithms, 4, 1771.204000, 658
2365, 0 - without algorithms, 4, 6089.819000, 2202
2366, 0 - without algorithms, 4, 9430.479000, 3436
2367, 0 - without algorithms, 4, 1744.364000, 632
2368, 0 - without algorithms, 4, 31025.237000, 11160
2369, 0 - without algorithms, 4, 1852.407000, 686
2370, 0 - without algorithms, 4, 7479.317000, 2683
2371, 0 - without algorithms, 4, 5069.965000, 1872
2372, 0 - without algorithms, 4, 2981.245000, 1086
2373, 0 - without algorithms, 4, 27064.714000, 9885
2374, 0 - without algorithms, 4, 7550.922000, 2758
2375, 0 - without algorithms, 4, 12761.470000, 4654
2376, 0 - without algorithms, 4, 1317.462000, 479
2377, 0 - without algorithms, 4, 7257.701000, 2629
2378, 0 - without algorithms, 4, 6607.881000, 2416
2379, 0 - without algorithms, 4, 6781.217000, 2491
2380, 0 - without algorithms, 4, 2035.620000, 737
2381, 0 - without algorithms, 4, 15699.524000, 5646
2382, 0 - without algorithms, 4, 80928.303000, 28658
2383, 0 - without algorithms, 4, 2640.044000, 959
2384, 0 - without algorithms, 4, 1005.337000, 367
2385, 0 - without algorithms, 4, 11555.367000, 4222
2386, 0 - without algorithms, 4, 19046.747000, 6945
2387, 0 - without algorithms, 4, 6751.571000, 2478
2388, 0 - without algorithms, 4, 26925.813000, 9220
2389, 0 - without algorithms, 4, 41488.364000, 14101
2390, 0 - without algorithms, 4, 1117.006000, 384
2391, 0 - without algorithms, 4, 12146.987000, 4252
2392, 0 - without algorithms, 4, 18434.668000, 6454
2393, 0 - without algorithms, 4, 5611.001000, 1993
2394, 0 - without algorithms, 4, 29224.187000, 10376
2395, 0 - without algorithms, 4, 38627.114000, 13967
2396, 0 - without algorithms, 4, 26065.669000, 9449
2397, 0 - without algorithms, 4, 316.915000, 112
2398, 0 - without algorithms, 4, 3745.269000, 1381
2399, 0 - without algorithms, 4, 1031.406000, 371
2400, 0 - without algorithms, 218, 8150.957000, 2826
2401, 0 - without algorithms, 5, 108609.544000, 38868
2402, 0 - without algorithms, 5, 49757.653000, 17830
2403, 0 - without algorithms, 5, 1444.992000, 521
2404, 0 - without algorithms, 5, 54625.048000, 19739
2405, 0 - without algorithms, 5, 388665.370000, 138194
2406, 0 - without algorithms, 5, 11576.607000, 4169
2407, 0 - without algorithms, 5, 791.175000, 287
2408, 0 - without algorithms, 5, 19613.129000, 7162
2409, 0 - without algorithms, 5, 5816.937000, 2106
2410, 0 - without algorithms, 5, 71981.613000, 25903
2411, 0 - without algorithms, 5, 9830.259000, 3574
2412, 0 - without algorithms, 5, 17141.771000, 6185
2413, 0 - without algorithms, 5, 45050.910000, 16012
2414, 0 - without algorithms, 5, 57954.637000, 21311
2415, 0 - without algorithms, 5, 15187.182000, 5447
2416, 0 - without algorithms, 5, 193958.032000, 69571
2417, 0 - without algorithms, 5, 5073.732000, 1839
2418, 0 - without algorithms, 5, 148447.320000, 52980
2419, 0 - without algorithms, 5, 5671.044000, 2072
2420, 0 - without algorithms, 5, 41824.595000, 14765
2421, 0 - without algorithms, 5, 7285.282000, 2609
2422, 0 - without algorithms, 5, 23485.978000, 8412
2423, 0 - without algorithms, 5, 10853.439000, 3862
2424, 0 - without algorithms, 5, 63492.791000, 23217
2425, 0 - without algorithms, 5, 520246.657000, 189311
2426, 0 - without algorithms, 5, 24895.894000, 8912
2427, 0 - without algorithms, 5, 7738.634000, 2746
2428, 0 - without algorithms, 5, 11405.205000, 4021
2429, 0 - without algorithms, 5, 13973.405000, 4976
2430, 0 - without algorithms, 5, 555.192000, 198
2431, 0 - without algorithms, 5, 20006.578000, 7137
2432, 0 - without algorithms, 5, 74150.393000, 26675
2433, 0 - without algorithms, 5, 30858.674000, 10945
2434, 0 - without algorithms, 5, 12256.873000, 4412
2435, 0 - without algorithms, 5, 37960.903000, 13636
2436, 0 - without algorithms, 5, 243924.116000, 87609
2437, 0 - without algorithms, 5, 38568.434000, 13971
2438, 0 - without algorithms, 5, 101923.635000, 34658
2439, 0 - without algorithms, 5, 38543.387000, 11701
2440, 0 - without algorithms, 5, 5418.850000, 1801
2441, 0 - without algorithms, 5, 18935.056000, 6465
2442, 0 - without algorithms, 5, 76344.300000, 26735
2443, 0 - without algorithms, 5, 15435.669000, 5373
2444, 0 - without algorithms, 5, 81412.140000, 28157
2445, 0 - without algorithms, 5, 164880.310000, 58851
2446, 0 - without algorithms, 5, 13427.941000, 4818
2447, 0 - without algorithms, 5, 87889.347000, 30996
2448, 0 - without algorithms, 5, 46634.632000, 16712
2449, 0 - without algorithms, 5, 4377.756000, 1601
2450, 0 - without algorithms, 5, 13029.153000, 4830
2451, 0 - without algorithms, 5, 59735.579000, 21377
2452, 0 - without algorithms, 5, 2907.346000, 1010
2453, 0 - without algorithms, 5, 82263.920000, 29486
2454, 0 - without algorithms, 5, 521.539000, 188
2455, 0 - without algorithms, 5, 2317.509000, 816
2456, 0 - without algorithms, 5, 63776.903000, 22929
2457, 0 - without algorithms, 5, 72960.840000, 26091
2458, 0 - without algorithms, 5, 370915.067000, 128259
2459, 0 - without algorithms, 5, 344841.353000, 124691
2460, 0 - without algorithms, 5, 33751.103000, 11899
2461, 0 - without algorithms, 5, 7516.617000, 2665
2462, 0 - without algorithms, 5, 82019.912000, 29548
2463, 0 - without algorithms, 5, 20705.659000, 7360
2464, 0 - without algorithms, 5, 5099.671000, 1837
2465, 0 - without algorithms, 5, 88382.041000, 31894
2466, 0 - without algorithms, 5, 13834.764000, 4969
2467, 0 - without algorithms, 5, 139802.525000, 50565
2468, 0 - without algorithms, 5, 2899.251000, 1064
2469, 0 - without algorithms, 5, 1272.969000, 462
2470, 0 - without algorithms, 5, 81523.941000, 29744
2471, 0 - without algorithms, 5, 228297.018000, 81550
2472, 0 - without algorithms, 5, 18053.813000, 6624
2473, 0 - without algorithms, 5, 13991.880000, 4977
2474, 0 - without algorithms, 5, 151679.145000, 54977
2475, 0 - without algorithms, 5, 5290.609000, 1825
2476, 0 - without algorithms, 5, 29395.829000, 9881
2477, 0 - without algorithms, 5, 33148.733000, 11475
2478, 0 - without algorithms, 5, 8688.406000, 3141
2479, 0 - without algorithms, 5, 3724.129000, 1350
2480, 0 - without algorithms, 5, 2387.942000, 857
2481, 0 - without algorithms, 5, 16556.703000, 5828
2482, 0 - without algorithms, 5, 60101.556000, 21575
2483, 0 - without algorithms, 5, 7663.653000, 2792
2484, 0 - without algorithms, 5, 1393.756000, 512
2485, 0 - without algorithms, 5, 307295.018000, 111386
2486, 0 - without algorithms, 5, 5265.091000, 1897
2487, 0 - without algorithms, 5, 30506.523000, 11088
2488, 0 - without algorithms, 5, 13802.984000, 4953
2489, 0 - without algorithms, 5, 88774.648000, 31805
2490, 0 - without algorithms, 5, 1742.961000, 616
2491, 0 - without algorithms, 5, 19143.197000, 6912
2492, 0 - without algorithms, 5, 6151.264000, 2164
2493, 0 - without algorithms, 5, 17471.480000, 6268
2494, 0 - without algorithms, 5, 9302.368000, 3271
2495, 0 - without algorithms, 5, 40728.368000, 14860
2496, 0 - without algorithms, 5, 24072.939000, 8875
2497, 0 - without algorithms, 5, 68164.278000, 23536
2498, 0 - without algorithms, 5, 83392.307000, 30312
2499, 0 - without algorithms, 5, 337175.246000, 120043
2500, 0 - without algorithms, 5, 82377.202000, 29014
2501, 0 - without algorithms, 5, 15065.534000, 5415
2502, 0 - without algorithms, 5, 50586.659000, 17864
2503, 0 - without algorithms, 5, 1981.008000, 696
2504, 0 - without algorithms, 5, 193417.498000, 69656
2505, 0 - without algorithms, 5, 157436.570000, 55635
2506, 0 - without algorithms, 5, 34498.886000, 12260
2507, 0 - without algorithms, 5, 26566.349000, 9530
2508, 0 - without algorithms, 5, 46679.937000, 16752
2509, 0 - without algorithms, 5, 25397.916000, 9138
2510, 0 - without algorithms, 5, 31429.966000, 11294
2511, 0 - without algorithms, 5, 20562.431000, 7404
2512, 0 - without algorithms, 5, 7137.626000, 2546
2513, 0 - without algorithms, 5, 1423.993000, 518
2514, 0 - without algorithms, 5, 50951.704000, 18588
2515, 0 - without algorithms, 5, 97903.662000, 34613
2516, 0 - without algorithms, 5, 47290.152000, 16151
2517, 0 - without algorithms, 5, 100915.093000, 36979
2518, 0 - without algorithms, 5, 10419.284000, 3732
2519, 0 - without algorithms, 5, 21263.547000, 7559
2520, 0 - without algorithms, 5, 10238.154000, 3664
2521, 0 - without algorithms, 5, 14322.439000, 5195
2522, 0 - without algorithms, 5, 3869.302000, 1393
2523, 0 - without algorithms, 5, 20621.081000, 7567
2524, 0 - without algorithms, 5, 22503.754000, 8006
2525, 0 - without algorithms, 5, 3765.066000, 1355
2526, 0 - without algorithms, 5, 33264.750000, 12124
2527, 0 - without algorithms, 5, 4653.293000, 1662
2528, 0 - without algorithms, 5, 17640.607000, 6425
2529, 0 - without algorithms, 5, 22364.613000, 8061
2530, 0 - without algorithms, 5, 66291.172000, 23741
2531, 0 - without algorithms, 5, 16368.519000, 5828
2532, 0 - without algorithms, 5, 1345.806000, 476
2533, 0 - without algorithms, 5, 60366.884000, 22199
2534, 0 - without algorithms, 5, 44163.354000, 15946
2535, 0 - without algorithms, 5, 639343.462000, 228072
2536, 0 - without algorithms, 5, 5336.856000, 1928
2537, 0 - without algorithms, 5, 3010.430000, 1086
2538, 0 - without algorithms, 5, 4004.175000, 1464
2539, 0 - without algorithms, 5, 299.021000, 109
2540, 0 - without algorithms, 5, 6816.452000, 2490
2541, 0 - without algorithms, 5, 6675.709000, 2381
2542, 0 - without algorithms, 5, 10142.495000, 3656
2543, 0 - without algorithms, 5, 65744.346000, 23982
2544, 0 - without algorithms, 5, 14360.572000, 5143
2545, 0 - without algorithms, 5, 10944.831000, 3970
2546, 0 - without algorithms, 5, 841.469000, 303
2547, 0 - without algorithms, 5, 39606.973000, 14000
2548, 0 - without algorithms, 5, 21786.078000, 7561
2549, 0 - without algorithms, 5, 2534.466000, 890
2550, 0 - without algorithms, 5, 7569.737000, 2655
2551, 0 - without algorithms, 5, 11289.147000, 3960
2552, 0 - without algorithms, 5, 134044.439000, 47892
2553, 0 - without algorithms, 5, 16255.909000, 5784
2554, 0 - without algorithms, 5, 110581.004000, 40415
2555, 0 - without algorithms, 5, 9764.736000, 3559
2556, 0 - without algorithms, 5, 11976.407000, 4302
2557, 0 - without algorithms, 5, 28939.322000, 10363
2558, 0 - without algorithms, 5, 71271.299000, 25477
2559, 0 - without algorithms, 5, 31754.365000, 11474
2560, 0 - without algorithms, 5, 2255.463000, 809
2561, 0 - without algorithms, 5, 19500.177000, 6970
2562, 0 - without algorithms, 5, 11349.901000, 4028
2563, 0 - without algorithms, 5, 59897.543000, 21489
2564, 0 - without algorithms, 5, 18367.582000, 6540
2565, 0 - without algorithms, 5, 19700.964000, 7107
2566, 0 - without algorithms, 5, 3312.347000, 1177
2567, 0 - without algorithms, 5, 2568.942000, 933
2568, 0 - without algorithms, 5, 28317.084000, 10235
2569, 0 - without algorithms, 5, 30020.802000, 10615
2570, 0 - without algorithms, 5, 53631.654000, 19327
2571, 0 - without algorithms, 5, 97058.496000, 34235
2572, 0 - without algorithms, 5, 7216.474000, 2563
2573, 0 - without algorithms, 5, 3265.328000, 1144
2574, 0 - without algorithms, 5, 5209.927000, 1855
2575, 0 - without algorithms, 5, 1531.564000, 550
2576, 0 - without algorithms, 5, 2522.825000, 919
2577, 0 - without algorithms, 5, 10524.402000, 3711
2578, 0 - without algorithms, 5, 8636.588000, 3116
2579, 0 - without algorithms, 5, 30775.137000, 11040
2580, 0 - without algorithms, 5, 20793.354000, 7633
2581, 0 - without algorithms, 5, 6347.222000, 2278
2582, 0 - without algorithms, 5, 109529.590000, 39015
2583, 0 - without algorithms, 5, 8076.878000, 2946
2584, 0 - without algorithms, 5, 69806.520000, 24980
2585, 0 - without algorithms, 5, 5690.860000, 2049
2586, 0 - without algorithms, 5, 9973.388000, 3604
2587, 0 - without algorithms, 5, 10047.867000, 3645
2588, 0 - without algorithms, 5, 45953.414000, 17013
2589, 0 - without algorithms, 5, 29319.485000, 10754
2590, 0 - without algorithms, 5, 9397.988000, 3367
2591, 0 - without algorithms, 5, 274438.975000, 97457
2592, 0 - without algorithms, 5, 172565.613000, 62097
2593, 0 - without algorithms, 5, 5061.399000, 1838
2594, 0 - without algorithms, 5, 5742.347000, 2079
2595, 0 - without algorithms, 5, 4370.813000, 1627
2596, 0 - without algorithms, 5, 55021.152000, 20109
2597, 0 - without algorithms, 5, 28797.866000, 10521
2598, 0 - without algorithms, 5, 20265.563000, 7389
2599, 0 - without algorithms, 5, 3416.081000, 1217
2600, 0 - without algorithms, 5, 20579.533000, 7440
2601, 0 - without algorithms, 5, 14131.722000, 5045
2602, 0 - without algorithms, 5, 1603.479000, 569
2603, 0 - without algorithms, 5, 24004.762000, 8542
2604, 0 - without algorithms, 5, 109981.368000, 39313
2605, 0 - without algorithms, 5, 3857.560000, 1365
2606, 0 - without algorithms, 5, 10616.325000, 3875
2607, 0 - without algorithms, 5, 31179.236000, 10639
2608, 0 - without algorithms, 5, 12090.591000, 4136
2609, 0 - without algorithms, 5, 5906.445000, 2028
2610, 0 - without algorithms, 5, 117404.190000, 43492
2611, 0 - without algorithms, 5, 49012.414000, 18047
2612, 0 - without algorithms, 5, 27682.323000, 10043
2613, 0 - without algorithms, 5, 13653.965000, 4962
2614, 0 - without algorithms, 5, 4511.026000, 1628
2615, 0 - without algorithms, 5, 131250.966000, 47402
2616, 0 - without algorithms, 5, 69665.315000, 25106
2617, 0 - without algorithms, 5, 526762.375000, 191840
2618, 0 - without algorithms, 5, 21190.781000, 7529
2619, 0 - without algorithms, 5, 69933.638000, 25202
2620, 0 - without algorithms, 5, 33457.111000, 12151
2621, 0 - without algorithms, 5, 17654.904000, 6231
2622, 0 - without algorithms, 5, 41633.946000, 15066
2623, 0 - without algorithms, 5, 89919.287000, 32847
2624, 0 - without algorithms, 5, 3203.603000, 1166
2625, 0 - without algorithms, 5, 81683.810000, 29748
2626, 0 - without algorithms, 5, 17857.083000, 6480
2627, 0 - without algorithms, 5, 64595.761000, 23514
2628, 0 - without algorithms, 5, 22493.465000, 8097
2629, 0 - without algorithms, 5, 9102.724000, 3276
2630, 0 - without algorithms, 5, 6220.054000, 2256
2631, 0 - without algorithms, 5, 12426.561000, 4426
2632, 0 - without algorithms, 5, 127109.193000, 46550
2633, 0 - without algorithms, 5, 37145.433000, 13405
2634, 0 - without algorithms, 5, 29676.004000, 10600
2635, 0 - without algorithms, 5, 11780.640000, 4206
2636, 0 - without algorithms, 5, 24406.976000, 8767
2637, 0 - without algorithms, 5, 3660.099000, 1313
2638, 0 - without algorithms, 5, 269688.861000, 97311
2639, 0 - without algorithms, 5, 6732.746000, 2430
2640, 0 - without algorithms, 5, 8309.946000, 3035
2641, 0 - without algorithms, 5, 3364.054000, 1218
2642, 0 - without algorithms, 5, 220939.450000, 79812
2643, 0 - without algorithms, 5, 69532.075000, 25382
2644, 0 - without algorithms, 5, 23123.067000, 8360
2645, 0 - without algorithms, 5, 20563.603000, 7371
2646, 0 - without algorithms, 5, 2542.912000, 922
2647, 0 - without algorithms, 5, 55515.359000, 20101
2648, 0 - without algorithms, 5, 1083.283000, 381
2649, 0 - without algorithms, 5, 7260.316000, 2632
2650, 0 - without algorithms, 5, 80158.268000, 29153
2651, 0 - without algorithms, 5, 2917.666000, 1043
2652, 0 - without algorithms, 5, 325599.001000, 115798
2653, 0 - without algorithms, 5, 48429.952000, 17420
2654, 0 - without algorithms, 5, 152357.448000, 54522
2655, 0 - without algorithms, 5, 177461.482000, 64751
2656, 0 - without algorithms, 5, 6758.353000, 2395
2657, 0 - without algorithms, 5, 5241.016000, 1903
2658, 0 - without algorithms, 5, 16182.100000, 5857
2659, 0 - without algorithms, 5, 24448.133000, 8691
2660, 0 - without algorithms, 5, 6891.695000, 2419
2661, 0 - without algorithms, 5, 55428.696000, 20093
2662, 0 - without algorithms, 5, 310434.791000, 112423
2663, 0 - without algorithms, 5, 5120.420000, 1866
2664, 0 - without algorithms, 5, 3296.827000, 1194
2665, 0 - without algorithms, 5, 3306.135000, 1199
2666, 0 - without algorithms, 5, 3683.853000, 1322
2667, 0 - without algorithms, 5, 16811.261000, 5962
2668, 0 - without algorithms, 5, 7579.805000, 2743
2669, 0 - without algorithms, 5, 3116.679000, 1120
2670, 0 - without algorithms, 5, 1848.900000, 668
2671, 0 - without algorithms, 5, 28630.663000, 10380
2672, 0 - without algorithms, 5, 13400.179000, 4789
2673, 0 - without algorithms, 5, 16198.450000, 5883
2674, 0 - without algorithms, 5, 49825.740000, 18244
2675, 0 - without algorithms, 5, 5584.721000, 2016
2676, 0 - without algorithms, 5, 76214.566000, 27475
2677, 0 - without algorithms, 5, 1306.803000, 468
2678, 0 - without algorithms, 5, 894.198000, 320
2679, 0 - without algorithms, 5, 185886.394000, 66899
2680, 0 - without algorithms, 5, 21118.184000, 7641
2681, 0 - without algorithms, 5, 41309.558000, 14858
2682, 0 - without algorithms, 5, 90818.184000, 33039
2683, 0 - without algorithms, 5, 7882.844000, 2868
2684, 0 - without algorithms, 5, 21604.506000, 7831
2685, 0 - without algorithms, 5, 16154.979000, 5832
2686, 0 - without algorithms, 5, 156781.982000, 57211
2687, 0 - without algorithms, 5, 16109.163000, 5920
2688, 0 - without algorithms, 5, 43326.895000, 15891
2689, 0 - without algorithms, 5, 17164.664000, 6237
2690, 0 - without algorithms, 5, 7137.335000, 2583
2691, 0 - without algorithms, 5, 7300.151000, 2699
2692, 0 - without algorithms, 5, 6967.537000, 2524
2693, 0 - without algorithms, 5, 51685.562000, 18849
2694, 0 - without algorithms, 5, 4974.005000, 1794
2695, 0 - without algorithms, 5, 2364.959000, 867
2696, 0 - without algorithms, 5, 19668.373000, 7064
2697, 0 - without algorithms, 5, 1217.946000, 432
2698, 0 - without algorithms, 5, 24765.709000, 9157
2699, 0 - without algorithms, 5, 25355.656000, 9331
2700, 0 - without algorithms, 5, 5881.859000, 2153
2701, 0 - without algorithms, 5, 4678.079000, 1695
2702, 0 - without algorithms, 5, 2877.560000, 1045
2703, 0 - without algorithms, 5, 4059.248000, 1454
2704, 0 - without algorithms, 5, 2830.902000, 1042
2705, 0 - without algorithms, 5, 5880.476000, 2128
2706, 0 - without algorithms, 5, 18714.432000, 6754
2707, 0 - without algorithms, 5, 7799.618000, 2811
2708, 0 - without algorithms, 5, 8597.295000, 3132
2709, 0 - without algorithms, 5, 10906.840000, 3922
2710, 0 - without algorithms, 5, 6086.673000, 2208
2711, 0 - without algorithms, 5, 9339.007000, 3344
2712, 0 - without algorithms, 5, 13610.053000, 4886
2713, 0 - without algorithms, 5, 5800.606000, 2078
2714, 0 - without algorithms, 5, 58814.129000, 21403
2715, 0 - without algorithms, 5, 642964.679000, 231495
2716, 0 - without algorithms, 5, 20385.148000, 7367
2717, 0 - without algorithms, 5, 3533.391000, 1267
2718, 0 - without algorithms, 5, 855.776000, 311
2719, 0 - without algorithms, 5, 2687.664000, 973
2720, 0 - without algorithms, 5, 3304.312000, 1192
2721, 0 - without algorithms, 5, 1615990.071000, 571276
2722, 0 - without algorithms, 5, 111110.667000, 39721
2723, 0 - without algorithms, 5, 27959.384000, 9125
2724, 0 - without algorithms, 5, 101869.534000, 32360
2725, 0 - without algorithms, 5, 54224.717000, 17202
2726, 0 - without algorithms, 5, 2849.208000, 887
2727, 0 - without algorithms, 5, 87076.131000, 28800
2728, 0 - without algorithms, 5, 16688.731000, 5757
2729, 0 - without algorithms, 5, 22126.796000, 7767
2730, 0 - without algorithms, 5, 35535.150000, 12727
2731, 0 - without algorithms, 5, 11452.623000, 3988
2732, 0 - without algorithms, 5, 4515.073000, 1601
2733, 0 - without algorithms, 5, 20593.940000, 7343
2734, 0 - without algorithms, 5, 129669.698000, 46941
2735, 0 - without algorithms, 5, 47728.715000, 17655
2736, 0 - without algorithms, 5, 47540.312000, 17024
2737, 0 - without algorithms, 5, 3044.343000, 1107
2738, 0 - without algorithms, 5, 9927.893000, 3567
2739, 0 - without algorithms, 5, 100341.297000, 36510
2740, 0 - without algorithms, 5, 118189.403000, 42462
2741, 0 - without algorithms, 5, 42120.560000, 15231
2742, 0 - without algorithms, 5, 2913.238000, 1052
2743, 0 - without algorithms, 5, 681.409000, 246
2744, 0 - without algorithms, 5, 32968.914000, 11709
2745, 0 - without algorithms, 5, 2693.355000, 990
2746, 0 - without algorithms, 5, 25513.583000, 9190
2747, 0 - without algorithms, 5, 137243.012000, 48640
2748, 0 - without algorithms, 5, 30628.492000, 10981
2749, 0 - without algorithms, 5, 5352.586000, 1930
2750, 0 - without algorithms, 5, 36993.748000, 13511
2751, 0 - without algorithms, 5, 89835.159000, 32236
2752, 0 - without algorithms, 5, 3132.469000, 1137
2753, 0 - without algorithms, 5, 14975.315000, 5306
2754, 0 - without algorithms, 5, 26298.215000, 9343
2755, 0 - without algorithms, 5, 45598.357000, 16295
2756, 0 - without algorithms, 5, 1757.017000, 630
2757, 0 - without algorithms, 5, 283807.247000, 100260
2758, 0 - without algorithms, 5, 14298.575000, 5188
2759, 0 - without algorithms, 5, 21263.496000, 7589
2760, 0 - without algorithms, 5, 1557.924000, 569
2761, 0 - without algorithms, 5, 5522.605000, 1948
2762, 0 - without algorithms, 5, 17814.974000, 6292
2763, 0 - without algorithms, 5, 39401.628000, 13983
2764, 0 - without algorithms, 5, 15930.407000, 5756
2765, 0 - without algorithms, 5, 31884.219000, 11461
2766, 0 - without algorithms, 5, 11612.123000, 4157
2767, 0 - without algorithms, 5, 137615.701000, 49542
2768, 0 - without algorithms, 5, 12560.853000, 4530
2769, 0 - without algorithms, 5, 27366.049000, 9882
2770, 0 - without algorithms, 5, 21522.873000, 7780
2771, 0 - without algorithms, 5, 52704.223000, 19009
2772, 0 - without algorithms, 5, 93662.472000, 32642
2773, 0 - without algorithms, 5, 51991.846000, 18687
2774, 0 - without algorithms, 5, 27696.761000, 9933
2775, 0 - without algorithms, 5, 45545.418000, 16296
2776, 0 - without algorithms, 5, 8312.791000, 2924
2777, 0 - without algorithms, 5, 101920.079000, 36216
2778, 0 - without algorithms, 5, 12487.005000, 4485
2779, 0 - without algorithms, 5, 20684.730000, 7460
2780, 0 - without algorithms, 5, 7711.303000, 2760
2781, 0 - without algorithms, 5, 18836.882000, 6738
2782, 0 - without algorithms, 5, 160220.565000, 57375
2783, 0 - without algorithms, 5, 25408.596000, 9093
2784, 0 - without algorithms, 5, 155427.059000, 55309
2785, 0 - without algorithms, 5, 1722.983000, 614
2786, 0 - without algorithms, 5, 27991.273000, 9774
2787, 0 - without algorithms, 5, 1456.634000, 514
2788, 0 - without algorithms, 5, 3366.007000, 1180
2789, 0 - without algorithms, 5, 63385.539000, 22503
2790, 0 - without algorithms, 5, 65495.860000, 22990
2791, 0 - without algorithms, 5, 78472.664000, 28113
2792, 0 - without algorithms, 5, 20881.299000, 7534
2793, 0 - without algorithms, 5, 66533.917000, 23894
2794, 0 - without algorithms, 5, 19655.549000, 6874
2795, 0 - without algorithms, 5, 22602.600000, 7955
2796, 0 - without algorithms, 5, 13511.438000, 4710
2797, 0 - without algorithms, 5, 51337.378000, 18274
2798, 0 - without algorithms, 5, 10471.883000, 3691
2799, 0 - without algorithms, 5, 1171.790000, 421
2800, 0 - without algorithms, 5, 23085.896000, 8132
2801, 0 - without algorithms, 5, 25690.545000, 9039
2802, 0 - without algorithms, 5, 89899.900000, 31680
2803, 0 - without algorithms, 5, 33106.082000, 11704
2804, 0 - without algorithms, 5, 71454.373000, 25532
2805, 0 - without algorithms, 5, 3776.949000, 1374
2806, 0 - without algorithms, 5, 106225.540000, 38384
2807, 0 - without algorithms, 5, 46454.173000, 16342
2808, 0 - without algorithms, 5, 9525.357000, 3350
2809, 0 - without algorithms, 5, 42588.949000, 15298
2810, 0 - without algorithms, 5, 2109.269000, 753
2811, 0 - without algorithms, 5, 27842.183000, 9968
2812, 0 - without algorithms, 5, 5954.495000, 2086
2813, 0 - without algorithms, 5, 66359.650000, 21109
2814, 0 - without algorithms, 5, 1314.397000, 345
2815, 0 - without algorithms, 5, 147515.882000, 39519
2816, 0 - without algorithms, 5, 582.603000, 175
2817, 0 - without algorithms, 5, 56902.512000, 17864
2818, 0 - without algorithms, 5, 20835.874000, 6767
2819, 0 - without algorithms, 5, 9746.973000, 3133
2820, 0 - without algorithms, 5, 2542.802000, 835
2821, 0 - without algorithms, 5, 27765.820000, 9035
2822, 0 - without algorithms, 5, 27296.519000, 8719
2823, 0 - without algorithms, 5, 16880.311000, 5469
2824, 0 - without algorithms, 5, 6422.673000, 1992
2825, 0 - without algorithms, 5, 2885.125000, 891
2826, 0 - without algorithms, 5, 147202.623000, 48196
2827, 0 - without algorithms, 5, 1016.548000, 337
2828, 0 - without algorithms, 5, 15250.782000, 5083
2829, 0 - without algorithms, 5, 34423.143000, 11373
2830, 0 - without algorithms, 5, 1371.505000, 444
2831, 0 - without algorithms, 5, 10854.781000, 3665
2832, 0 - without algorithms, 5, 5000.825000, 1646
2833, 0 - without algorithms, 5, 70811.396000, 22868
2834, 0 - without algorithms, 5, 43692.020000, 14025
2835, 0 - without algorithms, 5, 15080.473000, 4808
2836, 0 - without algorithms, 5, 20349.391000, 6351
2837, 0 - without algorithms, 5, 2066.949000, 650
2838, 0 - without algorithms, 5, 26325.156000, 8203
2839, 0 - without algorithms, 5, 4264.093000, 1352
2840, 0 - without algorithms, 5, 17417.678000, 5650
2841, 0 - without algorithms, 5, 10762.278000, 3520
2842, 0 - without algorithms, 5, 200200.468000, 60696
2843, 0 - without algorithms, 5, 12305.163000, 3769
2844, 0 - without algorithms, 5, 2443.846000, 733
2845, 0 - without algorithms, 5, 455.996000, 142
2846, 0 - without algorithms, 5, 2694.607000, 825
2847, 0 - without algorithms, 5, 271855.668000, 88036
2848, 0 - without algorithms, 5, 299690.376000, 100957
2849, 0 - without algorithms, 5, 1060.210000, 349
2850, 0 - without algorithms, 5, 67559.032000, 22976
2851, 0 - without algorithms, 5, 10894.185000, 3671
2852, 0 - without algorithms, 5, 29849.810000, 9889
2853, 0 - without algorithms, 5, 10634.328000, 3417
2854, 0 - without algorithms, 5, 5404.052000, 1874
2855, 0 - without algorithms, 5, 149025.104000, 52588
2856, 0 - without algorithms, 5, 65892.083000, 22633
2857, 0 - without algorithms, 5, 8455.619000, 2924
2858, 0 - without algorithms, 5, 27424.489000, 9023
2859, 0 - without algorithms, 5, 1190.264000, 388
2860, 0 - without algorithms, 5, 95897.155000, 33931
2861, 0 - without algorithms, 5, 10309.248000, 3677
2862, 0 - without algorithms, 5, 43798.709000, 15555
2863, 0 - without algorithms, 5, 27153.120000, 8625
2864, 0 - without algorithms, 5, 1107.318000, 394
2865, 0 - without algorithms, 5, 177017.379000, 63209
2866, 0 - without algorithms, 5, 16463.488000, 5708
2867, 0 - without algorithms, 5, 41992.310000, 14352
2868, 0 - without algorithms, 5, 90060.141000, 31582
2869, 0 - without algorithms, 5, 8155.195000, 2837
2870, 0 - without algorithms, 5, 7008.112000, 2508
2871, 0 - without algorithms, 5, 32039.601000, 11260
2872, 0 - without algorithms, 5, 386260.928000, 134496
2873, 0 - without algorithms, 5, 13356.748000, 4637
2874, 0 - without algorithms, 5, 18832.554000, 6640
2875, 0 - without algorithms, 5, 6849.695000, 2364
2876, 0 - without algorithms, 5, 18535.387000, 6448
2877, 0 - without algorithms, 5, 48974.584000, 17219
2878, 0 - without algorithms, 5, 546.686000, 188
2879, 0 - without algorithms, 5, 42995.892000, 12171
2880, 0 - without algorithms, 5, 132010.882000, 41871
2881, 0 - without algorithms, 5, 32059.087000, 11061
2882, 0 - without algorithms, 5, 38207.476000, 12989
2883, 0 - without algorithms, 5, 110452.582000, 36459
2884, 0 - without algorithms, 5, 79175.493000, 27307
2885, 0 - without algorithms, 5, 118101.818000, 35681
2886, 0 - without algorithms, 5, 68555.672000, 22178
2887, 0 - without algorithms, 5, 71045.515000, 23436
2888, 0 - without algorithms, 5, 18290.767000, 5873
2889, 0 - without algorithms, 5, 3541.166000, 1143
2890, 0 - without algorithms, 5, 30524.527000, 9808
2891, 0 - without algorithms, 5, 6546.997000, 2121
2892, 0 - without algorithms, 5, 9570.431000, 2922
2893, 0 - without algorithms, 5, 42865.007000, 13850
2894, 0 - without algorithms, 5, 51237.300000, 16748
2895, 0 - without algorithms, 5, 127852.899000, 41588
2896, 0 - without algorithms, 5, 6754.066000, 2217
2897, 0 - without algorithms, 5, 12442.270000, 4078
2898, 0 - without algorithms, 5, 10242.002000, 3333
2899, 0 - without algorithms, 5, 85509.530000, 27835
2900, 0 - without algorithms, 5, 9615.686000, 3129
2901, 0 - without algorithms, 5, 12400.152000, 4124
2902, 0 - without algorithms, 5, 9529.515000, 3073
2903, 0 - without algorithms, 5, 35346.206000, 11305
2904, 0 - without algorithms, 5, 6904.027000, 2115
2905, 0 - without algorithms, 5, 175904.620000, 56094
2906, 0 - without algorithms, 5, 21728.208000, 7008
2907, 0 - without algorithms, 5, 300147.333000, 97839
2908, 0 - without algorithms, 5, 18735.041000, 6538
2909, 0 - without algorithms, 5, 691513.633000, 242961
2910, 0 - without algorithms, 5, 1037.427000, 376
2911, 0 - without algorithms, 5, 103548.656000, 36483
2912, 0 - without algorithms, 5, 83841.660000, 29988
2913, 0 - without algorithms, 5, 29451.062000, 10496
2914, 0 - without algorithms, 5, 15780.376000, 5623
2915, 0 - without algorithms, 5, 10931.936000, 3900
2916, 0 - without algorithms, 5, 24034.727000, 8490
2917, 0 - without algorithms, 5, 76844.769000, 27830
2918, 0 - without algorithms, 5, 25181.880000, 9001
2919, 0 - without algorithms, 5, 42864.646000, 15352
2920, 0 - without algorithms, 5, 35477.122000, 11790
2921, 0 - without algorithms, 5, 129218.702000, 44727
2922, 0 - without algorithms, 5, 47505.145000, 16548
2923, 0 - without algorithms, 5, 5346.905000, 1525
2924, 0 - without algorithms, 5, 92725.994000, 31728
2925, 0 - without algorithms, 5, 40078.247000, 13742
2926, 0 - without algorithms, 5, 6687.822000, 2218
2927, 0 - without algorithms, 5, 1460.962000, 512
2928, 0 - without algorithms, 5, 21980.281000, 7332
2929, 0 - without algorithms, 5, 83461.567000, 27860
2930, 0 - without algorithms, 5, 106747.209000, 37618
2931, 0 - without algorithms, 5, 35533.167000, 12567
2932, 0 - without algorithms, 5, 438538.190000, 149504
2933, 0 - without algorithms, 5, 40397.025000, 14523
2934, 0 - without algorithms, 5, 12762.472000, 4657
2935, 0 - without algorithms, 5, 57129.238000, 19991
2936, 0 - without algorithms, 5, 45778.725000, 16171
2937, 0 - without algorithms, 5, 168410.065000, 61119
2938, 0 - without algorithms, 5, 22813.596000, 8280
2939, 0 - without algorithms, 5, 584.678000, 206
2940, 0 - without algorithms, 5, 5477.751000, 1919
2941, 0 - without algorithms, 5, 20895.025000, 7027
2942, 0 - without algorithms, 5, 11982.388000, 3918
2943, 0 - without algorithms, 5, 11238.803000, 3609
2944, 0 - without algorithms, 5, 148155.542000, 45025
2945, 0 - without algorithms, 5, 244282.409000, 79048
2946, 0 - without algorithms, 5, 3142.377000, 997
2947, 0 - without algorithms, 5, 53197.128000, 17444
2948, 0 - without algorithms, 5, 40426.160000, 13696
2949, 0 - without algorithms, 5, 186123.048000, 60877
2950, 0 - without algorithms, 5, 4715.580000, 1181
2951, 0 - without algorithms, 5, 34524.724000, 10604
2952, 0 - without algorithms, 5, 1155.619000, 379
2953, 0 - without algorithms, 5, 17177.308000, 5735
2954, 0 - without algorithms, 5, 92409.601000, 31591
2955, 0 - without algorithms, 5, 32003.332000, 10482
2956, 0 - without algorithms, 5, 269100.857000, 92092
2957, 0 - without algorithms, 5, 47927.148000, 16946
2958, 0 - without algorithms, 5, 26023.680000, 9532
2959, 0 - without algorithms, 5, 62490.309000, 21601
2960, 0 - without algorithms, 5, 19025.076000, 6548
2961, 0 - without algorithms, 5, 3686.108000, 1286
2962, 0 - without algorithms, 5, 2683.927000, 957
2963, 0 - without algorithms, 5, 18371.910000, 6201
2964, 0 - without algorithms, 5, 14213.315000, 4603
2965, 0 - without algorithms, 5, 8979.743000, 2804
2966, 0 - without algorithms, 5, 1636.041000, 567
2967, 0 - without algorithms, 5, 37767.521000, 12879
2968, 0 - without algorithms, 5, 25939.693000, 9129
2969, 0 - without algorithms, 5, 28413.675000, 8568
2970, 0 - without algorithms, 5, 9608.523000, 3331
2971, 0 - without algorithms, 5, 5551.779000, 1795
2972, 0 - without algorithms, 5, 2749.600000, 977
2973, 0 - without algorithms, 5, 60094.142000, 20025
2974, 0 - without algorithms, 5, 34140.553000, 11961
2975, 0 - without algorithms, 5, 11061.280000, 3885
2976, 0 - without algorithms, 5, 1682.047000, 609
2977, 0 - without algorithms, 5, 38158.684000, 13426
2978, 0 - without algorithms, 5, 40778.812000, 14164
2979, 0 - without algorithms, 5, 13179.615000, 4522
2980, 0 - without algorithms, 5, 1103146.478000, 380790
2981, 0 - without algorithms, 5, 7632.845000, 2711
2982, 0 - without algorithms, 5, 20087.419000, 7242
2983, 0 - without algorithms, 5, 6280.547000, 2227
2984, 0 - without algorithms, 5, 24706.849000, 8786
2985, 0 - without algorithms, 5, 46887.176000, 16693
2986, 0 - without algorithms, 5, 190089.562000, 66609
2987, 0 - without algorithms, 5, 257350.545000, 86732
2988, 0 - without algorithms, 5, 88764.228000, 30836
2989, 0 - without algorithms, 5, 24946.278000, 8392
2990, 0 - without algorithms, 5, 2389.445000, 843
2991, 0 - without algorithms, 5, 26668.540000, 9274
2992, 0 - without algorithms, 5, 117199.134000, 40208
2993, 0 - without algorithms, 5, 16289.541000, 5442
2994, 0 - without algorithms, 5, 5890.615000, 1929
2995, 0 - without algorithms, 5, 57704.858000, 19992
2996, 0 - without algorithms, 5, 18591.201000, 6496
2997, 0 - without algorithms, 5, 40974.028000, 14088
2998, 0 - without algorithms, 5, 275566.381000, 90649
2999, 0 - without algorithms, 5, 21049.185000, 6725
3000, 0 - without algorithms, 5, 84963.666000, 27516
3001, 0 - without algorithms, 5, 5749.590000, 1938
3002, 0 - without algorithms, 5, 1722.573000, 613
3003, 0 - without algorithms, 5, 12512.543000, 4175
3004, 0 - without algorithms, 5, 4369.230000, 1504
3005, 0 - without algorithms, 5, 21745.801000, 7481
3006, 0 - without algorithms, 5, 25356.588000, 8313
3007, 0 - without algorithms, 5, 40138.370000, 13505
3008, 0 - without algorithms, 5, 8631.068000, 3024
3009, 0 - without algorithms, 5, 2088272.501000, 715355
3010, 0 - without algorithms, 5, 3379.061000, 1213
3011, 0 - without algorithms, 5, 4071.381000, 1426
3012, 0 - without algorithms, 5, 625537.592000, 217944
3013, 0 - without algorithms, 5, 15910.420000, 5412
