5349207000600073099000000100087000004968030027215948060002009408000461000030000001
0090430058670020030400600270020860509304200000583970403002709000010000027240590301
0000900007080004002346107504200053909072430050830000200025000000567040830700360021
1403000000097000047082903500000620735000000009008032000300000002009000004056380101
5000207400400700306000080058203900060904000003508020000090000707050010004680300201
0900103040000006000260930072000000700040000530089400016804050090056300809030020401
5004060000072319002490006301000400900060280004080052700320705000005640270040000001
0690508230000060098000930000080040100140000607200005344020603700000320005070080021
2064009000030682005843000600007500003200045000570300060689000007005003044050270091
0000064095040203800000000200037000000603008012400080009025600000052406304300700051
6200893040000400000000150020805930070500002030610000585000028000078500000120307001
9000500005042070000700082000070000981058006048690305270080050020010049700300920501
2480530606000200003006400800000005000805601000970020080300007008520700490640000021
0602000570906040018320754003740295000800600000054300000000000200400080907109500041
0620470000032809704000000067000000000008157009100034800090000500040020303700680001
0000300410000570805230000900043000050001000646729000003508020000000000088170942001
1720830000065000000300008470540306100080020300900000058290643000030200005000000721
0070054290007046030301000000000309000642000075000008609060435700000203000510002801
0045600093200000000000410305600900710030060400007000900893050002574806000300200001
4000050026537290047028400300752004008200040630000000500003008000345900009080600201
0000010850070036401630400006007004203045000078000000090200075080000000000054089001
0700053040062300500520490709000080001300600000049200000000000000430000857984006021
0000042090010000003060700506300070000040927000503060280659480020800030009000050801
0000000007020900010054710600803040203000506085072000404360280059000300002000070061
8302050000650902080400783005070000000036400200205039003024805000000020046047300901
0020070000470000590082300000009004024050230676030800000005709008003060251540003061
0000500080803020161700900040630200000000000359506000810020040030002800577300600001
0045000000004090030590180260008500005836000924010036080207800003079460000001000001
7086042355300028690000000008090100700054000020003604500030089100900006800000005031
0000940000003000002006805040009300006794503010310000000607004383005006100042000001
0290006400700080000000300000580640920030000870040723000070960251000007036800000041
0000000530800570209003260047300000600004050002500000005470890363900402008200037001
9500021030800005007008600045003070012900000070000100000600380003040006000290040001
6007028410900350000100065300500070002000607009060482035230000600006230504000000021
0400708008500020007230604000000500320000005090627000000900006003706042050809203401
0495030200050020640004000305000300920628050004300000807009203000037640002800000071
3524090064000000057960280300036000000000370200098023070200000000040605030070054021
0008006070000400006025000000269054709004710033400005000096803408050247000003000011
0045800000200703000593420086958000004030295002780600000000040030020000095062007041
0635004009000000080048005006002090000197806040050000200420300500006027000700183921
3170690000564080000000230670200870000000409800043006705008003000930000240002000951
2070530080460800100300020603040200090025306000000004006000193000000785000000600801
0006000000160400703000094024029000006082070000000502965003207040000000002734069851
1068037093200400800740000000020049307432500600000870006309001500000060000005000001
0243700900705200300060040000030070810824030600400907000650308002000003008300602001
0009610000000000020400000000624700300570198640090500070030000008005060192000904031
0403602000029000000000050035206030087061800004090070310000069008004003609000710041
3020687400840200005003046020080500000004005200000324604006790300070452009002800001
3090000000001590600180007000006000200027803009053040004905000002070309040030020051
0670910820500000402900600000237040004800030500060090100400008000320480760000370201
0630870205000000087800403600000000000290047566403002894700300002000500000080204951
0200000400000060800658903279304500026401000090020000300045000001007034007039000501
7008000500340000260900350700834205000007000036200000080020704004003867008000500001
0400600000050900600807003000084305060000500721068000390023050000340200008670402001
6000302750020800003547020894039507628670009540000000082000038907002940100060050001
5704000000000650010462703080000000803000096020150000072903000647030000200000020301
0078006428042705000300000095263407900405002000900020030020630006030040204000003601
3020650000000000000007300989706582040300197000450078000600000810290000007830040501
7000050005004000720000320000703005004850000630900060280086902040070530090328040001
6000000809000073200020810050500000000040200003705469000100005000060798000004302001
0062050080056083920040000074000030000000947007208065405004002009010008008620000341
2800400070000053000300000006047028000000004909523006004006000100684009000002700401
0030004522000000006070840300840502730904036800060000000000120000300060049250000001
0650309244000005300020000009500002002008000900302008460103000006035000800807640021
9460030050000607900702004000235000000000801004870000205124000703000000000900153401
0500100000003508140207080502005000000030670400780040300300002000600000704002005001
0540283003000090000900050160058006006000007000100300548000420000060002005720600401
0090400002300000007080025040700930004060000780000000020409507201600000890076800301
0000607032000570000743080290036000708025004000410000350064002500007000000570200401
0009400502940570000172060000830905000000030900520000700060294000057083000000100261
0004200090060900000005000600030000080608407200207059344006000030000724000913005001
0000800200602004004500360000430005000000000626890003473206700005060010007009430001
0000200733800540610000000000002070095700603140600350070000000000205400060309007001
0000013009030740002040060056200800703009600200402030800000004920020000504070000001
0500090000084000602600070000730050000002060800010405000400000103000207900093000401
0000634007309008000405720000082400300230807540700000903804065720000000060690200831
0356420086000000000090002167500300040005008000000000000924875000070060008409100031
0000200708527306400738042592406908000000020000600000109340857000862030055009000001
5704000281400005000090000407100052003960240000008300000300600070000736000809020031
0030869020040023056020000000000040380001090000005302071580036000360005400490050031
0092083470300000260200000000753960020040000030004000090030000000027810355610340081
8260900400010000205790260000605020804030800500050000907003005000000600000009742301
0000700508000056439050320000000402095003000840400607000300000000270000000000904101
0068100500200000740450073000602085030023450000000000020570029600090001000300004001
4076000030080010050000007000800060020005200000040306100053002808090473506018500001
0000203053206400078000090200173964500040000000005700300000080924020570036090000701
0010039808397625040050000620080264030400000500005080706100800000000000400030006001
0005293400200408050090030600060305002040000030002060005014900000370002806000000011
0000020006003841000105600075300900004070500000000072000030007058001004300024380061
8000065040003002090254093006000500000048000003000106401000089000080000525076020381
0649030500300760240000020008035600700003200005027090080000002803002400000278056431
0030040000053200006000590700008002000967425380000657040410763895090300200700000401
0000000000200405060350890001006004900080050020908000308492063500003006073074000001
0020500008704036505630200002506000700040000007003925006359040000200350400402073001
6000003044080900060328000000050200400000386000036705100874009003067014080000030071
0030000009402053765020000046080500002940630000000402090007016083200000470070069001
9701020000317000400240050600000004306000005180500080001809000050970302000000001001
0020650000007006205860429707004008020600000003100004098005040300036000906058100001
0100600040800040070305071200000009000068000350083907605940380017002008098000500001
0604200310047030050578902600005300800000060022060000538720400060002000480306000071
5700690040634025009200030108006900400090052604300070003000080000970000000000740001
3000020600045000087080000025000203000000540000027300000370000101004090530400069801
6504082300030200000280314055710809040090740130600020000900070000000508020400000071
2005306000080000509000600008104703006000500207540000804003070600869452070300000401
7090025000009040260031000783004501090007000008000032070000800024820007056050000301
7400300022965001805000800460740200000030000000827630000000083090000000000002465081
0000000080002000600009057000900028308567930023700040506350072090205064737400000801
0008000320072140950605097400200438767000080004000503003400802002590700806000009001
0080740000473956180002000505869402010700030000345000690000600000108000400600300201
0260843050009000460730200800002060305000004600000005920097000000354000270085906001
0370400056200000080090020000054000002007003007000100800506804039000000200083009061
0040526900000000041000400380054009700820693000467030520038002000500007006780900001
2030060808007009400452080010000640053000000000090003260140502086070024000200700001
4006700107500030940000007800300200008209000530000000080080021070461500090020405361
0000400564900673020508010700040502008300000009000000030100700046000280350003006071
0209004003901400850080001700034000026700080901407035000005040200040200500060000031
5470010800000790000000056302860040000347500000906000000081305040700003000090081001
6507329800000065200009053462603004005000290703080000008000010007094002004200600001
8004065034907000000020050470260040305003000000032600000895003000070230900300796101
6000753005408000790280364000926080030000502000010970009300620000700000202000095301
5000000072740600399060018250000475000000903620530009007090020030006300000410090061
0109053000028400005000200870085639400250046000000080000900800150041090700000070601
0410900005004000200000000300009040503582006000090600000000005000360080022906038471
0080070021020006480000027395340060700800000000100230000500000067000359000200643501
0006200003780046906200830505040000000634000707000005030301050080000701000810400001
5601780200904000000100037052850094604090010000000008070460105800503060040000009301
5390200002000084070003600000000006009840360250652093803400000900009000010020400631
9280000767050004830000000000802470000020051004000900080000100648049567021070020951
4050030000000018009300600202009000050584009607000000030070063420003000560002470081
6708530000000006005010000302804000737306004809000805000082300603005000420000940001
0000400020532060000789003008026534700604020050000000090400002003008000476005201931
0900003000872064003004002000200000000500037924700050367406508030093020005060040001
0520074064070000009000000030300801077250009300000000000061230000084903151000750401
7500800040326007500000020605003406029005003400040200000050000008430000202904300701
0071500600300000205642089033804620000025090300058070400460903000080200002000000541
0790020503000000015100486390000000400604050809400000607002003000000145074239070001
0300709840005900200003420507500140090260003000010000002079000000004600020002057301
0009010700000000002000049060000605324001800006007534083400060850020007035000002601
0040627092009073589730080040267005014500132073000000007002360400000000006005800001
0405000020050000090603020583000890009207000167504609006000500000020000000370204801
4307650900000015036100030080200000000600409003400060020965020070000080002806040001
0004030109000053000010002007006020001450379000000040000200000046040000580975001031
0048150200607040300009000085000000710800003052706038007080000020000070000035806401
7058302090092000700064900050706809019000000434580000060025031000340200005000000001
6250008000097082100003000500009040370035720400006000005002000008360057900120374001
0820650433000200070708340206005003940236007500000000002904030055000801000302000601
0024061500430000060800270300005080070000003004690000027049050630060000005306004191
5007001830006300078005000607240600059063058020050200904000000382000004000709432501
0090000000400016570200053000070004030006300200030020007042638090300040000915080001
0200000000053600007084203094030872652069050415800000000020047006305700000400000021
0003200973000050040610403000050600307300528006007304252904000000000000000502000611
0000004000007480000843910003050078000000200600918000400070063090390046150200050001
2860103970050000400009000083201506000070602090000000007504019060047058201900360701
0610700805803600200000040000900200046405907320030005962000300070004020030500000001
0000085705009300240470009630000852300020000500000060003258047004600500007083601401
4070519080308000475000090010000432000000800007025003000000200040007058009000007001
1807004000900023006420097010180036047064200900000000809003000003000700468002640051
9530802000000035800000040075802060034200086950000400000470020000050703020084657001
5100003000640008050003206000806300707060400109200000600935600000082000092408030001
1070058090036700400600020016000002000000007000024060509001546030009300800500604971
0100060386090050018452000600010020700000000460004071000906000030500040103705100841
6374802900009010040047000060000000000000045732030786000050104288005300000260093001
6502300810007000002036045004960170020050080000029000000893062050600900000208709001
5403100602700050000000083200090005007002009300000090406200508740308400008507001031
4800007050006010090000003060950200001007600300040000000003540010420900800600070901
8754300260200000380300004000000000027906005002008700036001800050003260403095070601
7009003040000840650067300010042030580000000001700509360290000008305020700400000001
0406702500305040960000000403072500002504936080097060000040053000039000250260410001
5000438060700000413010000500094056030860000007000060000205004390003002000300000001
0000460007050030000002900034000008505034870000006000090089000402010700963500000021
0000700000918034004050200300007002090000807000729068530400005060064000000280053001
0001030000060890003907000200270060430005042080108000900040906050030000025710000001
0680000000007020360903608540570000902005040700308200604000300290004060030000005001
0400200168903640007008000040000000500702004801804500004009000620086005030065027901
8006003750069010000000000000003060022508091000000500080015000094000005307300928101
0000300400520480000345260870090005060200000380000054001450098200680019000000030001
6027085009000104000009031000204860000000000000402006830963018070070000022086703401
6009700200900030053824000070300200000070046009540002030000920700096400000630508041
0045302900002084067000005130406037058209000005000000000000016000007000000508900241
0058007003070050200201470050004860900003500001000000000040281600907000007600003801
0000000002406500008002706013000080600009002004900108070038607046500273000020000061
0039000709570341604000000050002607005620409300905030401003000002304716808000050001
0068000930301906050000000800649050028020300401790260300005420000003000004000082091
0504063000048000007009000100706050302360945800000700003650000000200030000402006001
0948000028000020030300578040070000303080001600050100482500900006400000500000600001
0405008060002307001790000030040030820000000050264003970500000000670245000310600241
0900780058004697000372500493206000000007400305040000200600900070805204060008001001
0000300000046958038010200004608000300005000000500706000000009060007002400459010801
0800065420060070905300090008050409260009000003400000000005000004210307000502046301
2907040004700530006350000000003000500208006030009004000004008700071205000840072361
0009400237900000002000604000023740503700962010002050905037020060200007040004000001
9006000006041300000780405000800009020200030064069700352004000008007000400400000091
0000007000000053008020640000040890000000020059070408204003902065760100930200000701
0000000000407090305602000400023067804000705207300900006050270049000830063009002001
0010439075630910847406020050000100002053040000060000909002000000000003003040507291
0500300090010400750085062003000100006050870000003040800270080038009050464901000201
0040000009875200340068000028096571000730020800050300900307090050480050090001000001
0903005200275000030560000490040673520000000070710204000450300080004020008020906041
0042630000000005030705008000260040000090054004856372090004006010023000059000000341
9200803007042500600350940020503090002030401890000270000000620030000700006920008001
0290045000360820000005090000002000500500007000807004120920516740008000001700900301
3002018060400537019800060000000375000105209005000002746059000000000000000003700201
5000803007406008109203040706000000030045029603000002500000000070000030201390050061
1300040000908104050000000200000006405002079000040000000563900700015860009800700301
0006309024030900001092405800000008043000290005800003007003002050400007000017600001
6023070000000500007004610909700032405000280060086005003500067004002058000009000011
0000070034306009200028005000632000500000641000040000062000304000900027080005800301
0900070047080500603009800100600208400200390700000460230500780006000930020040010001
0513000020000000400080006070000085004960058000100090030000000006201030905700902041
6000140309020080403000070060080001040692007580270050600040530702000700050000409001
0097046030002031908326005000000380075000163000900000002000009300400670006030000001
0080013000276005400950002060045007200064030000000000030500200790030006509820000041
1095004800803075200308900609400028000020400000000307003200009006007002305000806701
7000810000400602030024038790000000000000060303801450270260073049370200504500900001
0200056303000960489000005202400709600000620005604091700310000057000004800049003001
6300549800280003404000237060800006000700400202009065000002380098005091630000600501
7803290056020040700000003025276000000430000690904800002658004000000000000040520301
0902070347060308520054000000000030000800013000740900000680052039000000850130700461
0040006390006040070000030403014580700703900000080002500300007020697150800000095001
0500030000379425082406070000293006000000604700040900000800003000030092000000000451
0730095000000002009265000030000036280800040700058260190400020000000900800903600001
8600134501000000390530400000052700600400060207260000400000903050386007000000500001
0000060000090000400354071002000005010762800000000040000675002005000304704810090561
0090042703602005492700900680964207357083060204039708000000630900000426030000000001
0000209009104008300048092703000000001800634070560780020900000036003050000701060901
0000510604950800370027000090460973255200006900002000006090745000000000000300007001
3006700800000100002600300000250003008000054000463900025040806907000618530380000201
8700040060000000343640905010506090002130500607000200000000400000010058009007603401
0000300006000000009430500020080261494501007080690800000200059007000683000004008261
6000001904050000000980070068002059609306048200000000433004065070260510000500000301
0300060000084057235900700080850436900040000023102000040000108000400000700060509301
0206000500030070699000807000400506001500000437060000200008200303000040004700062051
0000900085740001000030002000000300008004165070002050644300000200207030507090406001
0070030290000600006005200304000000010351004600003900802400071060908402031030000001
0000008045002903000010059000000030290201780000000200608005300076930000000049062031
3270950004000300000000061000009426030406709520000000800350094009002043007003500081
3000000507280600900000098474030100000500006746000050100607000300000020002743061051
0000000080045070290500000701000380960076000500000000325087029009630500074000631001
0030702066780003500240050000053600420020009088000020001000000000005900074000268301
5040000000000000420060240390350000008004010009023000860890056000708000044000320001
0006003800000530600010070054620000000000056000050802705061000037040309000090000011
2007000000008000508369540270000090007950423860620000040040080723200000080000060001
0832500009000060000004001600070805000567000434000950007490200350000000000020000701
8097030004000800605079200430000700200082000090910043780050001000020000009845020001
7020500030609400004300000500000000006700090280502300673100000900040000700975020301
0000730590000900000002503740930250000087460005000098007060329000020000070090800261
2600903000701805020054200060000049603500700000000000000000000349146020075080016001
3090200800675000130003070062006000086340589000000900040002000400020340055400600001
4000026308000000000320000006000591005040070927030800040000064090007000800863000251
0000000036005201090083000460400000003710504900000700004902603800057300000108090651
0300700290042800000009005003070000060850002001064300800000007080000060026080523041
2546000383000000400069300020405803005000000240023070560204630000378294650000000931
6000045313405100602000304000000200000000800540349600120200071869000503477006000001
5080017000000804023420078000230000840000940500000100000107000002800590377061400001
0060804701700560004003796206002080000209000000400000030000010093000070807650040301
7000040100260000000090380060370800042850000070000053000080019426905000703008091001
0000906000034081000007268530473000100080600400059003060000000208000057600760040091
8000052300000069000690248050064030980300070045400001036930000070000000602000300801
0000100044006350728030000909000000002419605876007500210005000005004020000703004081
0060000000370206041400560323010470950695030000002097000940380000700000006030000081
0040000000002000780005304600800030450010060006200000032000059305634090029003620801
0080040060070000353000902080010000270003006009050823006000200002004700005046007901
0840000000235040005600380070500000490010060300003596809002050060087002002300000701
0000000007200065030000400020729603004062057005080040003506802000075100086090031001
4300650700801045020028000900000003250006400000000009000439000570070200032680304001
0006000075070481630690010009000000380534806200063000000000024010907000800840009021
7860004595400070360320040780000090240600000004000030000070408050503710001205907631
0400070003600000020004006802000300500705061040050007035078402009003008006001000051
0790050008051340003400902000300076024006005106020004375040063200600007040030000051
3058000460005072030702005098004000324320000000009000005007000040000900609403650271
0038006707100300500000401000090687006703040250200050004607829030820500600004005001
0720000500057013600300000000804000000000060000615207430576400302090038060008005001
8400320000060014737030060523040002800000000009000045675670200400300800000080957301
0003000005010000043001479507000300916900508020238600009000140000350862000000000001
0800040656253078400008002100300020000900350745070000000025400900030800070640230801
2007008400000050006004002030400300000352000007205819043710604900000500070000036821
0040010808006003000605820472900407030030000000763594200000000050020706007500200091
5970000000260940003840265900608029002080000000050670400300004020000003500026037001
8060070000000006000450301800000000010500007306072030495649023082300780659000000001
0385000196003048720000090007201000340502000000000700060000020003407052002096000401
0480309060002070001600000700040012075000048006010000002054000900000800030960001001
0100084350074009020000500780649000000000207000023050607000100008350091400415700801
0946000000000008207000300000007905686010400035700004004652000090300602002000000741
0067023040000006890500000000609000032930057400000030060850290374070860100005040081
2704096000000005733600009000591020000000980000807534100009003054100860070000200401
8032005040600003090043600104905008300000070007260040500306020000000000900084092001
0003270000309006070006003007000000400895700000540007021080650730601305090250000001
0800000006403000870006000000602704053520840760005060387000903040204017500067050201
8060000007004500023040100762000003601900050405000007090000645206000384000001000071
7003025000230600005900000200020000030350000906400008024568792000000030000780500001
8000203050004907060063002000602000580000004310008000700509640000407130600970000001
0050000381730900004060007599043005100004060970000000000000030000002650706080000421
4200070090963042780800200000009008240020005070000050300570000420400030561090000031
0000000003070000400008902001630000070485701609000800020092168050009000005260009001
0498000600079005000160040090700081320917206080805060700002004960020008009000000001
0000028000060705000030800003548006209800004050005473980623000097100090045000200001
0075042006502384000000903084050000030900000600634000190263000003409020000706000001
0240000070000000053074000204300902680005020000620307501009468007000080040007513061
0001090000037400010010063052000700003450020000060000307005002900003047808000200041
0000827360030764005070000200400600532054300000000000009002000470706009013080045021
0009008500080342709200800000062039400010000000020400002740500680300060020607204351
0050030000042600070304001080780004255000279000030800000008003500069050024020300091
1500070000600410030009600700000000104000006520280000900321069470700345806400900001
4003000020000906000005601030700030906407050202058400060809002000610005005904000301
4800300010300016001059004000000000083100005000500007308030572090000000409704063101
0000000000461379500526490007008600000003040003080906040000000006750000204907023801
0000049000750002400000800000040095009008027002375400086080500300009608005031204701
0239450800081000000400300000500067340005000102640000505000704019024038060000003001
0023000004090200080080009060708600300000700620240300505870402030302000040060007951
0005348000000000020000000003401500805006000479074002000039760208010000960908020501
3024000586450902000090570000805000000003020001009700304000000007000306909500248731
6000070300020000080304801060002069870000000003060000525040008100073080049006102751
5800070246208035700000040000000360100400508000007004604600050038020000063190420581
0080602000000020390251806000569080000000050001094000735030007800408900050020500941
8060000107501346090300005026000800059403500005070013000600000000802009070015600001
1300608005063080000000000230095000000137400007520030040400005008006501000002000001
0030024868014003055060007006850040204006030009008000040000000002790356480000902001
9000783000000005064802350970020000450409810600080000000073000000204500005000207001
0000090000162009405047000006094805031050602000000306900000200004700008203500000001
2003900000040602900085206040010800003504000806009004100000009030030500079458070061
0470090202000070090095421000002000000006030780060843000520900348601307009000006501
0000046900503608000309700102008300000000090470000203056000000508705020003000061001
0532860000280070107400000850000436500000100006040000000003000003908005000009754321
8400030006005023875378064204009100000900008000000050400200805643564010980000092001
0004706200060009400130600800000000009700324000350402008097005020679200300500040001
0307005040800000004070009002005034080006001307002486090290050000584203963000908001
0000000160006500000024000858407352903000000000050600004000108000908700620683095741
0400950607903002480000029009570803004030000050020060003760405925896000000200000801
0260050000003000020870000960702604000400300002980040637050100800300400000020780001
0000000000809040015040638900020000000305492800007004090483700250000200081060903071
5600000092000504000003900200800000004729163503950700040074820030000005000037000021
0490000000000030000035764200308652071064300505002000000003047600800025000000000301
0000043050003091000006504000000000004650209730020006000571000080200650309030700401
0004070000259000003000800068000405200000000930900107045701048600000203002040560001
5369070100876200450010080066000930000907800020042650890030090040000000030003700901
0530009020062390870000500608600973210390007041054000000403000000000020360000782001
0206975010000080090040000700385210000700000300050732063824509000900000000600008001
3026900070000300200001000980000000025083000006000204009800401054000000060635009701
6000070890040095205030007160007200400703000008204500603000020000000400020506000001
4059837020910200000074000966000042800580000072095003000000376000020400530362500001
8700306092050793006008020400397000000260005340000040005000600010001002009000470601
0208730000000040303002657184000000010700000600050403000007000869036825076004502031
6904507080007039000059004060000000947000000600108400730000023000300000000860050201
8000030905900026300008402007030800001002308706800000424609257800000604000004075061
0504267300090002080400070000060730501056000740005003000270000003640018970000400001
0023690000068100000000002000305009072000400050750803623000005080901750230070080041
1460780000506302800200000000000000009700005030000021004010038503900056000074209001
0320005700072300048014050003000278000000000090605900421040630805000406200060000031
4090180672060000000700090000318060546040520790000000033000208900685007200050070301
0040080710090000035039400060078005003002040896003050020007592480000200000000003601
0649700107006080000002006030200800006507901040000015000050300400800279562001007081
0205300006070000009010483060600802000040200070090000003050604928004000301000956001
0340008070605000017008000969003000101407000506532904003050062002080500040700000051
0940083050005030900007190208500670400302000000024350007600504385000040620080900001
0000000002004000107060900800372850940093000670000060050250430700035600404000000001
7601050803008074020840000500410000080090020048000900000309582005107030090006007001
0053800009062017840000095300538000100000200000200000630607042950096020481005000001
7000200000200005030050387041008902000005000005360070006429003000007800920970604051
5020030006000023404038760000400000003090006712500309008247000069001604070070200051
0900037260000720000250400030400980000300000750003000023008051940007340600840200501
2047000650000030090005400030900700004030820005070600107400183503029006000060049011
7806000000040837620000020003409000088000005091094506070010050060300400904700602531
8010030005061700003070500400003000719040000030050206000030609000005000080600047201
0080000000504037000002700000000002308000260750267590480940800070039670045600008201
0970258101006080450000000095020006700000074000700105304000003000008020000613509001
0000090000300000000562008005206000070075004390400000056000045104008003007023000061
0100007003260040000000610000603400710000005048900000065032080490420570030800900001
0000003059035607420400000800051800042000000008043072000104509000700080000020300001
2900803500001090485082000064006208350600300700078940000000600090030405020000000001
0400820507039060848005703910008005400020000000900016732000080070072458090000070201
4000672030005000080000000703600580970704000000400028650003005029000007805170006091
2060839070000900000890062530620504300040600000003240050004080620239008000406003701
0070200004000090200000004078300402067568023900200007000631008755402000609085600001
0600239009000453010349700066000000000203001000008000407000090004800306002004065971
3000470009200003070009200000638000420015007004080605930000000000003000850304529701
7090000200063050973400090004000026702900065030070809000006080000584271090000000001
0000460050270093049050100000600025030300040260590004003006000090709000028924050301
0000030960260040003085001400300005008016450370000004804002600000098003007000090051
0075100633600000500000004202000400008037900000400050009042035000000043080000500011
0050109670300620480900000020482060051060500300000036805000000004000008500200057001
3500400000400590030000800400020000070072346088005004091709000300040700920200100051
5640039000200000067009000523500806040020068730460000950390480104800275390000900081
0295700360643080093500400285308020409480000070000000000000030700007001800000863041
0007094020000043700002635007040002080060050000520080433085429670090300000070000001
0000030000075904020006040090700800508643529070594703200839002407260005030900058701
3000209570000000000280050610061000407003005000029570082000408000400030060030702001
0000030006254008309080702043600027000805900020020069002040070830009240000003000001
0006000102800030400300040500263000000032000904580706000600000720720804390400028051
0015003072600035004000890000000000030400002700008000060030280048720400016500000091
5002067030297000503060504204805000600030140000000000740458912300000700060000320001
0270090600000400009451800000002900740300700900000040260718009030600000008009300001
1003060400050140300607950804009000730000004007100309580200000670000832950030000001
6030280450006050002007000000002000540500307209020000033078000090860913004200000001
5809300420300000007600850309008002708056003900020000050004700004003965006000020001
0059200803480560000600000376200000030070040094503107000706000205034020002000000781
0200070006008014003006005200032500000600700000703090400029003000800439509051800001
0040028602064380050000500300835069420000030700208003000050000237302600004000090501
9801003003000500000540680177035006096100900250007000404600000008000002000000320701
0306020502004050900507000430200000600060000023090000870018036700039000204001600001
3048029500801900026005070302000054680000000004682000000000043900200007040000380051
0006802000500000303200400060001900200000568700092084000035017000420700000058006001
0902000340000900012005360093500000004700003080090600205000784000003007650006201831
0010730045000090268400003000109205700500300000600000196950400800805070002300006001
0007304250325069800859400065240006900000052040000000300538000006984270030003000021
2040090008000000057050862400200300503005080604597020030062000745300040090020030061
0000070308072095000340000915908034000060008574700023007000581040000000000803410001
0007050303050100760070862500206007000500000008045000100000000910304000020082035001
0832469700000000020700034006050090030200080010100340099076800200603000500520710001
0000750006951400000000306000000070608609002050305069747500030260237080100000007401
0428063000000050046534178000900002050070620302009347000240000730002504000000006821
0006408207482509030260084000030900004070100805097000428003690500354000000000000001
0003090000524007080702000005680009400000000003140085000090543060000600000407000021
0008500002050400600071065200040000806014900000026004301000040933000700050000201001
0925000380841307590000090000000000900000481600390004009600200040200903803450679021
0307040020000289036005000070402006008036000005694302000000004004003005062700050801
4000001580070090030000010091009000340000200003947000800400852076003700005001000001
0010580646452003097030005200020600400005009000900472030600000005006000322008000001
6370000000941080060823050000000072502000530000008000640004027303000000000097005801
0620985040300410000090050170740300280062840002050094030034028900000002000000000051
3020040058905724300003000006000300020002008400040560700000005244670000030209036801
0010460020807209000000890039200000050000500405306040202073058040000602300000900671
0009000000000850605804023707205930000980000000450060020030502400063040000041080501
0000417008793000200548000066025901007900842003000760090830006000000000700000100941
9500082300020000003004270080100008260000503744060000506032000057803056420000400031
2504800360000060050940000204859300700730000040200005008603002500000000000078501601
7003056000630070420000000004900205301004700060008000002079483000340060000800320951
0307420564020080700000300000000002450750000309040007003002008000674895005200036041
4630280095206000040800000030001967500700000020050023007003046000340500802080070051
0800002000000583005670000004020009060956378006000907503040060000000820130000000071
6800400000030000285790036000200061530005804000000000000000053099000020804170900001
0000053100008200700230079000000040008060000007009024303000060842543000000080495001
4000130005107060309060000200000040000700008000025006037092300680640093520006007001
0950008010800003000000020046043000590020647830780200460604070200400300075070900001
5017400360000000020002000000080092004500600787000000000000203970008000656034508201
3800000000500004909206783050320800000070960304000000200000435000001602000000006431
5009700002086300070060504010000230707020000600840009050037050006008003000000000421
0001074060080000790200000000725136900507068003600942004006520010090000002300000081
1800496730000000400905060025020070180000200000000043000043980070080010040000500601
5089000003040000020025000000090057030003429080008970609000001070050800007032060051
5800000029004000080000000060502000630038904578003000200000100000240050806309000001
5000620008900300006070050034730591800500064002003040700000407010040003650000730081
0031000426000740090820365070950000040000000200400017538006200000004850000090030001
0540971002000030063008027000310009009450000000003400050065000030089300004702005601
3006720000064000034009500008000060070000309200205004862007801000000200300503047001
1208000007050000860000030013004805270927000140002010005086074030000046000093000001
2010309860000900700001203004209000000063400907305800620040500009007000008500631401
0000007090040008359700052600000309003600020000080043060060470912903060080005000001
4008706590000000328600000703052000067984600050000370406000000001039004005000000631
0070809000023008000045623709430065200800000000000000070206000040000790350064500801
7005604300014000084080309020600800500020000000873006200451070901060030002908000051
3089700000002013004500300000058000040000070250410000900004207500267030100300090001
4002000000200040000006850105300200600400007200917000387000000008003010053004070091
0030800000040030151600040080200003760703250000000000004061500009304008000000309041
5000703060029035009075000420007000032060004003004250098000000000200906044091000001
0000600290000007540020540600592000002060705000403006029080030000004200006040900081
1090230082004006090009000004030070606000002009080504377000003023028000060007005001
0000008000160000079420000030040603000603802457002006000308154000509300862000000001
0002000500300000000927800000060020000000004171004006900790305463805607005040003001
0050260000975000230000304090000009073100840050782000006000030000840057000030908001
0025000480039600006140720350081560975000000000000300024000900007060050033250408001
0800600000905000700300040200096000300000206006030981544001003670084002000000035081
0700504030080732003004608091007060308625000000000006000306200840000050200243007651
1040000077000320480035000090402000009604800010079000520300000040000006206293040001
4020309080030002568957000340000000922000840150040000003205786090000203076780900001
0504820170006008030000000000062000002083506700008042093027000950190000607609010301
0347005000085000202700800069602534080000000000534009620060040300890350040001780901
3806709000041000077564800020080010002300060000007504030000006500005043005600930101
0904010020800000000000006800430500007006008900000042034000300063507029016029057001
0000504000308006000023075002040003000750600003000409150030002040000060000084107091
9035240000008069000060931452003090005000080000000023570900000000042870936000050001
0043000080070009460000080003200500600000634000002003070086000001090007030409806251
0102070804006580905003900400000000000560000030830000156708200340005002000024030001
8206374504009008020008207900500080607002690030000410002000000480007002005004806001
0700400080060000000003275642000380009000008035306724090140000708000903000005000021
2804690003000700000002357890400000000096203507020900004000005030500060706238509041
5700000400604230000007003000020400600053067280000050046201845734105000023009000001
0140053288004000703020000400000040620035897000002000004206089300009072506050030001
0306008244062003902850097060000020000200000803008005007400062005089000006923750401
0608000302000907000000040250003006005736410900000000076004200033205008048049375021
0600394078300046090001700530004020004810009003060000000147000060082003950030007001
0000105002350980008002000070076050296208790305003200400600000007080302600035004001
0200800060950014000000047306480293500000000901000050005000080003000900700047602851
4052608077100000000067003400070009002000360040000002536008530025400000780900010001
3019704050000543700500000007206450036007800295080030040000006000030000580000092471
0000576000002600032048000000286150790007005000400000100003000400920000070704010681
6300084000000020900904050062079060400050008090100543000045230070700001000001000001
3407500080100000060502060000076030096080002540005080670000790030040106050700008001
6000003000000004720005300068006000003057402000200500004000030800760200030034695001
0038007066103200000280000304970005030605000020000000403000500000756800001804002951
0502000043805067202000000590407019006900304005000493007000600080064080030200030901
0370004020954028070007983000040760100238506090000047350781430060000800040400000001
4168050030850000100000040078003201562570060006000097000004000900247010000609020011
2009063040000000000000200570170408900408070006802050003700602480200000600063000001
0000000000720350045300829070060703000951600000030406020000504000000040231070265801
0050020006083005404700059000000478052000560030000000000400106203006000098020003071
0087005004300829002009036088630104955090082070700000030060300809000040260000007001
9204075064000002030000030000300480690070003840001060003090008500000020005620790301
5032009047000000080006040530079020002098000304000630200200900658064050020513060801
5406001000035000270870014590007000000540000313090000000204970000000050609300200001
4500030000000000008060504070879200000146000050007000000300420066010079540000062801
0000800910879406030320050800000300070006004000600000096485700303900200002058001001
5300820068005030100409600539700256000080000700000000080000380040070465093000002801
4802300070005090207200460390300607000674900000400009060020800746000030000030205001
0020580000000904000007008360280697137908200053040700080069005000000000009306842001
5706001900000000600002507300835079001048020009504602100050000000407000503090406001
0000030255006000481385006008040009303002070000013900000600200930009500049804065071
0630407055000280040000001600008000002067005304002050800250010030000760010000300501
0060050000007830004000600000908000306100420503000560028000000630000370952050000701
0605040030026000003009000080100800700580493620000030090074002060050000000040025301
0310007900000638000780015040000000000008090030475300004000900000631400270920000051
0076010050005040360050809000010376900000080070602000000000003144800035090200050081
0000001000519004302000000060745000900203490070362005000070903020008179000006020041
8003007000060451035000090086050082004007300051730900600000000800000005003680074211
5037080060000002080004093000790050102000060003400026000260840000800000030070008041
4600900020000080008903000500070043280000000000200090000030020640001800000007402891
7049500260020085000000307000700008509000170030100069000600041002400090081006050401
0900020003560400012006007009050030020700009504085006036420050900003040088307200001
0084600052060000000030290001006004800708000020040030005000800408070042304201065001
7000408200003086009000000000060003804000095700034009020007900400400520602000800001
1000094700762300080000000907003000200200500000839000076004003000900607520300070041
0500340280092586038000000000600098001000074004078603003706020000027809400004000301
0100003580050920603400000090000609030600430205000000009000365420048250077004000061
0400000201000307000061003000005700369008600050850230000200050004930006000000079101
0008006077260010980084600030650000400002000003400500010900000700573060290010000051
0000236500069040310000007098006000005034700602040000070408360700070900033000002901
9041020005000000002106854000000200003005460200900300078207000930060007400000082651
9600314000000000050034902017060000004800601020250800033400050190078030000510000361
0637089427000503062400000504000000309056200078360000000520760940000352000094000001
0000030700500000100809200000478060050094300005302000603000005026950001470245073861
0800035000042700380000000400609074034500007090978600510090306052000458000000800201
0105072808000000049000006070729340003000000900800015401008060000087054307503000281
0002940569000700305080000000004010980908005102000600034106000057601034000357090001
0060000000000200700200750806509802039702430650005000000350040000040020080000605101
2905000000700003006037000088200397060004000033572601095000004004023059000608000001
0000009039050004002003075103400050800207381000080020760736098025002800000005000041
0000007000907305020600000009203004060305400098456010700700209052849000070004670001
0806147004020078060630294500053000020200503800080409650000006382000000400074652001
0600400310000900005030269080080000006302840002040007000000023494000085100914708601
0430000520500400007006000009380100740600002000009003000027340850000020000745080061
0485390060970415000200604090040030800500700000060002000009078500000856400030000011
4701800020004001006007050087900000805068940030040209001056003000382000002000000401
0030000020003000452570000863004060000010800500800900039751400300100000004000609201
1060290507500640900421000070000709000004936700000080300093400855709023004000007201
8070005060060354000009800033000090250840239005090700340001003500006007080403581001
0040000070003720000900000004725000300800049750536070280600450010000080637209008001
1050040708000360002340006509002008000020753003400600000200090000030020600903400071
0087000052570684906030000800009003084000802600002000090600009000290400370308001001
0000000635403007000000002403200400806807034000900050008590203000000040500020976081
0000000020003040006050020000671090384205009019030074050028630490007050000700008061
0040802600002000070000605800034000001000008090208050060410070309000007056050300041
0649070200003501000004000950000000000817603020300016007500930000400802600200040001
4200030000500073000009400003007008540002006700068500320400800907384092600050024801
0304206000080000007065030100503000000208010600000465271800007560000800920600003041
9030002710000476000083204000000009000010758348000000603600040201000000507090583001
0050402030000000000309608040000500870986370025740010060002004083001009000205040001
0204008000403900620090580306000010400700650203050007002000009000071000540900000001
0009163040200080150000200005900000800001000060630000090010697304080510600000700001
3825070406000000000000800005000003020400297002078356900782049060050704100000902051
4007003000200004907010936000000052680080400100050700003600000405002300000409008001
0092500307406080500250340003000000402670000000540600000020004730000200680700830251
3900040600200900007043205082000000005800691400401000030000420300307002506000080001
0093002060060029000420000050208030047300058096100040508534000024070905102000060701
6531074000000305004070009007090256030600000000020000000003000099164700803059607421
0300500200729000465006007380035060800000000000003040009608034000000608010802190701
4120090600075100420584000300001059000060870000000000530800900000200030070050080001
0540012068003000909000403105000078000135049700000000400020000010054060007000230001
0000050000020800300062300703000001688407005905000080002000009000901040000006030011
0050070000010000507403090010600000050100600944000300703907052606028005090580900301
0305902001050639800040016000000005094600200080800763400000000250000000007000340001
0030000522500804794005060005004609007000000830200030403002000056000403080000001901
1030000007009002008500004000000003000002040755000800060804700193000106049405000371
0500040203000800098000916504000109060000000080000052300673004000200000005309200871
0054380000000107096007000000073000850002000718519000340406000103680240970000090601
0930200002043005877000460203029006400700000000002800956300010009005304004050900081
0006007408000500029013070006000000004030165070000043005260000033000800600000002041
0800000470030006090625703002000000066407300980304900000586000729002180600000008001
7068400590032000002000006348400000000514907000000000600300800450009300209780200001
0960070004500823600800650207000000005002400703040701056050004890000060008003000021
0000106030870000104009000750000300912007000000035920000700400200400053063620007501
0200308000706000023060400702600500000400060290090007300345206900520090430000800001
0000062000003940060032500000601807905070006800046003259050670300000020004009005701
7000000000200304600000000323804769005003200002078050060020000400009070004702080531
3090000850450020006200000100008050645609140000020075908004060722000003097000090001
1307408066759104000003000000068729430430006000000005207045000808602003500000002001
2006003009007045068705034003600000040000607000020000000400000307230950610850329001
1060930750058073407002569000070648099200005604000200000430000010090700808020400001
0500400700600300004010020080003000247092006500400000000207930805870000936900000421
0007000057090006000802040090905000235206070003000800000000602470783000060014059001
8037054900540190360060300187000043500903001000205000600090010030029006700400000001
0009080050000002031950000003085960170590030000040000000867000200000043560300290841
6000040200003705000002090300027050080870904009548100070900002037005360400000000001
7600803543200690100050000020000564034300200000020400970000030000002740090000006701
8040005623000000010604000085960748230030507001000000000000020904006300000025900061
0800070033000061500672000001039600450507000900400050000056094006200000009040037201
0000000688050000000145030900407002060000100040670000302800000010009300070030420501
0400200600629078000000403000000000054030050020870000000008092730902300060067000401
2530000600080037057000100800720503080400600020002000400003080560345908000600020001
0040090000203000000008542670560007303004800004010000000350704060000400010095218001
0302475060000037002060500080080000040428006530004302800203050606870243900000000021
7806500200000009000030280070708054022004005700000003901000000004000107365063700091
5020000000034000000000050937000060020000036080080210708700325041060800204000703002
5094000060600000970007064502305000899003675000000007010968400000046530000020000042
8700300020306809700200048500030076100009000076470230900000000000520000401000600302
0004002003090008004200380500005020070020006380400800000300040602746001098610000052
7003064015004000700320080090030000000408002350002040806109423500900030000087000002
0000086000700000308602305405000003040000050004073018000205004007008060530000042672
0000024300504890024205000009652003472003645000040000260300001006720430005000000002
0000020970390802000006308002060000700578060030005000429100480066003000003000004802
0006047503009720000003500010300000002087009307540000204060200090205900400700000002
3000000000050090000045600874293058000032000050000000010504007080080704007028006392
6104300700308005100000750301006000002005003040960070804807009530000008000000006272
9000020830000000008300005700603057400400009003254708600506300000002040500005003002
3800020001050000206000075300040039020906204500080050700007000000700013000020500402
0060490000006350073000708000800000090640523000920804600405007028000206056000930042
4106075005034080000090200006482000000308040057201000000040003000900007200809364002
5380407000020000089600700008264900370000065040003000000030500697042090050500830002
1700430050080000004500079020263000409370048000040000200000200640000900030050360002
0002403000000050060003062000000010908305706000790005404600008070176004009030200002
0000070003105400000000003477006100300500006000600390841002000030460030050004009102
6052000000084600000000000000207053000800967404078000500000000002300709180000314002
0010004000003002800000400030940260100500809701800000600600350200420090000058620002
6000030050008002000050000030264375090800500000306001048070409009507004304005000202
0302000086020080400740509100000000000000900002856300007000632941000725000004000002
5080906303000602070420300090030500004002007000006400000960004010208000900000700252
8090000040400503060300070502040786305000304000070005200053000610000907800080100032
6040025000309617400000500000000390707460008030020074000000000604000000259050200002
3007400805406237000978500000264008300090300000002000400000000000610805942000003702
0204908007000000300000130064092700000000050002500040090048526000003600005037000202
0009060002800340000008700005000083060000020000607452984900530700032879006080090322
4700300001059468070080053000000204000000930006500000009472000003064592000200700002
8001000003020000000960830747300500690504900070003200000000300500076000130209000402
0450203060607400202800000405003806928100005000005674000000300003500040080076002032
0409050038390000000004000006002800000205076000786402002570003044800020900603005082
0004053006000700200070369040003040004635010001000000000000130050769000020900007402
0000842036209004080030500974000028305706030020000050400060000003524006790045070002
8000000306000428700000306044062700509805607100250803003080000002040065030000200072
2000080090080000000006052003078600040057400910000006030802003000004019074005370002
0009087004500630026002000080000340007630208040200000003814006700400000055003070012
0560840003097500020043090006008000000400000000024653000200300989356080270682970432
0008006000506040000030054004000800022369700005000003707850021900003000000010090462
2800000900000300007004008600005006000700000305401769200000004000208070003070541092
4000500000950400233017094650060247008049605300000000000170002805000000070030006042
0287500009060007005400806204020700003750940020600320000005000306030205007000630042
0009700021000054706500403004005000000308000000020609350402000630050300070000000902
9007000530050000007063508425730610090000000050004000272370400000400380006080070042
0000007000052036007200094306305000040700208000400000200080000900549300062000000032
2000970000400600006000005080049300860002000340706000505034009200000506004000200002
0000260540000000001400003090070030400002000030240080000013800960900650708050042002
0007500003000096050403000000806000707091230800609000506000020070100003280385070602
0500420300030002904000836000752943602685000090048607520394000000200790808000009272
4050010060700000000260000089500000000085109047026003052000096005107360800394000002
6370284900050000060000708250703050080594002030000600000100000305002400800480001002
0200050003640000009514280070002000000000500000709004150835067406400800307000015062
5000000022000000300000706809000007504000000033020809040302090710053004200000070052
0000235409000470000276000000900000023420050000000000011065029800000000000700842032
0103004004000000000020050000500097280007040360036025049054000800000280098000001002
0000028900590604073805901000006095000230400060647000200052300000020083040000000502
2000050000060920030050430004305000070020000600000040086000003000003700950009562042
0000000000005032000734100600486005915600000702000000006300504007200080360000000002
0400000380652004709020000000000009200000000003010478500007020040000340050086050002
0000008000504379100306000240000000000709032606000800500051000808260000400040026032
7903201800120400004000090503700004002009006000000003056001000305310700400000037002
2300000040506400020000015000068000200200000008400503001600700400000930007002000002
1800003000003520009300400003000001000002800560000900800608004004205300000070200002
4005200300050006400600035080060000000001804008020007096578000000347590009100020702
0000000040000080624060037000035462070603100000200006000057200432000009053000090002
0040001000007800052006004799670000020452090300000000000000900036000057007034029002
7010000060000048008032000400009005000085600202000030600670523004390070005006304702
7000900680084070500061502406800745000300200045200000000000000230006008000009020002
7003004500580409030040002000050000020205008460730040002407000191000020000000300042
6000070000004000000010069400800006009003007043049025000900253000030482602600390582
2000300600005000040060000305800641700027836000040000003582007009010073080000000002
0300200800900400030010037900070310252087040005000001470020650100502084000000003002
7080009000603504700000203000007000600004890004002005001408002300560000000235000092
3000005008476000000200003000080020300057409260005300104518000007002050409603000002
8623009700040280003004008020809300000300000406000000050230040007002050835100034002
6200700808000254609400000704005800000000000030300105940804000523070506402000080372
0000080600004600200000009031680705909070000020300000005090200806000000407240930562
2900870000739020860006400006804790200000007600003500000080300970000908400240000532
0400000000053070008600023750560048002085369070040000020002904080036007205000000002
0120009000780040200500073000000762000305100080000007000000325040600000721050000002
0307000800020000700040302006000000040003000200000687019081003060564830100400070502
0000000000000607532570900400000035608450000000310700007942500000600002700030040002
0400700390000000088054062700092405030200030005000800000045000870000000000610300002
0040583025006000000000730400710600000000090060502009006080007000004000004003200592
4800000709032086457006048010008000000003450273200070000004060002090003000040305002
6309108404000050090000000000607001302000549089430800700004000030000000000010000022
0020050900900000655009070042400709503600401000050063070090010734000000026003000002
0900006000508020001000000030764508208100000590000100000007409300870000000602000002
6000008095003900060092800000000000000030009074205300007060000522149050688000010902
5360400208900024600040560006000010001020040080090801360001089000080605000200070002
4300670052000300600064020000040005000800209000000500010590062370005004080030000062
0000300005190000030280706000004005301800594600408000798000000000065108047000403002
0084100002003000800670953000200049000000000024709006055406830909020000000302000082
0408600900000000015600370040004000004003002000290750060005000600527400800086203402
0040000006800200002004070050001000507026480000630050470100007000000605325080040602
0000600000000410601000000480000500323279000005000809000704900260900000054056703092
0040960023000000400065109387004000000906203000500308040037002800450000630209000002
0030004705240000000000050200060580030004000100080900074009700602908063046010007092
0400830000700000009050000004080700600910007340072000000500600000040051706023000802
2003041650600004000000000000125090000764200300300070096407900207890006005008003002
0310400900050008320000007000600000500000892600000020430400000002073005006500700202
0000000200000165006700598003040010000009000380003070000520000700030802004605000002
0000093270006304000040000866000150005478002008003000004005200030200000400781400602
4065000210972000400080400000009000008420009766000080009007000537050316943006000072
3000050040003410000069078300014800700005360205400000000090006800200000077600000002
0600000050500082430020906702300040006700810005006000000000050290040000078000003042
1030070000003020000000400320080360006002004030000000500970053100060035490450800062
0708300400207400608006059730005700020600080045080000009030000004003000057064000002
0200004797000008200030800000008030000040070520375240080002056000003000011089002072
6000809000500700310829056000040080077000002400200000080350000000000000090602940052
0307001060006900049402308070954000202000030400030009005070000026000500890000000002
8004000010000002009600270050002000000000384002500000036000503800230040500047930622
0000000008000000094029750180000340800007020607900802302700030000600000500830200002
0549030802000800036030007500600790004350200080700086020400050200006003403000020002
0000300500000008600231009079406000208000020051000030803090756045008402000040000002
3905600407063420055000000700000000000040000290250830064000007600000952002304005002
0000000603000070820103645700850063200002100049408000500006000000594802000000000002
0020008500900050473000002000003000100400090385032000900500000036209004807080510002
0000400005906270080009050009274536008000920500007000000543089100620000000000040632
2507684906000030000400008100200006080002000000000093400050010070724569000690070002
0000406000060500703098265042000000006050000204030009607000038520001007400002003002
0706002450000008002000000000060087020005009300107300609600030007530400200400050702
6000800004072090633100700000030060000900000275000200060008004009000400500507000322
2007400900000003404300000068000500075603004023042000097028000609000305200000000002
0600407527006008902050903400020005000007300600000000800200040000340820000890030002
6502080402049763000030002900000050010000208040070005000000000700304096004820079502
0000900130200000809070030000000010605000084702000000000010049000640200073000750062
5400000320000005000000250700000003000831009570100030600000000000207040006973520482
0703209000010507020034000502060000000000406900040903250002000408500342763000700002
0020009600600401707030200083097620400000000800208000075400007200000040300000090002
0250809000000020008000690200000000400040005300007006020070580006903008071000700042
0930400064800300700005800320503027043290046006409008230004000000046030052000500002
5904001000300000950026007000800405070002000690000500200600024000005030000030800002
0000020000709060400030400000970085025000000080640300700087031006000200000200940502
0209475630000500700700020000000764207800006500061040000600200400003050900000008022
7109000003002045000500000080800167090020050040007038650375004000600000020000000802
4006598000000002909003205002060310800300000400400806503742000006000030700900600002
0740058000000000008500300697003000001082679040400000085000400920030091000097005402
0000050076000000000401206083000000000090008044700015397000603000080400002038000962
9500072400080050000040003000300000500003100600007004005060807010200000900072000342
0000600030002000080090000506800504000000020761200903000904700028005009007030005602
8537601902003090700000000054080000000200765003000280095920070600040020000000034002
7008000405903427004000609000700050602060030500040800300800000000495270080000306042
5083040900060000200100095060300900050000000002078500343040000570020038400700000602
3000008900017490004003000001000540606500000300000000020200016058700300200008000002
9057082000625037800000069000000090583000000000060700020700600290039000004500100702
0800900050430000200020508000001003082000050079600040500000830700050060320200009002
9304000020406208000000095004005001000000300000200789000063574288700000092000000002
0028000003080006000042670000005007030906000020200039046000000070307500060850203902
0000000505863471090340500700000000800200005070056200000000034020014008030632000002
0000000000002040070010305066030058900000010000090000500057000600203800000805007132
3800000007500009000000000205310070840900080030072006000700050609600308700207603502
0000000072507040030000039000046027308009500060703002000900080000400300913005096002
0070250035604070000300800000800690000500000202040037080003920000201463870060009002
3900002000020076040000165000007050005070008030430080009000000000600004070000000062
2000050090600300570590008000206000000040092030700009800002060040060040050001006382
0007000040002400300320560006080050017000600090008004003000000002704309508695023402
6702090000000000080345670920426008590600003070030726044070000009003254000000400052
0006502900000000080379010500007050020038000600000297004502070806010004000000000052
0040357600078000002000000080903000004800500030007240191035900070000070000090400002
2039470000076030024608000005000304280700000000040065003005620700000043000453082902
8000000306923700050032600000500000700605008020008030600850000002460050007000904002
0380094000000000000000507000720086008001400530000650703074860919600020070009000062
0706000000007009020325080070008000001060300000039600000053008008002400030200057402
0001050030070400650000082007300200500507040008000064000720530096002900700056003102
0080600000400900050207084000000500040001007000003060020000300006030072090050028002
0000000000000007525237400000026375009000800400302900602800000904608003003500296702
0730040500000800009010500200540030097000090023608007000900050040000608000002000002
0542000000800003401003075020000090000000021004090300008009600010230700065000030002
8007345064008060000710500400050470082003000570300002040896000000000000720000000002
2003900000060020000006870005248700000000400003075260404002008500037001000000300062
0009050620000008000000047904030080209500020830785010000040000000623000050300200062
0659020000000400003081000070020090100000004000000380601000000000000900027005243002
1000300000704020004900050089001005070000406000000008900000503700526004003000040602
0540007390004002000083000005000000003010640007069150000036008001008900040000030162
0002950000000000050064008302090634700158700004009006500030007808000003200020005002
0000047807500062400000290000000000065061003000230000040300684020975000300000000052
0050904004637000080800010000001000830706050093090000060000800000042007500020000002
2400007050000364000000402300103040006300170408005000090000000000000030005900016002
6970020080040713003009004000732000000000009705604000000000340020080200040065000302
5090200060000690282763049500400000000500006306301500700000950003200080000900008002
0030605800003102000240009000600030000700050908010007040370400200006000000480000002
0006000007002548004060001006000700200304000000020035670050603043240006050090000782
0000000000300001090000000340600490000105007000050060000040058005060200702900300062
5000003000060900073040000080007050000300249000000000107500800690000432002000500002
0060280010076030800000006030605000000407300000000409708700040000000003570300701402
5002400070000003200920800500000000006240700050000002600600300000790580120500900042
4000002030369000470890325000000006000100900500907030005002060000000804700005040002
0000520000900400600710000035400386700000204501860059300006000000270000004000000102
0200000080060702405070036090300080007802005002004000300020000004030009606000901072
0000000802830000600900040000000087908003195000005002309008006030302904700670008002
0010402073000800094007003000000900080600000000901540200050000008206009040000308502
0186050200030400500600000403000017000000040052000006000004370080500200000048569022
0040070020600140001503000006005020007024830050400008033000400074000300609750001302
6000004000000036252900600000300000508700062035200009000806010000405083000020700402
0080060003050247602900500000000000500428650300000706007000032400000100960006003002
0400300022050004030306025003000007000062008000740530204203080590607050000904000802
0601200404000897000500000800350470000008000200400501000000000000003916000805020902
6020000500502076000030652490208435068760100000000000000050000020900023000000500902
0000000000403800100084003000002600542500090360045070904030020070020000007600380002
0900000005006940024002070090394000060500297042000369000040802903000410070005600032
0200090530063200003040008026008370002035000000000040700090704200006080390009005002
0000200040000001008000000500000500074300019056950030000104803600500000082847300102
5087012000000503400000000000000000060004000032549000000430765808670290000000300002
0701609000960030054080050002803074000500000000008400020000000005407820060126905302
0340080002700430006009500003000008020820040900050004764000250090570000030230090002
0030000000873094520205003070500306200000008000040000000794060010008027000007000942
5000020000060349020410090700000500000000000271000673806300200587000000040800000002
2030000000406000800003240500300900081050000098900654230105039070507000007000000002
0016074950000280000500046080000001020000630701040025003080700000060000009020050002
0090000382009530000007009040240090000003002055630020000062000890350846000000073002
7000435200600790004091006000000050608000000000700020350000608005302004072809500002
0000240000003080064000003200478006005027000393802000540200000010005090007034000682
5970020600003005780304000904026000009700300500500000041890007060050000200240070002
1000026000609000030005680010240010000000400707000008300500000070304900200090504182
7000800008000005620030100000748920005060038490900000000000007010076000050000043002
0804350000000002003702005042080039560409200300000000020003900700070000404936570012
9000600020170046000060300003007000008709000000500001300001050047300090080000407202
6000000004510200380000061000031042090006000000700053400007000003008000922000300562
8904000200009020300010000000200005000071430980006000005000194030067348000000600002
0020690706034050020000300007300200404600500002093070508042005000005002000000001002
0090007354000070200000000800000250910503002008000000043006000402000080000972408602
0000007004900000000000806001006000800052300760097000500030060005000070090780291002
0300420090070000244029000606000030000007000919000683702000090400002300560400070302
0047062006000230403000050080003005200200540805002003640000400000005027002900000002
5000000300009027000000002049000050006580040000078034000947205030600500003250498062
8523000060040200039004050020030009400009000000406000000000098000905000142050600002
9200063000045200000080000500900630403008047200807005000609304000000020000094000012
0051000000060370400000050390309516000200000000000000007005060021900087606030900002
0007040360710000800903200002004000090002300700080975200060000000006003475000000622
0907000028010600000054000000000801000000307000300000906000705000800030100205093002
0900200583600047008050960042006000000740002090000008009000000000005000060004030822
0020070900002004050006302003080600590074000000108003067500000000003009609060485202
1530000000009040000000003805000106470180490030000560009003607000400025600000008002
0080003010002500060260090740800600000624030003508200008350009070000380000045000002
0000300000604000001009560009405607300000800400081000258000003007040900563006702002
0205693000003000006000425003090204000700000615010007000000070000000300500480002072
3200000044060305000000003000740800000096007002180500490652000007000409050000030802
0800700002030040077009200500006005048500002000042583063400650000100400000080006002
0024090530000070003408600000502030060700800020000003090070042050003200900200008042
9723000000500000028002005000000237040090000003208640500950706007000000100406009202
1500020009000000030005730200609050707050689340047300008304000500090200000000000002
2900854300000700000000300053000200406009005807400603020260040500040020035736002002
0007914050028007004000200030900040000305001900279603007000068000080300020690000002
0030005000700090300023000003250046800075084008040100000009017045000002000000203092
0100600900052006030630070050206540000500000200000100402040003075000309000060094002
7004000300000000010003257900600004050020006000002000030209041076057020001096080042
0023068050000050166000000000000000001600504003957002005000400780070300000300805002
0005600000000900300050020000230700540001080005702309000023090800687000950006053272
2060540907080000103007060040500020034020006000000000509371000000000000000000070252
0000790100090000360200000750000050046037042988000600032000900000060200000400063072
0300050000006028000600007425000060000702380600000401800000070046420030000508040002
0000050290400005700700690080006740500100003940000000007002030800000000060380000012
0000690500200003800061000204300720098000047006500080020000000740007200000000060082
0000300707205004300400009002003000408534790620670503090300000009800027506000038202
0002000306270935004000500020500200600038001070080150900000000400000048001005000002
8400760000300000600600089020280600500000020800030070002508390040060000030700450002
0000309006120400000000050000070000630000008904000905200001700590060034702059800062
2000903009300581070000000000071400004028056003502000480004060057009000000000207032
0901000003260700014008020030532006007800300000040000000000480306090000878000205042
0300900049000015022800040070000800003050000260000200000038406090206507404601000052
0300780506700438005001000002958046030476002808037200000280000300000007200000004682
0105004005003086209000400000200090050806003977500108000002000000010040030637000002
0030000006205100980409003703096000000004000200040005000087000090920467030060900412
0004000020040000002080503006000002099032070604501960383006750000000000400209300702
2000050000001340690006000080600205030000060240050000005374016800023600700000000002
0000020509030000000003907483500000044002005006800000371008400700005000290647200002
0000067040000823004000100500340006002000090410580009000006002050902000060250000702
0008702000300500700000260001000070046009107050000030000050000008400006370090000202
0080000043040807090050000120006500030000029004000080006020040071000653007830000052
0600000073748062050000000000000020065020304000800000099000035024000000002360900482
0005300008009603022000004000006080000070100003050076005003002006000000474008705062
0073004580002090000034076922000600030460015070000000040300008004610000758500032002
9042600800500007408709003600070005105400360003000000007630090000000500000006048072
0230000048500007636049002004002073000000906000056030070020645000900524060067008002
3000500840500309020108070360000050004059203088000004009400030600030400005000002032
0006400200080000507400019603504906020670000000025030000009000130000840900300008052
0580090000300040809007802540020008077000603000900400000000004000614000708743020002
0038000002400000000800000400065900020900000030000300640057083900600020107010008002
0000830200246000900000000053605020040900000000004002000062100082000093008007009502
2050061009300007000060450034800000020004003000500204000005000100270005000430070002
6302470850000600400000050020010048000580000004000000060400510675800000003000024002
0600700900304105000008000000000300004906001830075086040080060020000420670037000002
0000910303007200648090047500012000000300705000000400000760000000030000004000360202
0000200000005004685003080023700000090000000154806000002608000909180043500000000042
0000006003067084055040020000200700000003500400052060038000147506000000004006071022
0000040007800000099048300000000060000059120640005003028421000006032580070500600002
0359004068000000000060300009017680000035000006800421505000230472040059630000060022
0001000065600037009247003800000609070350000026000000148036704001000300000005080002
1074000000400207000000090046040015300000000097800400628013000000790002030500700062
0265000348000002604900060000000798502086000000600030000007800000073040000510007002
5700009008020603409005000806007200084200000903056007200502390042000750000000000002
2009040006005030000001083000050007390000050640380000008540070060090000400700002002
7006800006043500289000243000000600010652307000407956030000000000370020000069030042
0003005200050040004008000900004000680260350700000603005007801090000000000402967302
0008760206003000940100000030080006020600504092000000804900300000030205000020000062
3062000450100002007000306000005000004036080020093240806000053079020000045000020002
2000500703000070200000000058703005900036020476940780034009300609508140300000009002
4070000050206003086805000240010000005604002000000325009060000027000050300081040602
0040302703029065000900000000005240300000000900000000450007600816030900000270830062
0002600373400000060723000800000500035960000200047000002000395000006200044000850022
0000100032000000644700502800004096020200000000061000000500000200040259006907800502
0940002006207009308004000000000700000003604100420005000790310002068000003000000022
6000903004000287001900500008000304000504001000200000063000060800000020000703805402
0004300000980706030700000000600020090390000000040002000162004500400801000853049002
0070043015608020000900735003400078508104690036000050407510000800000400000300000072
0006270000000400700000504323040007000000320500700600007000036400850063001000059202
0106800306042008000000000140700090000000400000010000063904080000070210800000653022
0500083003009000000003600029005461035200000000400030700060520984000002050800000002
0032008000600070002800600900000300000900000400308040026700080040090500370500120892
5200000000800031009064720000070400090690000002500070408005140600700309000050008002
0090080000003405000200700002085000006700008004306027900001060000500003460000000802
0000074800402000000050093206200140700030080600000052300540710000304000050080060402
0000000000005004000800316070060080000083205000594000200900000006100700490256008032
0030200000006030002009507000000074000781640230940006508000000600070300080020450002
0008030040075000200269000005002040070400700087010060906040000000000007300036009052
8000000000740200580000000001000902859054700600080007090892005340030406270000070002
0500810000003070000009000300901004050000702036002050089050430028235607040400000002
0001600000000070503600007247250000900060304000000100700400000000009028000308500002
0062004054097002000070030000000000020080000063028567000000000040810640300000209802
0200007006003074020000240050006508000001000460000080030600000049004000700815030202
0006090000000006083000240009000071000005000030030020070460007350951000402007000002
0009020009045071000004000300820060000000058070300090050200000043050000200400080532
0207080100000360503070054086000038044000802000100000050000000000800029062000070002
5000076002008500000040007856079004080590000238320000700050800000030740007400020002
0400805000002000800076000009034000205860320000700003000348500677600004002500008002
0070004006000900000040020300000005020050000810000570402000060500700146900000003042
0894203000200368050300700400040000170009025000020000030457081002060000000000040002
0005020900050003406000702008040079000261500040390000004503007000620485000000000262
3000080202700068306000400000532000989070032400100000600201000000009000000400000072
0154380790006000009060000040000000206000097107480625000000163800090700000035800072
0005080090900300082500000000090050000403809150010740300000026800004000003100900002
0402953000000084060024060904590810070370401006000000000080007002030009840000300002
3591400822080060000400030700300005080000700208013507060037040500000000000026004012
0000400200000700000308060100970000003000502000010380504080125060205003006000000402
0000000006000430083000020090600780508400063015093200070080006020000000000027004052
1000030000900000200420000705002000380810000049005040023607020590000050800003000002
0300824501005000070000000000003000260000000008030270450900452030240000700072905602
0000704000000300006304027900205068044002000300000009620000070007083640152040053002
0000308000040000073002704000000000060500092030000809700970600006000100400205903082
9000604000710090350040000000087000007030000405400000000506702000008031960800900072
9030700000400006000203040703610020470000000560000900100052604904000395200304057002
0740300008506007033020176000102090707060002000008005002000400609030000000000008322
0009082000006010002000004000800000006320000700000805060090326500405700035000601902
8430050000690802000200304060965700000704080050000000029003520400000405007000090002
0060038010010000039300700043000050080692040000500000700024060000005380008000005462
0879603001057000009008002705200000000080000404060000000001057000000080240010730852
0004000090370610000000906030090001200007090060020350902000000540900800000843029072
0004000205001007300006005081000700062400000000050000724000280009005608436500040002
0020000070003000000640170534000000900060308005008000000000050720009604050300040802
0040050200500090300803076000029004000406030005368702006030020004000000700204003002
0000067020030000060704305000040203000090058040310000792000000500070029009000031002
0307840205001000070700050940000004003205000000960700000000301000000079002540608032
2307560408400300026000020703060000247000000000956207000000000005020030060040703502
0000250044000000000738042601009000003074060250060000900620730000000009000006503002
5000806200000030987900000040005000000030004100002049000208600070800105600500400392
6300050410000000034800000000000000000950460173010074905000003249004030082000500792
3420070057000000080000200000007520900509000070000000030071038095900700340346000022
9007123560060000805204060000070605002003000000000080007400059020000000003020046082
9500081004803000067006000003042005000000000000208700400000374005000020930000900082
4003020070527600800105083006000000430030009000008050010060000205070830002009000002
0040960750097000860000000008906000010725840600009200002008107000000000000000036402
5490700000000000000081000070704003000000000081049806700000007020870400300307205492
8962500730040000000100800450090000000000703200035460970508000000080070040714006002
0503009070970500031000800000704053008030060245400300000002000567600498320008030002
0520040160100065470040030900000209304003601020007000000910020007300090000000006002
0070041900000004000000030000920005605406007300001200000300508106800300000048000052
0050240000060300000200051009405070812004097000000005000700006308000000000000034202
6402003000000050200300760050000230040800000000218000700090800060007000322506007402
8300710050092050801000806400000030000009000060270004006705200980000380144000900002
0030204000800000007000500600060305702580000000009000026000082905402673000105007462
3040000029000600050020500000076010000300782400089430600050000302900308540000057002
0600000050000853077501000090209048504000600033050700420000230000304000008000590002
0830900572500030000476000005002090730003005000000058100000600058000003000920004062
0600000309050000600401800070000405800040030200375200004080000020700020002004983002
0000070000000407510000000900061000084080900761300504090045200803050090002007603002
0692000470050630080004000000540021900089000302030008000003867000300410000000000002
7000002000863050009500000300680700000200000003009206004052900070000649230008070002
0000040000002900704010060200038010001079003000000009100000000405364700910005000682
0800000403072005000590001007008010050200050000900003012000000140000046038406107002
0500028678700001406010400020860290000408100500000040000640007009200000030009030002
0602401000580630400100007000000900000930000602005000000040000030270080000057020002
9000306000802500007000600200000000535006000000020008960074210606050090802900003002
0003602050040003000009040080800000004000000000035780043060800722010500809782300562
4000570600730002040000000730004203000019000000000060000067035080500824092000046002
5000003070460000002030000040000405027952634004080000000006000000024009033000520802
2600000007300698500082000000007205063060000000205803406030004008000400070450300292
8407000030005400202036007009040008000350206040200003003690070500020500000000000002
0004800010020000005003006743647250900008003000000060020051000004235080006000035002
0040050307500032043000060000008000030000500206980000570090000000400080020263094752
8946000030000320400074800000030000000580000060400001074610970800095000700308040022
0000690507500003046020000800030002900783020000600905000070000000308054290000200032
0008700420053240704000008902014600000607500005400001008005030060500900087030000002
0600407027850000300020036180300000004006309800000075400000203050700500000200840072
0406000029082000036307800000040009670000500040294300008600020000000700500005040382
6025000008390000074000630000060000090900314000200090300000700049652843000080000202
0006470350003800027000000000000109004000600078067500230000300000074000000539081002
2047000000600104008000506920800349500290000030030052000000000090025700046300000002
0000002060060010000500370002000760306010050000080409000000000090402003159000040022
0100000002960000585009000300030957600078002040001040050003400190000000030090200062
4080050000050460000708000000006002030000020060000104796005009020000600080927040302
0500709000000982040020006053174695080000800000800530400040057000000370000060410032
0000003066082090400015408700200537004000600030874000050040002082000000300500040002
0080003000900850202000007600600000000070002340037500060004008000200000906008030052
0050000000005006900306407050473260500000073200108000606000800000004020005837000002
9000700344006005007560130000007001800380007601000903000000804000700000500015600932
1690400500000900820000300000000780903000000000549000060000000090037000006070002432
0500002000072000002036480000004000014000900000700025080068543003000000050080030072
6200703000008061050050020402000004060490680007000305080500000300609070000020500002
0006000000003802068000500000200007005000080404600719020014000003548000000890600052
0000000004800700000006035100020509700007300487684000030900006000032040000203000802
1000000805000470020003100009400500017000030000600804006570002004020709600000000372
6830002000002003050000000040620705090300400000495000000500908000703204008200006032
2046003000000907006070000000000248000520306004090000320400092000083560745000010602
0036059000000040682000800700000000305742900006300004208600573020000000000520400002
3000002000407080050090000730500040000026809000900008000002003400360475204005030602
0000003100020700000060400000204000000800016530005002847302000090600904320000635002
7000040009037080124602500036080950070003000000700205960000007300000006580000000012
8000010000070030600009002040080000203950604700045000030000050025000290360023800092
5000200300000600100900000000080500046070432002300076050060040000008029003400000002
0082000000020846904970305200100030006000400800006003500065207340000009000050000022
0894006005763080040406900800000325010000000007000008300025003003008002000070409502
0003260575300080240000506000207000400050040300900050060006400000000090007490025012
0840201006000000200000004600400700007500439003000006000000300025070010900194080002
0200000007306040004005006030000003000037800405400362000961050082008900000080000042
2090000000000000030000000020050928409000803567480360200030050700610734050000046002
0085002005604091000300600500000000702749000050030008000200000600070500200090060102
8692300503000450800000093070050034000234780000045607232000000400008000350500000002
3600050008274003000000006074506007322000004910000098000050000086003720000000500002
0030840908060020400500900680429060030000000006002005000170059360000000510090037002
0200000090700005200000240302000000700003600400940502003500400020000080047400093082
8076043000532080004020300700000000142040075000300027003400800000000000509200530402
0000052400790000000500200080002800300040390200000009000000406700079000000600073502
0000000500007098060000050308015009600500407204002000000700206000103080002040070152
0020800000800153690000000040000030020369080500250406030070520100080062000004900002
0020090600086040000500000204000023570008000400000050000074000919352608042000700052
0050000937200500603800060040000130584000000020000050708000000000302000005007342892
0040050020000047033060070804900023506020430000050008000430200005000060300080009072
0326000500009000000000010005000070000603000004710268000200007000078405300400952002
0100000988007620003050000000034250000008070100003000056000010305090040067000005002
0004269750900000060000001300002006000351084007006050030795000403080090000200000002
5003020000046000002000000063000700104082605099000840000000060840000200030318007052
0000000640302800000456002303204000055060004000008600102003475000005901030000080002
7040508611290060000003000000000000000010852403800007000000603200452000090004070002
0340070050008400000902030700780000060000008500500104000800023095429300603607040022
4203080570000670000005000060900060000020000000032004080048000050750000320006031702
9060080240000026000000030070000905415002648030900000000500700002030000000405060002
0400005000000500900058620000009002000530008400726400000385294064000000300070000822
9000003500850002000260908740000000000380000000042506300708600000500109000030097822
0400008020000300005738020407000000000046003293080005000020004500001060800005002032
0024900007601000009000270140000500005300780400873065020000000000000090636208000052
0020000350040609203000000000000080064060390020270000590008900009000035402631008002
6000000000004081000803506240040700691000920580090000070009030004260000000030007002
0000820303006400057005000642009300800030276500008003429004500200060000900803794002
0008000004000970000204035760040000050030020800056000436090000340000000005000007202
0047000900900020001030090540000050090670080030020040608000000050200300000390074022
0509000000030250002000430900000904605020700000005000020007000800678002300100640072
0007030060002000080609087530020600050800904007903208000045000205000000070090700302
0706000005080001904009800000803620000000000000200400066374000808000009402005083072
4008020000910008007083006500702400655040037000600053000000002309074200008100300062
0000000307050302088016050900080046203000068090000100000000003840020530764000079022
7300040000006000420020006000000000004000058633904010000000000009040780261075039042
4700065200054000360008030907040000000062700030290000040007900453500010009000000022
0608230010200000003500000600025004004000002390001400000000060002780050430000007002
0000010000300002080405703000907000005000600000762004900008500140000297038036009002
0000002000000350806008070005301700404000200607004083252600400003500026000040000302
0743800500537004096902000000204500000000000300609070040000900460006003187000100002
0000000000060509040002300000009004005100000706047280001030690000003000502000048062
2006000006030700500000240303485600200203000007650423000004000784000050600300900022
0009047303000006047020080000050008006805002000000009000000500910037000088504020702
2590630000400000097160000320978000004000009000803790410000000250640070803201060002
0205003060002670000060400050000800070030200000056030280000060007000300015024000832
0164000000090205068000000000600357200900000080040813500002000300000004700350006002
4000973820300400005080000901040700006000040000000000159600030008020560097000102402
6000000230000070500435620780350001460000005000600852000200910000007040000800000002
0000000650050010000600074320000009700070593080364000000000000047820000035003060292
6307109040000000000043000000820700003000920004090000000004305702700500680056000102
2006403000050000000070024007300008400600170090000002700009800009000050104760030052
0598200000040060906000050004063008057000000603006710000000030000070600340007000002
2340670000000040700098104000050700090920085000760910000000050005007236040000802502
0250603080000000970083002002007000100705049300040100000670000009000708038004520002
0000050012000000700004005060043070000600000877090200030572000903000004000810000002
1000005000007306400000000090051248000009000040008063070402000630600900003270659002
0000805400010749030300000006000000248005006100000000000070000352040500000091200072
0000000507500430020830054009400872060300200040200063070710320000005040000000000002
2400005080000000023602500706000300097300008000019050670005931060001680000000000002
0030710005060800707240063800001300600500624000670002000000006402050000000000540022
0007002000003508718000000002040350600004000300396200000502064106028000050070040202
6008040000320090008900000000030000800680003407406382050200050303547260980070930002
3402060080003000000080040720000002066704000500236050042307000090000001007040200052
0205007030700004000390842600570060000000003054829000060600020000010090000053000422
2040000000960000350000042080081000004720065035000300076030800240400000508007000902
0000004002000460980000900008270050006000200300090046000403000529080000040600093002
7198000000000090000003724000004307600070003000050000005200040830600000000041602002
0003040053000060000020703607405000300504026080900000008076004200048030505000000902
0200760005073006024000003000000900076790058130001005000326000000600342808000020062
5032698040000000610068043590300000000020007106897200000740020080000000000053060002
0000006000084061700040000000100080000090000044600973000860000005028704030000600522
0050028002000349050036502075709206030000000080000600040020064004000800029080000002
3006010000100506200090020300200637006002090430074002902030008570000070000000000102
0400203006000030803000851700502000600008000000010007000047380000004090520000600302
0418000090080900000004060580000308000200780909060003050007006200000020046003040002
0400000000000000201050300000023000007600400813006107005200806040000000080934002502
0001009062400000070005000420300005200007106905000300003008000001009007649074600302
7000000006020009300086032050002000000057403004030000600000654230000080070000028502
9000083000000506000580140000000000434090002500300000760004000000053724002405610072
6000000003805020040004009000200570000000000005000103700900000052000690800432007062
0000600000004500023078000000300007006000090502080070430046203005000304000600040202
0000000700402060530060080000930420600000000050608730200350090006284357000006000022
5004000000000230600075000820300050000009072001000000480500003260032000006043007952
8100304050026108900000050205040081009030000506002009702000090003080000000050000092
0005230002700000000830070040302480600086090010000300078020000004067010000000601002
0070405020600390004000003000205000340090000800300107066040802090036908070000506002
0200000063000005927945000008000040000360720000793500000000000039004006002410000702
4200050000036000005070230003009000740000482000001000860052004070025060900004800002
0000000007040050000860001000000310703728506040406000096000283000953000020000040002
0062009007020040500300980066070420000000070803000060200000000080050030000280657002
0902060030000370003000400018300500000020000060003840002500008901879000000000080102
4000000800890000020030700047210068399000010050080000460000070000005080005006039202
3060080050004060900200090000049026700000502002093000000000000300401037680800000502
5406080972900403000603500820240300000000000300000950000500070630090000200100027002
0000000010209700009856000004083000050900003200300610708000400020002908040070005002
0008040020000364700020050000090400502547003096000002804000100075084000003000000052
6025003000000000600007400000000000100500000083402607091006300407000040320900528062
0700050282036079004000300600580630043000005000000007000008106300010700500060020702
4072901000000008000520439000050003008000170050060307096030025000280700007000000202
0000000036080700000193600072400000080000005208000004000000070460030051020062097052
0000300000010000600540000025000607080007493200000020007000050366000230400208009002
0000070407108543000002000866500008900410000703000000004007020000030605140000000002
0000000059480527360007090400900700508300056026570200840230000074000008030000035002
0010070300000524704006905020000000000500000000300007490000300000798010656030208002
0300050006702008004000002650000534009020003700000020503908060045009300000260740002
4000090026000308000080000301070600530960000045029037607000800200004000808641200052
4207803053000056000002000070000020002900000000734069000609007000000200407490500302
0000000000702603099060032042503009400090000004010026000830004000400005006005040322
5000000300000020000001645088307050420400000007500030000004006536005270844000067292
0900046006082000030006002008000000000270000900090038103004200501000060300807004002
0900061200605070000300400080070000050000000003000020700090240062007604500030907802
0030250000100000006040001900754006000000090070008002500000608004060580009800030052
0506000100000208500000000700030700005840320000709050007408095066000070988090030002
0800207100720400003000005000900030080405010000200703050569300000080004520000089062
0020000000000000349008000760000640070487510230302800600206380055030000820000203402
7005803404800362505300090006100034003000500000009000000000200362000645000080050002
8000000099020080360340020000000007504800900010230070000000891400054306800000200002
0200000009060304057009010600703000008397601002000000000000250035400070280800000002
0600400002000800340401090076000000000000002859830240060040310000000083005009700022
0318450060000090000000060027600004001000008508090070009020007404000100250080000002
1000500000050060240802030600300000809000800000005004000004680010200000056030000982
3420090000502000406074005320063407000250000000000050000390002060006514000000200052
0000600003020000050002007400804000704567300822735900606003402007000008905206000342
0500040006849500232000030080001000007020850000360000905004000000600320800700001402
5400071600024008008000507007003400000005090009001000030000000700508000401300609052
0000500430030002700000000900070350000040200302000908608023047500000783010002000002
0003000270000000503070096400530042004000207609000070000904300000340620800020054002
0540600103972005000000800305380000700417906000000002000000080000005003040031000062
0000004000004060024370006010802030000000090070000003106720340090090000000430928002
8000000500090050002001706000600030007000000009300207101500000030065004970000380002
0901008430300290000600000070207004064000000007000809200020600806000400009030087002
4179086005000060210000500080000000000020004096000008050090053000003702007340010002
6001020031007650000050040027306418000000003000000030003098060500602000092004000102
5090000300608000001040090000000800000001460000200030500500600070017304000400002012
7000000095007008630080100000090000010000000002143090854020000560035000040702340982
0080260390050000610000070002069751800000000064596003005100000000400680008000030002
7004050000600000804000015670000500090007128400800002000000200900009400013200800702
0000900600100003070078300046050080000000000750009100000800001900340020002500000362
0703000205082914700000060590060000870000503000807430000000300004508002000925107002
0305974027500806090002000032000649050050000000007000300200700080068520970000000002
8003000000000980160670002000000070009006010000060005470010509240540036000080000002
5070980000034627150403000080020100000100000030000598003960000020000000000080004302
4069000009200046530000070240923060800500003000780594020000000450000000708005002002
0000300004000020300208400060003940010300570800010007400007003982000860050700000002
0000047560026583000051000902000609800604000000549072030203000007000050005000000202
0080903007020064000000047004006500010000030000638090200900002400700000530005016002
0053608009000800402800106000070400180060009040400005700000004900090570000002000832
0080203000530000000000800207003040000302780900020560000059306404000602730204079002
5024306000680200003000000000100079040000095060703548020800030500000000002000467032
4003260076008050007300000000000000032090000400030006020000010900100530760046070252
0009057410300000000096000000980400003000000205000003049700102050007000004502800602
5009000000002540070060000000300000050270008101000070307030020000004005000508036422
3000507090410906000600000840080374600700100306000000088007050000000005005173040002
4002700900000950020000080030783020505000000000020073000908000702540090187000600302
4000008070690000300000002610050937049000540007080000002000605000040020061804009202
0000000002040970003702006000090000006008000200109540600485029300000000000610305002
0000000402100600008047030006804000007000290800096583204500007000000000000600052082
0010907009070038500530020000001000000603000040200005000000402000090003070009050062
5000000620060159040948300059030020000623070004800000000090037463000002000400008002
6000000020073049000040005004062800590000090007106008009004001700720503005009070002
0400056002300000400000000086004090000547812363000068040000000018000003020672005002
0000020074060000530350000815813700040000000000076000000020000003008000400100650082
6700000400200050000000000300000060000003509021008000070325407600000700085900800032
0009000029000180500300000046270000403904050700050003964805000202000390000000205002
0903000070007009000000008450380000020060390004025860000090600008050041003000020002
0439780000060203009000060757300896100080009500093100402000000000000000000006408012
0604020032006304503800007006020005010000500078000400600790002000000280000000050302
0000000700802609030000005007045002300020700406098020000430000072009000000004008002
7000320000820600903500890000060000495008000600000030028200007000700500000430076502
2300078066004020030700060000008452974200030800070003040032594005026040000400000002
2000000000000000870100090305009000007306020050005830640003005028040200000900700082
30000006005020093000630020080000034670090000854000207900400500300000000017008005020000040200000000000089650035026800400304008520000000900743060000001070600200000053
0300000099020040000500203000000000506208004000000670030003000080805000020406080703
3090000002000805000074000800040000000102050070006000000060209080003000020258463003
0060400050340068020705300900000000000586007344000082093000000200000050000203090003
0040900003005000000002000002009740080800000300693800540000027610080000200300600003
0000000150038054720070469000903502400000000005000000039020030070654083003000205043
0004058003000600000710000060000000008407205300360900007003406000952703000006500873
0000000000080600470640020307500408260000060000367050908006105720004000005003000003
0000000000157000904700528000304090070000600300478236006000300020000005000020400003
0200830400007200160049000300050624070900300000000002030060000507016000080300000003
0053000000620847900900003200510000470460005000000020004070630000302001080000050033
0700000003000900640001470020010009000052000070094500800070002000000000504068030003
8700305040060002370004000685000200000007403060309800052005034000000000824002000003
2750000800804070950008100009000000000300005020403000070600300700000804300027000063
0800060500030001040903702005000080070002005900010570000070020000080000004000003013
0000205082004000300700000007950002034002000000061000059380400000506023400000030003
0509600203200506404002007050360000099700402000000030000900200000000000000004000513
0803096050074500000000002000080010304090000060000300005430800701000000000060050003
0200005000008500099502004800006002001000437005060000000003000000900073000080200073
0400030050000000005020070083907042000650000000000100940800500000070024032040060003
6000032905080901004005000000800050037500000600010000800600000200040000008007206003
0070000500100840006800030074000605020000103000004008000003080605006000309302000003
0065000000703400003580260790009305400400050365300602072040700030000000008600000003
6400020000900000003080004002008090060502608078030052947010000009040500030003000203
4006803570000742690090000001049675000004000000002000000000200003005000906807030423
0800000070040006005006030000000500704000820002030460003001604086000050020904000033
0000028004005782000709004050057000240090057000031000000800503460000000009000830703
0000530028010000050000000740009000002800306000000457000500010003270600809000000403
0005000902000000000030005000800050640092000000407600100080702507008500000300408063
0050040080076100000010500700049000300000020006034000100700000000002800008003004023
5003000000006907050800204000090020060030500000028400090080073000705000014000000603
2050000000403070003804000020900510200000900004760000000000000000002705000080007943
0003054000000600001000408000090000000570002803060090050400035010007000000000020063
0304028500100000600003050000000380403000000000001062000450800261000000807000905343
3000090069800500024650200300001950400903400000000003000700000050000001002500070833
0060000002405930000000020047000300020830590000004000364000000600073040503008602003
0691470802840000000000060000060305070207594300030040003005002000000000000400020003
0050240000400000099000630010008050000000009700030000200000000004080507033026015803
0000042000700100540000560000020000870042009057605800010800000003050000080003400063
0005390005090010000070003004103050000900008000000000200067502807820640030000900403
8705000000000200503000402000030000000000005004000008130200680056090543000381900643
0000400009003710060008000100000003705800030004900508003400000020001000007006080543
0003057000500206009000000000000013097300020640026000805002309000430500066000700503
0004302007000004080402800300950020002000400000609003003090000640040500026820000533
3020000000004730204000000050043027000306000402560090000235900840090302707402065093
0300900160476050000000028000000000000000062806000300500607090203040000680590000003
8203700055064900070040003600020500030450000000802000700639002000080300040570020303
0905000060450300020000003400702008005009400001000070009230600580000000006000009003
3004090808000070150000000040000200706009000020300648900060000000000050000402105083
0296000000000000200760050830000000000054000063000020507020080300041060088032090643
0046002000060308000000000090000000400500600270074520032800407067003804506009000303
4200090000000000300006200000800006003000650270600004850090035025001000480025069003
0050000604000020000106050309002000000805470002763000000007034005300200068470000013
0000000000865010005230006400020470030400002763082005000059803020000004000000200003
0000000082000345007040002005030070108023004000090200060002003003009000744000006053
2570309040000400000030070603000002008745200005263007000420038700009000300050040203
3205000000653000900080000400000080300004007290520030000900318002408709000000503023
5430000900809000009008406202000051804300209700000000400000004000005040600002073003
0540280303700000000000005060652030000030000040000001500304068250020000400000726003
0900000318001000000160004080003000004050280000020000000090308040600020000008506733
0030065900020400000981000030800030002000150680007200000000600050005000270060020003
2504367004000710000000000000000000000302608500040003920000400096700000000000002833
8005060000300000002607390004000000927900200005080000000000017009000670043000925683
2307000040603052700900000500005003000000360050000007000786030420002506000020000093
0601070000904503000250000002048030060000607080060200030000005007000000000503000493
0000000000000870009000000427300500000000300000401702080064007508500006000917000003
5000702000001090030000000042000050708700930060000028000060310400040003600000000053
5420000100300000000800605000040000900004010000003002000000350070032804006000000253
0000090000800700203000005080000830002561074800000000000400012500020306046004000073
0900003010208007500000600000000805048079030202007058000810000000000900000300020403
8000090200954038060001000300200080453000009006500002000000004030000326500010040903
2050906800000003000896305410000030000274500004000200500000600000040700903500400023
3500000000003004972000060300040003005204030000000000200800027050000002417000600003
0205004065070403000000830200013050400000040003508000024000002000800000006001705043
0804500000709006300000080000400600930063104053000041000000900000005070200010300063
0170000680900203450400300000080400000002080007000000520000000000039010001500037063
0007104000000000308260050004000600000002070896009003200035867400700000000000000903
9508600070000045020200004000000000054000300000009407008005900632006800003000209703
3000801458405000060023009009000000740030008000800600200052004600204000000306700903
0100000050060002030079100600610500004090005000820703400750000002004000000030009003
0060000040000257000006000927615030000240070008000400703004805000000013400000000003
4080050000103904000000200006007300400000000007040060500700005000030020700250090803
8000502061000080000054000800400003000006000400830405629000000006501830000200000003
0000007000000030250002006040053020000408950062030000000075000003204600904000000003
0000003893002000050700000002000065000965710387500030060000800000080050020004690003
0008054321006000780040000000094370008000000900300005000021000599080000460003000003
0450901006000009203000040700800030500209000680302087000040500000004000158000070403
0070600800042036000000090020305020000000000706950702001009000060700008305000007403
0000560702090300000000000980005000005000290600070405003400910060000003008206000403
0000000004105000008970030000790450202450000890000025003620047507000309000001500003
0346000005000300087000040000050030006725800400800000018100603052500000600000900203
0080000070500006030469020004702380000800000000190500000000900000600054005040003713
0504007003001006000000800400702050001080005090300000000200030000030000000475020063
0037208000090040000006030907000000040840306005900002030000600000700520060003005023
0000006408020300070000020000500700030901000080030500600658900040000000000300002053
0000060002900400000309002000000000000006700100530900000400009057002000840083006003
0002004000380000022600000504008501308004700050203900700000070000000680000005400203
0000000000020934007000200005900040236037000000409026080000000400000090050004653723
0200300060050000000004503008709005000000612000900054006032400750025070340000000003
0065020090010000007034006000050000803080100000207004000006000130002000400000000903
9000004500240007003000000206001005027000000400080463000800020040670300052935640003
0408092001020070606000030000390005000010007305000820090200003040000050000070000803
0000090045000820001905007000059000000300000209600010000000300077060083020007100603
0900005007000100030057084100000000000000802008096000070031069500045000800010040203
0370200042900040000050369208709600000200053000003420000000070037010005000500000023
0908063200000016086000000910502000300090040004800500000400000000705090040060835003
0030500000070000089040002000003009040004000050100000300000690006508400010025700903
0300000080000907530010030004035020907000345000800000060040006000600700003756204093
1300000097000300000000200040000000000008604720005906000427000039060000000706000583
4002306000005000006300870502080430007600082005000020400028905000000000840006000003
0009004620304000090080060500056020409000040002460807307100000900000030840000000003
0000000982000945060003001000360000050000090270020004007100020040650800004080000003
0300105004985002070009803000043000002000640003000950000000480000702094035000000023
0000000000000008910164003000570304290480000056300000700000800005700460000040130003
0004060900010900000807020300700000622683014000000050000000300004156000000000087003
0030500081056004000900000300000400207000050005340200000400068000508307648002000033
6300050020073240650026093002400000007650380200000008000032070040000906300700500003
7000000309000000000430076020009000000910047536782000000000080144007159080000003003
0005400090030060058002700600008000200017005000000020007090003500801006005003200703
0003000040050060000032400959000800036040000200700030000085020002000610000000009603
0200485615700003044005007006004030000001000000000000700470100500000040000023600803
0420800005000000247000000000804000000003005013050200000000003400390508178007060593
0030604007000050205042000300005060000020008000051400060400230600000003420308007003
8003406000000000000005003480724600006000307000300204000000008264001000000690000503
0300010609060002000800645300103094006000000200700260500000800040000003027400000903
3000000400000000170670400004006308006000280700000905000000057602800003000050040893
0000000000490760058000907042060003500370500894800002000002800015003000000000009003
0000007530005001400004006000207005000000930000031004064063050707800020000520000003
5030106009014000300000009000706040000000980000040378563290000800002000000000000043
0000000040084000005000809610800000001020500089050007300076201806000050400003400003
0062037002580769000310005000050000004600020308036002050090043020049000500003000043
4000970530000851000050000403000020000080000002093780000006037005007040200008000063
3000290060000000050000032905843629700000000002700800400010005206400050008002043003
0020000007059064100004270300000000005000089004000903800506000006000000078015030693
0238040070500090360001000000000060008620903005000287040000000000006000780400320503
0820000500000000007040308090070600050030000008003704200400150600050000900200080073
0070402009006000700010706007050000940809000000200003000004069202000100000063900503
0000817202000000007385006000030000000000042060406278050500083000040060500020300003
0900010002500080000003600800604590180000700030001004005060300000000070007008003253
7020000008000374000102000656210030000000400500001009004000086000500602800000005343
0900005008000002005207490006000500907002006000500030002000703160710064000040080203
0030000005000001290040007360000080040002040909050000036005004020800239070004000603
4000001090000000600002500000015908700300000005978000010730000001043005070080020463
0200645003000008000050081005004000700006000080000200030002700002380000000670003103
0807000524100030800709800300000000006900053205004000003020070048000506700000040003
0702030003520804000000000300004209100000050004006073006008000025040000800080340003
6040005300000000490300000000502000780020860000400032008007053240000000570253900803
0670083000000040600000200007000305401400060038090006000087009066002000000000034053
0008007500003050002000000090050030028006523400007000606400185700030076200800000903
0068001000000000053090000707010390000400205006080470000000604000000000320340010093
0040020373098700015000060009506000001300590000000000000000005694000302000002000703
0006000000000000040620530000000000001000070534509306822080900006450820399700054003
0000002060030680572000000000009000100000003400200059006807504034070090010008047003
5400000200209050436700000009004000608042015002507003000006400080800070050000000303
0000000400400013000063040014030000091006084530000030168107056300308000907059000043
0160070590000013000280050700000004984000300005002000000000408300038000200000000003
6074000000000000008003270040800340000205003000000000954018056077002004005000060003
0000700390070498064096382050007250405000903200040000000069020009000000502308000003
8060300201000920007000000000600200500007496020005000300000002700034018004090003003
0304600200089000002640000000030009507050200000010000840000178400005000700700300653
0700000300900320041000080005068470020800907000000030000400500830000004006070801003
2080000300001006000050009028000305400070900000005040200020008563000500006090470003
5900023400080300000200080700000476004300507000003000202007004007050168000005000003
0350006042003040000092500000000091533805600009000200005069000010000004860000002053
0804207053008761000000000300060004094005000700000300800203450000032000000090000023
0000530000000069700058700000810000403000400000000286000000905000060053000140000203
5200000006000300500300064003000000049072840350000000800000620000007090231000036703
8003000001050000400600009003005000605702000000000483006500720007200006000308050903
4350000000007000400906240085060300009030000000200050700500003007000010090025004003
5000100000024000600000037050450002900600000039006015002000080003540006800002000003
0600509000000800040020403050054607207001000008000000035036020000000000310940000003
0400000003005000166000803000023000000046050070000000907080000510002600800698000403
3500010000000207590006700005000030008000000350600002000050020164000500001000695803
0500028703000000000800060050040090038000079000700082401000000907600045300082000003
5709003420200005700802000000005400002000006000400830903500071000000000000004260003
0008320043600090080000000900040000006003542002050000008000400105130089400060030803
0270600506405007000300020005006000027000200400000058300093561001000090000680000003
1000385000075000000304002000000073040008247060000060008000006003056700410000000003
0090000270500004080045300000000602006008053040002039565009200430030007008003000603
5000009400600420080009005308043090510907000000050000000000730100000200801300060003
0000400000080000420000329050000000003402000600067540102000000008040900000300061003
6410059000070002600300940503000000002800630000002804060080300099100000087000400003
0094607004360200000000000000000000000000000710800395422000070300530801040040050603
0500801342000009000439700004000630000000000023760000095300060000280490530090000803
0000000207400006500500000030000010803027000040004000300056270494030500000003400083
0001000004000050000370800065700140080200900000002006406000300720500000000827000533
0080300025079020000000050000000000000605204930504600079006002000030000040001038003
0000400007000600304000030200902500060600000010530000000028040050000002035463200803
0000020600000309703800004007004802000320005046503000009000007010000500002008006003
4006030109700000600060040050008700030304062000502300460040000000000200800010003073
4000000009000030508050403603007000000006000100080040000605020470001000007030600023
0060000050000592600300004900709640006042080092093000000108007005000200400005430003
0005000930020038004000985670470050200080400000007360405030000020003004000008200303
0820050044060200000000000000700004030054309000006070020070903001340000050093800063
6004009310300004002000006007600500000000030804000003000000020009010050635073602003
0900000013000500602073004000000900700300070000000000200090752300030890405020430983
0090003000000500002000400000000000408002000350100906005010840000800000044639705023
4000090000200805400000310800000000599600050740050000000460500070023070000000080653
0030500200080004000904200000200840050001706008576000000000010400005000000607491003
0050030040000020500386002000810000050020000000500703089260005000070460300002500003
0680200000000000053006402006500008040000600008907000200300040000000900000000816433
0200905035704030000060801000000004090000040003900570260000000350000000000420000803
6009000000000100708070000060452030000000000030028900000060000072005043000097020083
0007000000000006203002807015600934802300000060045000030000000106503042007200005003
4671000000006000002030006070090040030007020807003800200304050080029603000000000003
0942780050089460000000000000000653020030000500054090000000000040790830060000009083
0301600090708043010007036000090000000000050080003295076800000542040800903000000003
0001000000038690240090071300004035000000500005180000000900000406000950003006400083
0020005000061008008030000000004070202050803600090000050806094000008020130000406703
0010009060004062700000000386300000005080090030000700000007043202000980000450300603
3008000002000000070000000804002003059360000000000090000600030745009008020906075033
7009010430903600780350070000000794300400500000000060500600007805090003644000002103
0800009000000000400958003768009100000000048902000000000140002007000005000005000633
0060000700000000030090040200000007906402005000801000007200580060000200055900430003
0309000009401870020000000050030004000900000300200640000502300707800006000040050293
0004000000070000600007320000258000000010437000060000004800506020020600406590048373
0300004090003000000850400020000709000005000213140096070004000000080900000572300063
0000000020096000305023000004000310000805070430910000000030509000452080600600000203
0000701000000007436000309050070000200900075000054020000062003000038006044100030503
6005000004320980505080007000430020008200340659000004000000000202500600007000003483
0040908068000700350032500040507000080204030000400000630000004000060100570000400023
0460000200000900400000000370830400000013004006000150090000000580205036000074000033
0470800200850720630003000900007000020000930500305000406000400300000005060009050003
7000000390863000204025070800000700000050020046230540005002000030000090403000002673
9030000002560000890402000000000080037020048150000006000604000700040809500900032003
2070065300300170480040000003000298054000000008003750000000000030000314000007000623
2006000009437082000060400030003000100820600490040008000700205060000060000305000003
0065207000403075060009003020240030000090584303000600058020000040000000200000400633
0000000350000000008702004005200069800408003060007000202060030000040500700030240003
0000009600000000300012090070176000900000030000300800544000071080760000030200400093
9760002000000800900000000005020003008300240000900060050090310400050900804008050023
4002305001390852705000600000765003080030074020000000000500000000203400007040000003
0008300000900010007000600400743000000600000501209006070800570230020904000100040003
0004200500000003600700930140030090010000010300025000008003004000000500062056080903
0070100000200000804900000020000500203000207400700400090090080300002010905060070003
9047000006000000000206304950000000000910608300050479201000500000600000700800000023
0086003205048010000000500000801000000000470002000004009000000300005300970062000543
0000005800000046000280000305970630182000004000030000750000420060043500003007060003
0020004000007000007930020003060080040200000034000000000781439500050600070105003803
0010650400203907600000200080000008703840090059500000000002070500000830020000000003
6000840000040008500000604039000360000320970000000012000000007002000000603085700413
0007000540005063004000200000000026007000930800300009200600745003902600080000001033
1090037000036000044009200300070305020040003000008400700200000008000002000307000503
3006009050760000020000030400040300500304000076107924004570200000000000200810050003
0400007060803069240000208000160080005006000000302940500700090000030002090600000033
6000431073000005005000000060056094200098000700003000050407000080204500600072000003
0060014070000600000020000050700000900053071000230080040340200000000400036070350023
2649003707800000000500010400000900006003048000000005630205030073902070000000400053
0500008020000000004000100060000070832030004077802036050003000000107450300400000003
0080040070000050030000006400762300004030000280000000000670200540500903000805009003
0000802650006040000765000930030000200090000580400023000070600020302007000500000303
0000000000275000040034000970000300206007095300000000000700541820349026000086000003
3790000020089300070000004004020000565003000800076019000030002400000000000000290033
0900000003008000700105030000000025875000472300000000690020308900000001000586200033
0200004090809650000000006000003549080106000070040070000904000007000960230065021043
9000000000000391020600000304000150005100064003008000000400080607800009000000025033
0000300000060010083090046500400200070085000400673000200047005000000000099200000633
0840020300906100500000000000600580094003000000037000280000300000005802033004090803
0300000090674305000020700000000000037006504020563000080905000003000020000050090403
0700000016000040005800630000000000000000025090005000130306780508000402004050009003
0002009300000040000007398041000003490584000619020030004000200066050000000830000053
0700004003481000900000438000200500000006243004500006200020060006098000410000000083
0001000064000530000007000000000007038000302600024000500600008009208075005709040023
7200500460002000080003600014065000000000002000300000608400000056009000000708240033
0000602000000090680150203900503000700030000140010406000060040039040005000300070003
9107005637059000083060000204000070850800000310000104008000000001000300042005000703
6700530010100094004000100000000010000030002900020050300000700540000000000006008003
0204900580070800008006030004350008600000309006002000030683050701000000000030042003
2500084000004001004900600200005000723060470800001060030380000000000047090000000303
2000076431080030000000090050620000040705300000004760200003204900500600000060040303
0000020530170060000503000642000005005030004000090080300000000004001009806980700023
1705000060000615070003094000004008000000300000000062740610530400050946000940000803
3890507420420800000050000000000075005062003740000002066030008000040760538070250003
0300004000008000700004000029070003108105000600000300000000057904056720300060090003
0040609000052000030900530200465203800000700047006041004000005603000000000280060093
4700203050000040002050807600000030209200400000030070000046020030500302060629058003
0016000070000234008090000000050000106040700090003500864035000000600300025070020003
0507100007000806532090000000000000008004023163025600009000780040409000000000000073
7050008020085400674000000506008900040030020900900700050402000000670000010000605003
0000031500000410701540893200084009300200006070003900803000007980000000000900065033
0063400079000004300200005000675000030010000600006008500008910000040063000002000003
9000000105017004060000005300030000000702106052000008000004307000000000008900570403
0208000000000408008405120700600259100056000034703000000001740300000001000000060403
4800356010504700200368900500400000700000000000000872300020630400000029050005000003
0500002302000004000360540794050070030200300003900060426000428000000000207003050003
0090027400000000051007503003006940006100070300500030200000000060038050020000005703
0200000090000300500004006000037024000701605900659040000000000257900053466003008003
1004050700003008500500083608000000300006500400000000023240706955680000000900000003
0000070000000006050000164030050631970065000003000928002090807300670000005300040003
0200000300000008750040800000005170040620300005000000030709020000030602410000000593
0000060390007000050305000000060000420000035083089047600502094006004002000003809503
0000000000004750200002009000000300600030017009050600304003081060100500088307090043
0005003803000000000083700902007080000004950000400008000518000300040009000090060543
3670950000000300200048000000005200007080430000000000010000008002300000640900010503
5030000284010085000000936000006009000270003066000300020308060001003400009060004053
0070010092060005009400706000030007065002000004000302506000420073020508000000009253
6091000000000007105008000000000026001043000059034001700900000420000065000000000003
0000900000256870400300200080000000202007000060060040930030002500000000640548000003
3040500000070002050000030000983024005000700200065087000008000906400000082030000003
8700030100000709000105000732300604000000000305074010000023080004930205000000000003
0020003000009030000090005800061009053000064200740200000100000044052300062004500003
4500080006203400000070004031000607040000203000000002500700045022060750005302008003
3004019000050000000000900030400000086027080000790000201903000760008000400060090503
6007500300090400010000000490900368003002040000000000000060023705000870904020000003
6980724530020007090059080000000000000040009250502043000030400005000000068060092073
0000005070390020401725000060000080007200000838067300020600003000040000100000200783
0020006805000000006900052070005008430001005007038600000050200003009000000100704003
9000000800300200004006030928050090630065070007000000002003000705007060343670920503
0100047006000094300078100069000060000000408020000050090304605000060000005780020003
0000305000000000005000974080040000200500067000600700851000530708000042906397000043
0053071640004065007060200000030608000000000000900040302070500899507000030809000503
0000200307000000002940050000050000066002003400200840050000000008004360720100700003
0034507000000000400100000002300000070006082000040016900005063700007304020090000003
0008000030020000008596310000030080400057000004700001093009000102004060000800726003
0000050090429000703060020804270010000090003000006002000032800000007000040500000603
7000001600040083000000060040000008065600200300400000000300000020200079500900504803
0000003004000020706004308050000000000025437609500070402670900500400006300007000003
1000607000004005800000000020000000306000089040203400067300508200481070000506000003
4870000029000500000000006000006000007000109006004030500062790000000407292000800033
1000507008000000030060430085000042064000800090000050070402008357080360000930000003
0003000079000000100049208304680000092000070005302000000006000956000000043010507003
0230000970010023000000080020000600700890005000408090031080200040000040504000971003
4600080000000027030100000507000260406308000025000748000000000073002500040750000003
7020300608064000200050000040070083400300008570000400026080009050000700060035000003
0000005100020073008004006000000602000207400063001000050490307825000094000830009003
2080003600000000056190007480004000000002000843840065000000600100020040374008900003
0000904000906230083600000200080000005100040060000700000000002040000000004031065003
0080105090600830000124006800003000020000900474500000300000000007005000048000300603
0600000405800600232403005060000072500009234600005000000700486000060050300090000003
0050004000014070060005002002001458003000000000700000400000000089000020600608305203
0000000000000050004026000300030962748000400030090200080000038403057006909602080073
7695400000280070360300080072050006730000008000800064020030007006500090000000250003
0305480090900620040060700000000070320000206580020300003090500000400000237000060403
9000000020206800500532040703900504000780010050000380000020700000005060800000006303
0050600000940020072003040000000000640070862050090500300010000000502070000000080003
8600020700100089500700002000304000000002000604070900030000503400000000003026740003
0000203056000050090000006080020000000056302004700000009100500002689070030438000003
0000603870000090000040000503050206400807000200260000050003405008000050000432008093
0016000040007025000000400800000030900000050062000600087050090430680002000193060003
0000786040083910002006050930000607350300000000400000200037000020075000400000003093
0300000850402000030000050008006000709000032083027000500000067140000700900700200063
0030400857000000004005320000600000072000040000000503280904010600309000000200004903
0000009006000040030250010400000080675000930001040703008093476000360007100000060093
0000000060000008000490200500300705020524600300000000408006007239000030600050020093
0320070600060900000000000040075200030200000004000001008050347060600090380900000103
0900160020000080000827096450000704000000000002730650000003000000600000707480500313
5000000000869002400000700007004208300003000050308500600900400020650000000002000703
0000000064507930003701800000050014000304006000010075200290000030000000046003000103
0630005007000020000005700000000000000000800636800034010064390000407050200501009003
0500020000203400084600583092046005900030002000000200008000000006004709017000830003
2000900007000005205001000808009200030000470090900000424600000080000000009823560703
0890200040050031001000060000080000004570300209204050800000000005309070600060000303
0902084000100978060003005206008002500004056003080000004000000000009400000016037023
4030010050500070200070004000000000003000407000800000020050731090096000500200800073
0080005690053004200006200030000000300900012008000307006070900000427000001000406003
0490000102000008047862000350000000030329406006000000000003200090000800063900700423
0004700002040000780000060096400502800200000047030009650900046570050073000003000023
0070003200000804700300070585002080900000510000007002000003050000540007100290000303
9360042000400200030000000040000420070005036007039065020500000003200089004600050203
0010000009000000000005603296070000000000384000000100500960000074052009030300562003
0010090760000702300000600002008430000300050005400007004000008000069503003000020403
0000260050000006100030000000600580030510674000901000000000403007000005040205900073
0030090528000000405000007030050070000000034200700006301000600080087503000000382943
0000070000000903047425000088100509600000004000000015300504036100008000401000000003
8100976000300600004075003080400080000000008060000060100002050030000302000050090043
0300040624000000000200030002000600080508300000002000500020000940040501009854703003
0001867008005070460700000023070506000000000300208000002860000000000008104000000053
0400000300006509007001005008010000405600008000000630902040000000060802000300000003
0500004000370428599400652005000000031000800008000035200000003023060270054000060003
6000000730002000008510000000700502002460030000000076000800000503207004060000000813
0000300007001008006890702300600000000900050420027003900030270000008560002004007003
8003200500000057890000674230090400000200000000000830020000006002060503970936740003
0000000000000759200060200300005080720004010030100600507000103000620000074036000003
5000107000080300004005003002009845033806070407090002080008030900200050040001000073
0050600000392045000000590065000000007800002304000176890001000003000024002004003603
6023457000540000300030970000000000200209580643062005800000000004050300000080260003
0200006008001500700002705000000057002400000007000200030000601309000304500700940083
6000092080005000003070020040030180002600009004906035000002050360000070000000000003
0000092500000200832803450605080623707400380103000070000700005060500007300000068403
7093080400000900060000000001000005000000000020960574088309006070107409000000100003
0742000953000000840000006000080470000620800004070325000007040020000057060003009003
5000010607006532080240970350063200008000003022050000000000004030005080900000040063
3070086002800453070000032000340007290502040000000700500700020045000370600420500003
0091007000830096502607000000300008000006004709003080000450703000000205000000000803
0009080000004500020970134000706000000030900454000002600300070000050608000020003063
7000025060206400700000000004073500000052008340600007005009304020095046030020000003
8000065000398000006040000080820000000030004090074036000003070500052080630400502003
4723000005080406000900003000049600380000700000008020000000000202070500099001007403
0734000005000000702490370850627100099300004000800400060008500400506000007080000003
0003510084000865000034000060370002050001000408400009030000300800000600002000053003
0520000600000004000043069020000820060000437083000050002050300700406000007060002093
0029740000030060000902000000000400000100906309607034106000002930400008000000050603
4908300600500060743627405890000680000340000200000020400006902302000000000002507003
0080040000000060000008903500090300005009070040000010274500006020000250001900030803
0420007000050000900700320060000034200007090080000000000540208006000900040008605193
3050020600006000130000080040032070000005000000400803007960030250010007090000500403
0087203000040300000206050100500000900000076000003800010000700063095062074000080053
0000070040694027534000000020000000000089200300930060272006000400300050700400039053
7000005006300050702590380040000020050070000003400900200000002060082060435003400093
3020408000000000020000800900075000380000904000481000000030006207500280009040510873
5003002000000000600000710008300054020000270801000900066000007090405603200000000083
0000040007206000509010000033905072000000260000100306000420600398000000001004050203
3025004090003040000000060000547003907000006020062035005000000104070002060206000473
0005000005080049020400870300730256900004603000000000040040002000850764000062400033
0050000000020000833000280400501790000000004000200300900930862000009040600670038503
0920070003004000005608392042009030000006040000000000730300260050005003000800006403
0013600503600002000070000900367005000090000000500326700000409000045890000100000803
0000200600000643000005000000543026800000700320200090000800561242900300700060000903
0004006500002003003040007000050208098005010400000070004000080007090300056530401803
0000000608400600200090000004000900805003072003025007069080000000659310402000800053
0800000060728403003040002000000900080050309402006500300001005000490000038000200003
0201086070302008409006000000070201808000600500020090702000000050540007200035000003
7900400000005000900043900500500043088001000001700504200009310000020800300006000003
3001950000006300040000000809400000700038700000005002004000507010910030000600040053
9000035006070020084030900000700000400301476000000003050405200000023608000000004003
5000960100007000008023009609000703000002037000200400000030000002400390080600200503
0030500604000900005063002400050600200002075060000003000020300803070084000900040003
0050000390274050060030000040000723050000580000010000983605000800098030200800040003
0045000030200000003000000600900005400400020785007000001000600200080070100600840903
3004000000500267007000530680030000009800023450070409862400308000000700000000000023
3600004000020006000000902006002000055406030009074500030009005822350047000090023003
3001509000000640000580900000450270609000007400870000005000030000008402000000005013
0800020604005080705090700010932006000061800908240000050407001002000090500000002003
0340000005000603000000206540062750900208000000000300800050020000039480050900500203
0039000006050240004075009620000002005403906702000060090000005900340000000000410063
0700058240000000030000030700200900009803001607000040051600785098030000000006000023
0740006022000070050000000000900008018031000705070400061050300000000000070008902043
0400307006070050489000003000000008000032060904085000308000030520000240000000006003
0800600090900400017310000050040000000000020900000503070020860000000300189084075003
0040270000010005300003900000000002060570000100900310000200600000600090030090530643
0000509000046000000870006204000000030500917000605000028750090640320000000000203053
2000006800006900050000300100293040000000000038000695007052000003900000081600704303
0870004100608000000001030060100370044000010500304000601700560000500000030920401703
3040000800700400600290000300071004090000876000050040202030008000403500000000620703
0900257080013600906079080208000700400000000004200300050000000009000503020406000003
7500030003060570008400200074600000150000008000270080000950000082000305760030054923
0000010070007000800083600009000370020420000060060005930094702000308007500800204003
0007090003000000000200000500400500300000820099050032060705900040100348004080003203
0005094020130006000000000000523870000800103400000402000350040001000600070072000303
3000000040486200030600000000200500009570036200060020008040003700000094006000342053
7103600040009000006048709020076000080807000200054003005030000400620800300000000003
0004002030010007000360000050050370600700020000000000500906003006008045002040000083
5207060430000020700004300000726501940050000004000790202049070360000057020000030003
0000400035003091006000054007000910802500000300000000000470036020004100903900070003
0076003901008000053060048000784000000003720004050000000800000370030000507400302003
0860000020000003050004000782043587900079600040087000000000240003000000100000700503
0000700009700001000802530000034000605000924008200000900397050260000000030000080093
0002000000007432050028009000003500600306000080070000000005720066500084000704605093
0400060000000008502000500035603070090300000008006000043024000004000832007900020003
0000034600060503000051000000000000403600000905482060070500049206200000000030087003
0010409055000000000063200000007000010600093073020040000300700060900005232000900083
0070005005083974000210000000400020000800700020000400000900000388050100002000040703
0874300000000000570050020080000406906082000430003060020040000709360081040000200603
0000790002608007000306208040000006000000100058704300003000020000900004535000031603
2000060050000023400050480900000000548004070036030200009300005060007004280076000003
0006200000003000560657090802000300007004603900000020000000000000462739008039000703
6270903400000000000900000000703204085090400620007600500040000363050069000000000053
0009040008000000000400006020200597003800702000000420000600234079000000000010060533
0000000000060204505384000000200000400740050836090000700000028600020300040007063003
1048000000007000002073500640500300060006027004000900007250008000000003000382000403
0000000005070403000095034103450600000008100030020050600040090002003006000537800023
0400000360030000000250401900070800000903025002384056000705004030020600500008000203
0700300083000406001605000000500000600003584000004075200030800900900200006000000053
0698050004000000810000705000030540000009002050056000030703090200384000000010020003
0100000670064000000000205030800049000023050000402000800035700407000001006000020003
0040037205002008400820450302000060000053080000700501008400325000030640000000000043
0002000090009004600000680500540000080000000300608107400406000830795030040230000003
0704086000000000020007005034000760000000904260005007389006300005030002000061050093
0048062030000000500060020000300000000450000200801357090070530020009006000000400803
0310700008900500000700018000000009400000300000094000037009004000000835762560000903
4002000905230080640987000308700500000360000050020000000000003200000070090018390003
7200080000000000043050007200000001000001702000940300000783010000000800700090608033
0007200002800000195000002400030004000020080000471600080300790200000000000003050013
0004000022608307000370000000000200089400506005100003404001000003000002000900000603
0090427080000000100000053007302800004010706000800040200080030721000004505000000003
0000509000452076000760840004009081750000030000805000000000000600004003010500208003
0000900040200000000638540200501000400020700508709052360000005005060030020040600033
0000020041030800002060905000000000430200009000053080208604701500020600907009200003
8200000001504080290003014080007038020060000000000000450000040302009156805080002003
5006000279705000400007320000002000061063700054079560000090053000400000000038070603
0605040290080000600000000000326090074000050800071009000000200033007000005000900063
0000703009380000400674900050500090200030074000000400500200060700702001000000500643
0003005003400196000000040090000800000005003000060029456010730500902000000370008063
0053070023000600000020000640630005208000000060000020037460000090000900002908736053
4700060103000000000003000906009000401006700000000800010047030000080105000000050723
0005300090300417000017090000030705000002000007403060021500030073601000080700003903
7000090420020005890000000066408900050502000000006450000904302600230000500009024033
5400036000000050302060007000002085000280000400000000860500604290000500630024100003
0000000002009406800005300709700625380267054108010030000602000070008002650000000003
1000000600951000000340007000000400584000500700000000063860704000000200800796003003
0030675400004080600409510007000000009040000070680000200350749000065000740100000033
0900000200008007090064005100000000004306000812850040000130000000409060700000029303
7254000000000000040900306070000007004006090020628045930003000700001603000509200003
0000502087000010005200800036500200040000437093000000002004000000009760020460000373
0060308000000250702830061090070000000600030004950000000704002030300006000000800953
0001400000030560470050090010409000700300000605004371000067040207100000038003000003
0000004810814065000031500008000009705000000000070906000050207030000400059000000003
0008000500000006023045090000400900050210509805007003600800000030000001402000050003
0008000000000057942000045030000000008530100000005900600200000300607032000942060003
0000009300600308009030050000700003060000001505260010000084276000000900000300860023
0009070006104000200072609009000000000050003042080005060926800517400500000000000303
6004700500472503682500300070000000020700000303006000455100840000803050240000600003
0706824505607030800420506030000000070900042302000070000000300050250000004368957203
8000000000050020003068700049020806000040030580004500004003650020600000000700203003
0700003005003400200000065800320000050008020309086074000040000500205007903054002683
0300001000000400030020080700196800000004000000060290008070005001000600400009530003
1000060000900000045804000279000000020000028630063000500019003000006500003700000003
5006000300700490004080300100004002000005700800830000060000000070000060402000843003
0300000600840000002000000000520034700000482000075000004600200501096700305003040063
0007000002739500000090000060045630000064100000028070300600000033000004700072050093
0063000700590020401720609000050403008000000090200080000030000070402005305674000003
0000571800753000040900620000000080000020003000000008150342060002000050785000940603
4072000530000000000106947007034000002000800390010300000080000601020070400060020003
0050900003700000009600080020002000010030600408000435707000003000320000500985000003
0000400070001000500710000020060302490800000004009720600502903000046000003000000253
5091008000089030000100600000000080100000706034000000000000501002040003000800005063
0000020005086043000000080702073060400050892000100200007030009086408000009000607043
0005000004790060000027000030000004003546000100902045066803720400000052000004000003
1050060300000042000040030960680050040010400800070200030000000704000900025000020003
0050040070000000050802030000430025009000000400086000720200000000004000596790058003
6400020000070095033000000041000043064061000050502000099007300005000200307000600413
0200000000000650030900001050000096300006705080000000000639000522803000700054013003
0000542078000060400103006000704005300300084600085300000000050000600007007000900233
0620003000090300400075020000003080013806040002007000000000600030000005760501074903
5024009000607002300070000402068000000900107007000093800746000030090030700000086003
0800000060400960050002083003200804600000300507900020030320000046003402980000005003
0040300270000000000062790000600030002935807000807406000000000540300000000020080093
0400090130800000000002070000024009300300082740000700000040060006580010000000430813
0905003000204100000000000750000620404080002630000000500000300002430567905000070003
0024071900100004000700500360000000670008000030400300004009080000000000001380740503
0000060005000800407604002300065000002500340878030720003402970050000000030200008003
0000050000800072100003000073080000000045920000700400009070040062000000900300005013
0020000003600002545000000000060500407000043004308060000700020059006400012500008063
3502600004070530906000000020004070000000360407065203000000400030700058009036702503
3607050400054001094002000000065080020300000000070100000000007000500640300000006043
0300005200802430000100060087003000003040270800900000030765040009000003000400010063
5004003010000000000705230807002050000003000163068009000020000300000090006900004503
0000009060490070003000060007062954009000840070026705030000002048000503005234000003
0800200000245900780500070040007006252000403000030000070000000301050004007302009003
0006030700040703000000500940057000000009007417460000000000008038003100073020005603
5007000000000069002063000043000600820000016000070021500300200000804590200200000083
0030600000158900747400000000089007430000020900005070610000400003010000000943000103
0000040700000001346090000000008000490070106530630000002304670980740280000003000003
0200005060600500000058020940300200006809401001000000300460000050002040030000800723
3040089000200070000000307000000045000820700000402093680000020062903000000300400013
0093010000000006090000503400600000000134700000046900520400002003010807060000000003
0002000000700430800000600000000046300030200488043059203870964020560020904025000603
0002009003050097240400030007000000432000060090005802600030000025100000070003500003
1003005090090000000008600000040108000000080003000940200009400700167053084500002003
4006020502000000900701980000549038608000000400960402001402090000000050000680000023
0007600080820006050000000170200000403500400000062007009040500700038000500006040903
0200003040050000070740902560065730290008200300000000088000007000002008000037060423
0040005000009001009005040620073000042000050006050803010006008000030500200800470003
0510470000090600000009015803000000620170000000002800030640039000000140000030000083
0600000800095600020030090000000040304820000790050002002000300050000853900000410003
0000007000204706017400260000000908004600300090050000005001400030000000000087609503
0500007003020706500860254390002080070007400210000000000400032009030020000000000043
8900502430200000000008206002000050000000417000070628050490781500000000300702040003
0030200092408000000000300000007802050050046008205007300000600477000025009300050023
0000000000010090546098700004000000000085006007000001800403000000870520302037408903
0965000070004005005400000300500860200300000002009740006001400000806953020208000603
0000089005002700100020000060504000070000800004607125900300007006700000520203000043
0000200903000600740005408019023500808350060407008003500000000084006300000000072303
0000600001040907200500030040009014050300006000070203000092000000000480007080000303
0030040000649205000000300000002003000100007000790500240000000902007054065000460303
0060000070095810000000048000002500008040302905000000809006000020000200504038000003
9010037500560402300800000000000604050048300002000000700000200000300000400050073013
0005003008000070906009820040810005600300000080703002000402700050000054205096000003
6030001000581006300000008005000460024208000560005200033870002000400020600000000043
4702000008239570000000000009040600020000140600500904030000000007003000290004760003
6300200078005769207000030000080020050000001003204800000906075000000300005002006303
7006080230000200804000005670000306002030000450174008001000603005803040000002000543
0000000070003400806832705000000006022700603400004000000900100000007830298400060033
9000060000809010027400003000000000003052000000000408000000800030000000096790054203
8000104000000082507524003002007000003070500205090008300000320050300600000060009803
3806700040200000000000006027094000050012060300009000000040000030020490000185007003
7030104600405000370200000000000007006000300504379256000781009000050000000000083203
9080070313000200600000000000700000000000081038460029707300504904802000002000030003
0000400000000050870900780230010040704500006096000800000200000000002300080070910043
2000950004082300000000060205003604083094000507840000000020000050005003000000230403
0053000020106070000000024602035000090790430000468000076049000700300000800000000053
4000000010000430680050020000000265300000070003670040200030700000000357840842000003
0160073080040080000000000400006000743658740020700250000070600050920430610300000003
0000082900006203000000000474900020605083000000020009002040000807002000350038974003
0300090500000250000200000340820006000000039004639000208500003003000520870004080053
0800000004007006399260015000000001047300600000024700000005000400000000000030067923
4008001007603500040804073500409007200030000050200300460900400020000000006000000083
0000050000001000053408000060000009002090600000040002805037804200079026000000043073
0000490060200000000008002010020083000400060000000054204869520000097000085036000003
4000030090000083100060040000008000700056700087900420000400001600100800030600917003
0000040300000000007300100050000000003005408020200000000006007008500090630970034103
5000000040308020052000000030400003000004000173590270400200400000902050780600300503
0000000003009105005900000000531682000140090000000503800602030002000040700000800403
0209300040000450305000000870000000003604500000080234000300000502060870034003060203
7050000903026008508600000000003504700000040000540870000000300055000100062960000033
0500061700080000902000803000000200000000007000006500010250400000090300004039670253
0000200305000407000300009000000000902059700430940502000031906000103000000000000203
0000480600007000090206053000304209005000030007040090800600047000039720040000000303
0040001808200000703000000090300040000000300060407180000070608950590410000000000613
02007000407050000005860920030000002080042030600230000000000800009000053050476000030043000606200000000705200000000002000058709040300000000430070080002600050000040094
6102000808097600540000000000000008030010000000500006002083000000700502610000900004
0004203080000000004203000009032506000000405008000000105480300900620000037300002464
6400009203004800000020000300200080004006000700001056000008000000070504805002030064
2000000000001070000790640000000063800820006000060907400000000100040230060007405004
5000340000040000020005004000000003004358000008002700069030076000010600086000809044
3007005080070023000008060079006700030500004000000030800240080006002050008000000004
6200400000000050000070000050001004000790003000003960584608000033000070000006308024
5340826000270030900806004200460002000002000000020300570000040304603000020700050404
0000105003006000006052000090000012000900000800204090070030004000008030002075600004
7010000500002089030030000200009000003500600004005023000340005800600047002800094304
4530600080070300008600240070209400605300060400000000000003500803000024000000070204
0300000070000900024080020050070084000000030012900670000002060000000045038050000004
0080209500600300800000000000000000905037004607000050324020000006800905203000600004
0000040000000632000080501600400300180004020050000700063502800040806000700620005004
0540600900300024000000006000000070010050060300208000004000500005060390080024700004
0000700200800007007014050600090000064003000000350200000000030023000004001070563084
0039080005000030200000600002000000340003040570300870000000300860095000001000700054
0000000500072000008369000420407009163010900000050000045200000000000030600030720084
1000008000738000060000427000200000700000004000376040000804900207000010300600300504
0002003402603047050000000267200060500000094600000500020300020700400000005000070834
0002005001600070090093002706054307000030000000005629000007000900206000000800400304
0107000360000007000800900400000030007090023044005006020000000030000570000008209054
0020503043004000000000000089003400000657000017302000900006000000560000702000780004
0801000400200806000700050089006001500000070030000034000000000000020600004605000874
2000006540002600300009010004073000000060000788000002000030007900000030007090800004
0700000500800002030040000000010089000002000000025746001050300070006000026000020404
2600035004000000209000050470400028000090000530000004000720086000004000000503092084
0000000000706430002007050090009064350040006020100009004020070000000045003090000044
0003050900008710002004005080007000030010007000006090800200000000040000277080009464
0381700005468300000000400000000800000006094007000040080600000710570600000014008034
0003010006905040200006004000000700000340000022080007008402000900000000030050081004
3060045000043200000000070000800000522030800469602000035004000000020000040000103004
0002075000060000293009080000070000000204000870603020500458006732000000000000051904
0000012000100000708605003400000000303580000000060040500000900080008700009840630254
0703040000000706398020000000100030082000007007000060040060500000000300960806070154
0900000088000005200300400070605010400400000007000640009510807020700300006039000004
0000203003540000200000000004765008005026040000000000600600057030070080068000300094
5402300090006700000200800067008020000600008000050402304700000500014509000000003404
0000000000700090620000109030020000000000304850354862000009005488000023799000030004
0000100006200000940000008030546900380000001000984007000000000800072009060000450014
0060070305208094000001000090002000030400000006009008501300400000000000050005002004
2300000005070600000600000303060402000041006070007000009005000000280000000002103804
0008000000010090030502700090000500723000000000006005402000080004030209000000040064
5306000044060005307000000600008030092000000503100007000000200700000890400050640004
0000020060004570090000000100000000077800001055400000800090600002700905000601000304
0071030900400800050006000030394205080840600000007900004709000300020004000105040004
1098035600006007014020000805000002000049300000030500040400009200050000070007208054
0260000405042300000030007000086040100000000500000098060403000096000005020050900804
0300057909700080100060490350000004000913000007005000000409200701094000003000600004
8006003000090806400040000000900100040007030003000002006520078004000960109000000204
5002000900047060000008006000076000310030004000000008000000005040060900000700380104
0700580200009000003004000014000600800900000570020050060000010740015040000000000324
0306004920900520700000000000000000000205407304507392860040000600050800002000038004
0580020000000003010004000090020600000003049007000000403400700050002084060006000004
0090400004700030803000600005081703000300000201000000006070000020000020409005000364
0003800007520069000300000002000600099008020050049500100000000006000034000100700604
0000050000792005030850030002000000060040000000000160900000807600980743020006000044
0080040070790500800000000200800260040000750007040000003000400980001000600205030004
0030040007000002000200000300095000100050400030000600400020060080400315706004090004
0391007008407630000000000000980750034000086900050000070239000080000064000000009004
0000500000800000020310040709608200004100000000006000303050067800400076030780900504
6001850300200400060050000803000000009000760024020930005000000000900270400009000034
0003065004000002697000000002700003006008250000954030000000004000002007030690000054
4002008000607952000304605900028300000000000003005026000080000040430007500000003004
0001903000000000084000207010576001000080025090000530000009004000704000051600000304
0070000039000000260003010000008300002040009001000000400020000090401078000704500004
0009000004100020030073500202000000340000600000000087000000000903200408006000204704
0010706200900060000400000050000045008001009000340007161020070500000200000659000004
8000300000006008526010080002048000300000000050904750200007540030030000007002005004
0000046790000000503400700200800000407008600001050000000700000020200863000001030004
0600070300814060003005080020200040000006000008003020740431000600008600050000002034
0300002000090000600804037000020000004030206007080905010000329070000000100000068004
0630250004900630000070800200040000002000001005000340020098020050000000930000000704
0000008000000030003150080000400900006500000130700250904000010750300000007000840064
0500000006870050012004800003007000000000609200009000050020000064935007020000095004
5000010400200040000008000203000200802600005070045600004060873000000000000030107004
9000542700000803050809000000000020004020750097006000100005000000000000300090080064
7090000000060000300452096073000009000000084000500000000020600009000530820000400604
5302900000006000000007081030004020003005000700069300009703000800000000024000270004
0040003067004180005000008000409002032050030000002500608000000000000046020203090004
9580100400700032050000046007640000000000000300320800600006058030000000000400020004
9000503000460708020071000093604900000900000050002000037020600000003000000000000604
0500070000060830200000003000006000020020500040001096050450100070000000909000350604
0100000000050000000700018300300900100040200065094000000030060040002400052000003004
2000000500400089079780043200104306000800001000060000430000605004000050090500000004
3050000924600000302809600000063000000006423700000070000200500001000084000000000234
0007600400702008000000340090800204070900000000513000000600005840000503018000007604
0024000900700000000002006377006000050580000402030700003000001000003900000090684004
0006080300607004008950206070040000000080750020008025060402000092000008000060000004
0560000000030027080005001405412060000000000030007400000273008000000000000306780004
1000004004006950030000700000060520000200003000070000900300200080000006000093002454
0305000200002945005100000004009000000000024300000007007500201690003050042007000504
0007000030039080005013060207000000080401070600000390500200000300000030063000600954
8000040000000000202090806340000060000100050400063701000600000000078003050007030904
0030000280000000002840703650060034005026100800070000004000500090000300700000602004
5200408001908003004002000000040000500007290408000000000800070000020509000350000004
0900026000000500090004700000496000700080000510020450060003000028000000370702005604
0000493060120000504000000080245708006870000000002000007030040000000000000050002044
3000506000002067000000000310006000500020000000370040100060900730095000048000109004
4950000323600045000000000080500000060007003002000098000040200010100060000093050804
9000720500824007007506000408000206006300500004070605030060400005400000290002000004
0020400084070000030000030000035648070007009000050000009000000050040502065080764304
0400007000283075600076000320000004100000090004000620700800700000300800450650030004
0000070060070095303040000090000004000750030802007009000100043080003200454000580004
0000760805082006390028390450007000039000034002300900003000009200000000000500010004
0204030500800000900340000020007002300600200000900600040000005005000701000006000084
4003090000200000053000000000080020000370008000005809040800207000500036100010000404
4016003073098000000000000009062048050200000000005700000403600500000000000370000924
0000000600680200030000302000008001002000000704000090303007040020709600800000000054
3840105005000002006070954031000000000000049080060720500000030700020000054000000024
0000600040000090304500806700900200060800003000030540200006000007401000020020000404
4023000006080247390030700022308060500040930070900000000000000060007008005000600004
0528030070000000067000000409450000000260050300300600200600200052900008000000340624
3700500080020046300402000000040000100000078605000900002308000590000000009060000004
3500040070080020000900000500060000007005400008040901700000060006800200000014000364
8000940504000000000000003069000001000523700000004000300040080723002000000780500604
0076000000009052003002000404007200006000509300100000005040003060000604202000700504
2000590800000070900000402000047000000200086700750020000023000000400003000309065044
0007000000800000006350400000509000040700006509040001030000803200402030050015600004
0459000200000000303004520780700160090000000000040003000360700000023006000002005004
0500000400004301000000507301408000005000030690309000000026005006030820078003040004
0051000000003002000400050000900200000020004760080700000040085020074003909000010484
3000000408270050005000097030009000000406008200000004004302006750803000000000402004
6004003100006004000000700000700020000360080021000070500603007005002000093000000604
0000500005000340800000000606052780904200030008005006000081004200000670000010020054
7000000300290000706084000020002904030005060004007030500000200002503000008040006004
2000070090709060319602805000000000000000000940040203508070059003000040000050000134
0500600040003000000004085300027006014000268005068000000000902008000740006040003074
0009000400803005000060200002040003067000010000300400506000049000720050008002000004
0010703000000042003062584000070000300000269000900800200000000036300000500403017004
0000093000843500029001000840000806001054700980000000400000007003906000000420000004
0020050000008106030006070003004702005000000000902030404600008002000800700380000094
2000490355060000203002004080500000700040002006070030409003080007030020500000000004
0000000000400600007631904056803000000000501390000000800050013600200407000000300004
9500007000002546080000063000000005005080304000300200007030009056200000000856002304
0000584000200005000900040030420700006500002000800296000600000505003020900701000604
0300000008050000020029007400004093700007300000500200000060040104000936000100704004
2408703050030200009750030000000008000006820040300570006000087000097300010000904004
0800903067000050409003007000200000000590026030308000500000042000000060708042005004
0750060040060090000000000070901000050020503090080002000000209036000040505030000464
0000060000070082000000000362000004090800010033048000000000840006403079280730500644
0450300000020089000000070600300500000200043094800206003041708000000000700503002004
0203000000708000000050607000000030708000000054901200001000000600004008270009004004
0004008657500060000000000300760503000000000748350000000009000505200100060830007904
0360401000200703007000000800800300012000000501000080060005000000407096200506007004
0000390000300000000058070640010758390000020500030000060007900006000040700870030204
7000009201000600700000300006000400510200000070000003040000080008036000000072504304
1000000305060030903800400000900002000302500002600009410071000090020800708004000004
0080000202760040031000080000000600074670003000350002007000050000019060080000200304
0705000300003004005000601700200408608400350000000000000009000020942736080000040004
0300000084000000030080402000000800000750040301003500009804073053005604006000009024
0000053000300008690000002050000094018400205007503600005126000000700406000800000004
0043600000000000690052003042400080000000000009030170808000062410200008000007000904
0430092000000008030027530000058000000083050000000020608004160090000000020300084004
0060810000000090005200007007000000020004023070045300003609045704003009600900050034
0005070900000000081090006408002000007000090805000000026200030500100800000000904204
8000002067902000002005003004020000605100300080004900700000000009000240003046090524
0020008034003502676000000003002600040080040320009006000004723500000004000700000284
2040508300007000000000000010060300500002000400200001670000030008026940057030006004
0000600105000030003060400080709300420030840050400006000004780030005020000040000204
0000950600500040000000207000940000050375002000060734000080500000734000000402309004
0080009000000062000000004030700000058060900340200030002600500499007000000074000014
0000000000000500740540200030401060000020300870380006000006000382037000100603400054
0200007034000000610000040001000705000030060040040500306500009079002600500300080104
0620000000000000700080001006750300000200070859006004070900600030009480000402000594
0090004080050060000000010050000000603704000000640207305062900000000052908006005004
0000001505038006700006000040300045000750300000200590804060000000000000020520030004
0350400800002000300160907400000009500400000730590040000000000007030500280001030004
9000785020034000006870009340009600000080000290600050030300090000260030971000000054
0000030670000040800370082090204000030007200000400000080509060306000000040015000004
0000130000007004000000001380000000830003680008402007002096403500608000000750000024
0720003608006200700000000185300000000007000090000300800100090037500801906000040004
6250004000000200380090700000000000609430000002000900000008072003000405007069001004
0049000802000000000070863209008006700030000906001000057060004005000000000000420004
0000004000082003060030060024000617000000800005000030040003040000520000000600700854
0090450005000000400076900307300009008000070202064000080035000000400280060000302004
0006200000538004200700040000960080400005000017000608000000005070600309008090000604
0080070000070026350030000000042607003000804065000000037000049080025003040309005024
0000000800007003000030900244300500700500420000098070050275000600800260000004000904
5000004003062048000408050070006030082070000000000800400050093066000000520000009744
0000003006103000500309600082006004030800200000000030060008500020050060900070000044
8050700200000059000004000150405020760000000040060001300100690000800005000002000904
0003070000380015790000000400000400000096002302035000000000300000409060080020006054
0000000060054017084020060009002000475000003600430070008000502002000030000749000054
2000003000090000070700430900060300000032007540245900000000000055000692480020500304
8002540016000300090006975000703200042004709000000007055000800600000030000230000004
0000280090600300050026008000080040003000001065000810070008736400000000000700563904
0060007000007090030100008008001000001936000400000000070670000040004200000040009504
0300000020900006007003540890000300053000600200260003000000000079410080000000020044
0709000000050408030200300000060075040000009380000000170094063000025000060471002004
5040208100300000400070600300600700000000150002080000007060001043405000080001000004
0673500080200060000000080035030400000000000000061035000004093704005000090306070044
0000500098003020040300006200000000000080035600025607007040000000007400930100064704
0040002730000060000020305000000000006309000580000401620000040000507630203000057044
0054060976308010520205008601040000700000000307030000050400000000000700260009080004
0007000260060040002000009030020000004600350807000000050082061043000000090001000004
0040030003000060800850200600005002000460080005000300000504706000780093200003000094
4070800006024000070000020300047500003200007090000000080050036800000000459000003014
0024000608000027005403780000000009006002800400300076087000000009050000370200004064
3006907100000000000004000500063000009008024050000572000107000036025800000080030044
8000000000050000970000238000300060000600004750500091632004003000000700010000080064
5040000000300070009004200700420000696000002080000304000000003050085000200000840004
0020000000030906540000000000000800009000400384007050000000000230205047000400310004
0206405000070300100090000000605039080000800000000900040300050200724090030500000004
0000392500260000000002006800043825000000009002000560006357040000078030000005600904
1004500300700000000030600800200000080480090000000306040006000030805034000000200704
3500000000080270000000009030010800500020438000400000600000020807008050340050300074
0020000350095068020050107000470300500504000000000000005040000200200080900309504004
0060000001840007090000000300008300960000000003075004106231009059000520000050002704
0203490070005000000070000080020004003060500008050700200000080009047205030006000024
6000040080310000508000600030000900860200370000074003200085200045000100000000005304
5000008200620004000000000030400100902080600000000023700000000056000700344900052004
2080003000000000069005820001092006500000100000703002000008005000236040000000050604
0000003060580000200003020506072095080800060000498000000020040000036007000000008344
0000050400079230000026000502004065000040000109050076000000400603400080000090000034
8507000000000005042400000707000534060300900070601700003060200900000090000720800034
3020000400087009200000245305000000090002073060009000700703000002400000009050800604
0000600310271000000000250000002063507000530400020000702000000000485300000500000644
0000590006000000130001048060020000000800070450008002302300000004680000500000037044
0000000000300070260020000300805047014000000000908200035000304009710500000000020004
0000008020080604300000130670900803265000041000030900000200000000300510407003000004
4926000000500103003000040000060080000200050080040301060003400070000910020690005004
0040000000005000900300200670000000306890072050206000003000010064003960000014003094
0806000500000010000410002090203900000500800078000000044005008030384600050000000104
0000200006040537009070000000010006005004903077005020400302065000050008300003002704
1000600000980500076000000910000350004300965700002000008040020030205007009500801044
0400032000300000600000203000060007034030060029070000400600320942586400070007800004
0000362000060270003520000000400000260074003090602080000000020004300005002003504004
0003005000600900005020704060204070500300090000040000000000469201007030040000103004
0000004008000500262340000000250080304000008070030002000000026000007000813604800504
2700030450000003600006000025000000000475090209020080340501000001030050800004000004
0009480004607109000000005000000003008050700001040800090000000509801000030170034904
0470083900010020000500007004652000000008000070000032500000000100000095002003049004
6300009000000000780004600051080000040900085000000450039000700260002000094005000814
8002305002040000307000002080000700096000050000000004203080007060700020800004800004
8004600000100004305000030000060000100090000000000207502400000790079052000000426004
0000568920700000300003020000004050000310070000000003560020000007000406104000035084
0400002000017020008030000600000000283000700000008209000000317406000000802000876934
0804300700400060000002080000009200300270034090006402054000506029000640030530000404
0430070000003000200600020000700800060007204080009100300150000004070053000300700504
0050000200300000000040576302000040090000905000000000707001009065090600008000420004
0000000040003900800900800020050170009030400000100005001260008070540000000802050434
0000708003700206405000300200050090000070405004000030000000007030006829010600004004
1420070000000304010005000200000000057030400808000056100000080002090500744000025004
5000100603400090070060074904000008006070001000030820000000000000020700000900530204
0097002000009030061800009074005078000000200000050007017000040800020500008000020044
4002080070000490100070500032000000045000000000000238000000900700000620350010006404
0910000800001093008046500000703050040000002060000008000000040094000200700050930004
4005070300030007800000060000050004000000000071403050060000400000000030720678905144
0060490000500360100000504700070100423000000000000000690025000949030800000400901004
5000000200000027000016083900030405000900000802075000090084000000020070000402006704
2006000004000970000300100009008000400850090000700300905690000030000800020024607094
0000530043094000200000000000713800060500100000020000439000000080068050300000370604
0342050960509370200094063000003009007010000000030020700000095600005032800000000074
0008000040000020008403059000006001000037040624700000001300700080002000037080502004
6008000000002000090003004000005020472300061000750000004000036703860050240090000504
0000000102570830600400093500700000000020000000698050004009002030007000050300020044
3060700202905000000400000070240000080800650326000070000000000400000207950730090004
0030000000809030000005670087000580002053090060306700006000453700070000100000005004
0000206090005004002800070000000005409080100003070500810000800040640010005200000004
0000003001090000000040050900200030074030200088600500006000170030080340000000002804
0702009005040360801060000000603000040000603004005000200574810000009508003000070004
0090000622005003040003000700001000074700500003258070408430000500000020000004000304
0590600004030007500000002000014000205000030000080029030108000000062300088000040054
5007420090000600050000500800200003000900030400485000000000004509000000620002140904
8000000600005008170000600040000720306003000005200940000000300093000267400049870004
4007080500603000000000600005040010300200300790000040003000098020052407000000073004
0000006300040009000010600484000020000300081070073000000091060035000700290000240004
0050000003700000000420006790008307020000070861000000406004080107005030080200000004
0000000000720500049504000034030002060000070000600200050000080420040690000002043804
0000803201500390008060020000000000089832050602078004000000700066000009000080000504
5000020000035002080010005002807003069000060000070000203082609400500380000004008504
0000000000002000800000306055400763920760200000320500000030057007003800502000004034
9000601040000003002005006098030000020008300004067090035000004000102500600406000004
0420800600600573200530007040300060400070009000800300000005284000010000050000090004
0028040000000007500000300200002000000073400020296753000047862000809000403700500004
0008000000000900320490000800030650700000200060000705004702010098107000000000060204
0450320000006000000705000000000050031000000850503062910000000260000030506234009704
0300000400790000000000000708004509300003000650072000006200740030000006100986200504
0000900841098075020043206000300064000002000058704002000025607000000000000000700004
0300000004029000000054003000405000080500762400002300509073800050687000000000000094
0005300400850040030406000000793004002000000050004720000200000004509207600008009304
5300000080627030540000500006000000000004000209540203760030005000005090032406000004
2007080040000000030006005005200000067000100020000030400080093200400800000300054704
4000050800003465079000006000000009080045001000320600000096314000070000066000008004
0543000006000020073724000000000305080007000032050060905060030000830001000092700004
0004050300032000000000000050300060744000090019050700000600000002007000460043602094
1000030002000006000560000300030020800005090010000704030200503000000007200086005004
0720003010108000706000009000000900070032500400204000080009002000003000000050600004
0200000000056809400400000584005962300004300000500000002000000050008030000387020604
0000001000000200350600009876800040000206000935002018003000506400408000700000473004
0000600032700054000090005706000000320100068500040000090300200000400593008004030064
0048020600070000006007001435820006100609000080000000000060354000000000000000009804
0000203000003589140000040000080000060000402001070805008500600077200300000340000504
5320400670006008030001009000500004010000003901005000000000300080007060006900520044
0000000058471060000000000000004030010028000930700900000100009004960007000300078004
0200007080001900060008300900970405000020050000507001093645000070000060000000000504
0052000100020098000045000060000023400300042080007000007000000016090005070000030804
0090042000081005000000003065630000000900030004002000000200900300000058700507000244
0903700050400001068000000000602500900000060000000007000030008006790200045800100094
0000050000000629100024000000035462072000090055900030400009040000070008560300000004
3708046000000000006000053182000470064003000000600005030000900000401030608000004704
0060000000372600090500401360000000030408050726000240008600520040010000000000067004
8000790035600230007000080000800000244020500600000007300460000003000400900000001024
7308006000020000000004091034000000000970200500000004365000000000000060102001300494
0007600409025000000000000082039000500006000007000054020300062008100300604000000004
0000000904300500000000600020020050300003000800042006070039048000000000008070030504
0000000200520009040403000000070030500007502000906024800000070304100080000002000004
3000056010000000000040100500000040009000302007602005400020000088007903204000020004
0001000050050003040307008102000009000470105000006780300020400098000000000005006004
0041900806000804300080065708000500005070000000324000007000050900290600000050000034
0203008000004653000300005000406000050060030000000070622000500490890002007002006034
2004070088000900000060580090750000310000020700000006000000060000290045000840000034
0006000007040050300203000406000200008407300000050002000008600072300906000060000204
0003014000060800010400000004807050000000109042000000008700300000002000066000402584
0000000000000510897009001060000800909382000072006000003204009780500000100000003004
5063400000090008070007000006900001004320000050000052009000740000000005000006507024
0008000000364700000985004620070003000400000260059100000600800350000000090003002404
0070000004000009020000060010000500000804026071030700000080000000058300460200000754
7000003060002000006504000203200000000700009400056902070043000005008000040000060914
0000000000050040004962000078703006006020008030000080495000001000087025002300000004
0240000000907000300035407000000040200050000000000800530001000000800769054070000824
5000700007000000900000010850200400570030200000000050606050000020300000040980040064
0465800000200703009703205000004600070680302000030000000070400500000000002000057064
0650000900940000007000410000500608070000073640000800200000509300400002700030020004
0000000000050230000300070040020000408003000013704085006000051900000046030208600504
5000002030000070006800009500007600000620005008000020400003040092306000004080500304
6500020000386000200200030700005900800800000500472000033000000020700054004023867004
0304000020000000000000900075002000400906105700039000000593620000040000000018500364
0034520090006005000500000700025408003010800000000030200200000000050700830000061004
8004000000020004000000000050078031545002000000000006030089000004093800063065742004
9070002030002504900000400001000600005043007000004050000000005000020003000600100074
0000063003700020040920000002000000007040000100057030486400500090002040565080300004
5600407900080000000000005104000010090706040038000270010304000007800300000005060874
0009000000016000050500030020070080000900006000357100980090702000030005047000400804
0000009649000000051805000030030250002003740000000000000107004000604005020502030064
7200480000000760046003000000032009060000503002467005003000690800000000030000004614
0000094300807000000070020060000006050000900006001708495000002000420300008039070004
0043900006001080700000060000076000109010000040200700500500040960308000004000000024
6000215408000000000000042000000000030002008000500400090209000657306504000060300024
0000004007300405060002000080907006005083040000020060012000600000509300400000052004
0009004003000000000080000970800360056100003800030200000060540700050030109400000024
0096800020010000063080007005007002430030068074000000006200005000002003000000570004
0020500000000008000030000940300009085000000300704031000000290008005000060108004794
0087040100000308000046900300000000086005000030700000004600700905002004000300500804
0000503000000000020360010400000080005000360040020057698009205070530000000000600004
6000000000000800093000010040400502380900047057300000000073609010000000400009400674
0001600805000000600030000290000500000409027007258000930070000044600000300000049724
0302000900600004102000800000000000000796000504000003003000658005004026300020300004
0010000040704002000800900600000100000308060050260000790002058300000400000000000004
0040002030007000000000500845400000080102003070900000020030068000005701300000320094
0000200459504083007003000000200000640900030070062000000005000030450010020700090004
5030900270704000000965070080000600006000000320080027000000490007301000044800002004
0200600705000070300032000000009008010000000402080053900000020006390782540000000084
7000080001300000050000014904000000096020050740000070100030740620043000005700060404
0030400000840037000060501000420003078059004000000009000000050092004305700000620034
0009160006000000020395080004200005080003500170000000000648300000530600200004000004
0801050000007096050000820000000004522600030005004000003500007040400700060090643204
0000020000970000002010500064027000039300050207500004000000260340004800500090038604
0953080604000000000200000050090600430500306006307009001000000000000098360008405024
0460830050000000205070200000023000009004700000000025370090006010200940033500000044
0030080910400300070026000000000008000700013500060540093008000705000000000002000084
0050907830020050060007000003070020504000000000203000700035400692060000070000008104
0001070501030000000780400000403020050008059000070642000050031600000805703000500024
0045030000000007001000000000060000200030106500000500010410000096800090307004300154
5000030040000000010006500003000142000070006400003000901080000500500024087000090124
3920006040402050700000000230100600000573000808000000000090807402006000000000040014
0000000006800100340008007010200070000004030003062000800607520007000000005000003904
0030000079004000010402030060020009000307000206005400003706004050650000001008000004
5900000000000700000482690702108007063000000000000070000000004807000010900620300004
9100060003000871900000006000090040035000734020000007692456000700700000000000200304
2059004000040006300704000200030900000000007020470065900100000000508403006302000404
3000000000000020390000746000260004800400000007000800010300070900050900000698030204
0087003200070000000251008704030009000000035005008000028006902530000580102000000604
0000000085007004302000000000050000234001006099000500000020860000049000006074308054
0000070000562307480700006300000108750400000000025000007300000000000004000080000264
0805070030050600000074300000000700100040030757010204005398002000007000000063000004
0000090105000800032070000008060040210209300800000000000020900000903200780600000404
0200000000500000860079860500020000300000924604603005020045000000000300705300280004
0000083000730200050000700012060490070000006401000008000005000005000010040804000304
0700800305000010000000068020038075000450000602000907000360701508500000000000000004
0000001050502000009308000040065900001006703000000000260200040080040000500000054724
0600300700245700090006020500000000000307500200000060040530472000020800430470000804
0000083007400608052000000008706000400000009003200756000000010044000300000030500094
8432756000000030800050060030000002760609000005000420006000000000203600410000209004
0704500006007000010020000000300000050006082000009403000060205701205004003000060004
2430605070000000000000930085300000090069040200020300600090406000050020001070000034
0003000050000000008020940600000005000607000120034260807100000500459100000000503004
6100007800001074600800002000050420002460005089000000004007050360006000020020080404
3090000000500010400002000031360040009000600017000930000027003608070100000000000504
0300400004083050720057083000001008600000000000200000050590034000010920570000500004
0000305003209006000800000344300000000020000008006000507000500800080203062010040004
0700348014020000008605000092000400800903705000000000000008004000360000000000072604
0006000001090000000600500020530400606710050800000000000008207300264000900400030004
0090200500420000070007001030060000005300006000070804000005493020040710000000000004
9002008000500006030713085007000620000900700000000000570100057060004309000000800204
0045806003800000006000705034509000000600007008300200507000608005001000740000000004
0000060003002005708100900000001400302000030000090000805000306070008709000000002504
0000620300000000009450302000200706895000040010000000000000080074900060058030500004
0007002307500000060930085004000800000000003200005024000003750648042090530050000004
0004008005000730004200000000800203902006000803005000000600042030030520060100064004
0050402606400030800006700000003004200090000500540200070600025009000006100100000034
0090300500000060008305000003806140900900000607009000320007000046000032000040020004
0020080000000000500581006970195000002040000007000239000006040029030050000000007004
0000000060150609007002008030200800409000010000000060000000135000500000002040500304
0000000000836401000040900000000063028400000570002000080300005000500030041600800704
4506000270007030000000080930960010300000000001004500005073000000000072000000050004
0008000500070006403000501080000860000000000204652708900820000006000003020036020004
0000000390502000006100050400003200000000610089050000030028070000701000604000000074
5003000002700000030004600080802007047900040000000903000006002050000800003000429074
0000800106000500000230045908300020470040000300000000650000004530020060000005031004
5073000000835964000000020000040032000700405630000600800054090020000008060000207004
0680001000400300800002046000000000704905000000058000100897000000030920080500000024
0001000700805640093000700200500089020340060000000003000700052600200900000030020084
0200008030000020909005000700000401007000300050401500060607034000040800603000000004
0003040800308000070000160040000092030700000000020004000000006000249753000530600404
0083761250000050680000000000600000040720000390340000506008000000850640012400500804
5043078900034200007000000000000920003020004608005000000008000201002490370000530004
9042000007000900000300000543007500604000000200078000000000093000030000076084200014
0050000040600025000430002000040000030890430005008000420000090000905306081080700004
0023000000300004800051070000905860040000300600000002000600200900090000053480000014
0070900140000000064092070500900004000200030000000006030006020000030000007010450604
4096005300008409070003000025000004000305000000000140600000000000530082000027000044
0205030060650093000000000006000004309000100000700000050040069008002000000920740034
0000007300690400022030900040506100000010003006700090804000005700005000000850000204
0360070010080000000903020000406300500574000393090002002000800038000000400001040004
3070040900905080100000000056000320700090008500000070000040700301000050070000000604
2000040080005000005090300206900570300000090508000000020040000007000006853008001004
0300080060205004304090000000009002000060000001000540800700420090401800002007000054
6020500040300000705048000028001000000000300504000000070000000860007642030000020404
3020900040704000500000030000000068405000020900187000030400000302000040000806700004
0040020030005087460000000085067308020000000070028000000000000000700000340401035004
0080047024028000060000500000060074000000001700140050005702306900000008000000060074
0305100480000000005009040000000000010000900200153000702060000009007800307800002044
4000100750300000005900600000000030070594001000005008023700000000100002640806000004
0073500680000000522008009000300000049000600200629400300090100000005000063002870004
0000000000900010302000807095090020040073040000407000680000008000060072459000000004
2045703000006030000000000000867120540294007060000060006503040074000000020031006004
0000000300003090068002067140200904000004000000006730020937800005000000700460352004
0000000009020403050000070080004000000083524670500602000000039044005000000062000014
8000130600020000040300540000000304500596082000030000060000000430000009700005800004
2000300000600200508000040000302769006501030000000000300060000070976000000005002044
0009000000560003040000800002400080000050200093006000084600307020002400900030000054
0000700140000000005206038000004000002043000700008014037000090000300000000060500284
0000084056070000094100000000000306182005000908600000000060000400506043020000905004
0000500026700049000030710000907080103070600005000007080002000000000900050090002034
0000003004000100500673089100209000000032800060040600000000040310000504000000000874
2000000508002000000590000209700005403010597060000700030000000017100203000036040004
5000200030000697140000000900080000700279400009030000080400000200000020000098305404
0010500308000300002004006009005071060206003004000000070062090000403000250000000004
3007504006000000204000086000200300069000420050000003700080050600000000011300002004
5013000000000003000060800040280400000008000037000000060390084070079000620500020004
0000026800005003002000487050430070006080000037200000560000005088046300000000100004
0000305029037050000040000003000000000701000640090260300004000000060002808500700004
0087360100601000000000003702060900003000700804000000006020800030009100000000672054
0000400135000000790020050040040320000070040000507080301003000069200007500000000004
0500040020025070300060000000000030000397026040000000501006003000002004003600900874
0300400084005030002000100000000000090010000509008506403400090028000000070002000304
0000007003500800000086020001030900000000000890000206705040790009000352000000100034
5039020000000000070004300508300000000600090400070100000180005044025000100000003804
1007003000000500020090204000300000005000006300009000700200937008002760090000402004
0019050000403000653500000005002009700070000800004090236050010420000000000000603084
3000000600003400090800000000200000070000540200742600000090002001006030000600203504
0570000300098730002000000006000003500000200040800040900105000090020370000900462004
0080006200050000000008010500406007300000300009004758606390802000040920002800060404
0100009060000300700000000000070095240090003000504287609005006805000860037080030014
0000060008200070030701000000030004009400500026000030003800607257600028100000000004
0307400600000000300102095081000003064000037000000020090000000000050600023725000044
4000390080304500007500000000030601475700430060000010000408700900600000700000005304
0050060000000000021000740000820007900700400065060203480000020040206905830000389004
0000003707450308060900000000000206055000000080025000106007400008103000002040000014
3490600000000000007000020300001000700000004050508300604012000075073009000300005404
7000000030000050005400100686000002000010486573000500000000900760000000004850200014
1600047000000000240050700300000400066000050000200603400008060708703204000300000904
0420000000005000400030406253006028042003000600000890009002000007050000390260030504
0382006095490000070000030000800005706954000000000600000000900059000050001020004004
4000000000062030080004083070039007560800000000006302000290005000000000010045900604
0003400002000000405006020004308070050020008060500100000070000800100000000002080694
7040050060067002030100307590002005600800000320620000703500020000008000000090603004
5006020002090070100000000003057000090203000060900085000000000008060302940042007034
7000000622000005039060400000000024980100000000020740006400070300000000700000030014
3004600000020003000670000807000098010000000400040820030057036000090080240000000004
6000005005000000090940002000030058000070640000000000413000067100700086000050374024
0020080000500000210060070090009020040008500006000309000307000000000690089074051004
7190000800000003000000010900036002400780530000600900000204050003850067000060000004
0200000000010046000000018000060050270930105000004020380506004003002000900690000004
0000200006037504100000009000720300000000800500504000009200050008302007000600400304
4000560701690370500000009020080600003004200000200000340005020060500030400000003104
0002700450030802005000000807000086000090004008000310070903000060005000000300070144
4052000096020030000030050000504000009047500310000205060090706003000000080065040004
2034000090000007608006204500500000000020090009308000000001038000400000073800000264
8400650730000080040200000000009000005017800400000300523900008600000000002600470004
2030000000070350100000060903150097060900020006000030055000004000000000300060400084
4075030000100900500034200076050840000000020000009000082748005000000000840300000204
7600305000800000020305400800170062008000700090000000005000003000038040260006004004
0428000505060307000302504063000200400800031602000040000006000000257400300003005044
0000370000250000000004502008000100493000200500400037000000004004030009009000008274
0107060000000200803005807007510604000604002350000000070000005704000000060739000004
4010000200600000030000006002000500000800300000054073006400831055000400000082700464
0902400080000002000400780010700800304083005003000000006040327002000090000000500004
5604032000000000000005010093000000261578000040060370000040200070000008030003005404
0200007069043002500000000006400080020090050075007009840500063000000000092034000004
0050602400000000009700053060263000840002006350000700000000920000030040000820030904
2050400300070350060000000025764003000040000008900000143620000000000039000005026004
0200000009008564020500073600640000000020058340093000070050082900030200000400030004
0042809060050000000200960000036072090000000000670200000000000350400057089508036004
0004950200402000000307805000860000540100006000000090002070500088900203000008000604
0705000300000000004023600070030270090000000080800006500604000005482700009300500204
0000078032000090000408000500790200043000700000000000900800900009000647010060080394
0200000040001000000030040070000004000040237566000002909086000000003070084000005604
0690400000005000807000230040000002080700000000217900036000003400070050090040300564
0007009600070000000003040074000502000060080103280070000802050040430000020006000504
3700000090206000000002008000025004630300000006000309001000000050083200900694083004
0000503100002030003000000009063000471058006300080600000004209000030000020420005604
5000000020320600078000030000003006050200040037800000400900280300500007180605070004
0040001008000030500000246080009000000070063900300000453000089262400000800060000004
0000960000700000803001040608030000500020600300000700410005200040000008050080003204
0175090009000080400060002900000570020506008003000004002600705308000000000004000004
0000490030051087000032000000000500000000002300087046002608035740700050000304008204
6800300007008604000930000000004200000000900020010007085002000009240876050300000004
0000000002405089039000020003006207080008000016800043004760300000004000000030705244
0000000000106074007500009080007403006000390400000200000800030599031000070600000004
0040100505903000003080056029000300008607004000030000004308000260004031000090560044
0008023060530060720640009009000005000006040000207050003020000000060000400900030074
0300002000000300800021760401700090004000000000000640000643000000200507000050003284
0040009003700100640280000000900007000000020000037900500000500308300090264050000004
2008300090052003040360000700000000406043798200000500000000030020090080370134000004
0960000000450203670800000010071030840000000000530042006090017050040000300000000024
0050640000000002000600003500700000022005090000003024083104000000000078430090056004
6800000000002008039400050100900000040070000900209300000300100700547000207003085004
8010957600003000020076080000004000384100000003000200060200800406000000000040006154
0000076004000800701600900000048000000000060820030004005704029000010390040005000004
2075000000000000085040800100008940000200000006000320040000030007000506309306004014
0700000520037000685200000090000076000600000032005000000014300000001064000000050904
0000005702070000430306000098050290000700000000260407000004760900003000000800020504
0085007000004090500700000006007038000000080204001000907000000010100600030020500004
0300090000094300000200670037023508049602000000000000073400200050000007090000000804
0007000000060050400050080200904003000580000604235000000000000030600740010376200054
0000000008250400606735204084809032000000020030600700040000907000902078050000000204
0900624700000030050005400002050000610400008003000000000000240000100900000640300104
0900340200035768040000000000000800000250000400000032060809450030000205000000080104
7000005000007400200009018705008009030100004000040000500060301000000700950400006384
0390080000000020080005600200000000020030000600204360507500000000401000000600008304
0810060000000000000003870020300704100605000800081206000930045288050000604000000304
5040000000075300020610080001204000000000050003000208040800000600096032006030009504
0520008040800040600000090000000076300004500007009030000000000933480000000600000054
8000541000007020000000900060500004009000870300600097000070060030000208700340700024
0809020600000070000005302102900000800000000006001400705460800070020000000083006004
0000386700840129002000000004000090000000000150000800000100000000030907000000462084
0500632900002400070000000000010200400300000007008090000400700000200003580003087004
7300800600050009000000300000000150303020080040040000590003560470109400005030000004
0000000067006032005080270000400358000270405008009000609360000052803040004005003804
0056000000400700603000800706900000020800000000240070500320005008060020400700632004
0071000000000040388490000005000039000000000007029050061000005000540020070038000204
4000006020002000009000007000000000000067403800070010007029045083000700608005139004
9070006485009000000320009502000083040000000056532000000200034900040208030000045004
0000000000010900580600480000060700040200090007005000320001064000009002000047500804
5400000300200907569002500000000002004300000800000800070860204000020043000005000004
0000600500000001060050000001000000000507304900030007280000500000023060850670200004
0000005009003452600070000000000790006000000001002004080900100530459307000068000004
0000040096050700010000003000000500200403100008000000004000920069008007007005010404
7000000600040090500300000001002800064009000080023000400000000023697050840200080904
8000400060260000405000300000600030000085001007400680000000500302530807040070090004
1004700020570020040000000056082945730400630000200504000300062000000208000968000004
0000710905000604007300002009000000003870240000040000000780006004509007200010000054
0710340508030500045000000300300060700000805020000700800000600290062003080070000004
0007008005000010003800061490000090050200000000048706007300654200002400000000380004
0000001000006003080000700060034000052005604816050000000098200477061000030200000004
0300240600070000020060850700000300890000002004000980577000030005000000203001506084
3207400000000090009080003500005000400001060900000030020300000000050280060420000384
4002957080090000000500040600020000007005004036900438202000000000060502070700100064
0000000018026000000001400000700000002004030760090203509435002800070095400200000004
0000500010000008000004000579500020060708000300367002800000004000200940680031800004
4010200060007040000000000000806000000204700100000500639002408002068050073000070044
5000000000005097620700238004000000000026370400600800000302405090500080300040000004
0000900430007006000370000009000300010530204000064003000000000200740020388010500764
0900051000040060005070002008703100000000005000360400020010030400531700006000000034
8000024062000010980504803000700600036000000000950000000005490000007000200490200604
0763080000080000000200064000045001200000790000506109000008000090002000053050640804
0400000000000004309050300716007000040005060000890036100000070430080100005020090004
2000400000007030290030500069003208050000089000000000343000005904825003077000000004
0005007604000270000300000000002600070009000050030000009040080007020034000000009504
0100200400037006006500000009000000202870400000000700050048000000205370605004000734
0207000000168000000000001870000000004070036903000050000750300262085007300000200094
2000000006002083000050002040390405007200594004000629000000746503000800200000230004
0000000000005000420250070000030054070020806008403060000000940060706030080908010504
3000860055000430060800000001000502080600070049030001070040020000009000807000304004
0000003000370082000000157840000540030630000500050008000005704000080305200406020004
7400080000260430000000070050723000980000000036000020004000002010000960040002000004
0005040001750200000080900000040050030300008020000000400000400300260000008090601504
0007000154256900000005004000009000008300500070740300080080000045030000002000000964
0900403203100950700000000000020000600400100000050000380500090007008000500060030094
3050000006400000190900080000504236000120004000000500000000002540740690002300000004
0000040505010904870005072060490000000000400020052000400063000000200709000000250004
0600000000000100079002050000000005000010004600900560030507206806800040703700000094
6500378000000000060004050030030000009000060200200500640400736500000000087905400004
6080240502007030000009000003600007000004008104000000000046000005002076000700305004
0203064005007000033080000020000030067049605000004703000900002004000050000062090004
00030000001907000350000800060840000500000630004529001000760008000000042096000000049800000002300500080400000200000054800003405000060283000085700300000020450000300605
6001000000005000402000900803000800007006000030020000000400053200000207000008400505
7080400500008900170600000000040000020000750080020080005000090000000036400860000305
0500000080920600033070100407000300000060007000004000020253900600600800040000000205
0600050009040600803700400500005008000000200000053092000062000000001047300000930105
0020409000502000040040380601490008000070000900604000070000600000000910030000000025
0038520000600000090000043000080000370523600000004001000070000008069007200000050005
0001040002060070000340000506000530700450000200900604000000005020103000003509200005
5790300400020060000030000700000980000002000500003000800040807300204000060609030205
0000026790080000000470000035000600010002040000203900073000260000050000067005008005
8000600900000300050060002005700000000902010000048500020670009040000005030000100705
0000000004050900002006700030430200000508002000000003706000450180080014000200070005
0000460570100000000060010040304000000020908005000200300003000069000000020032650005
4007050302000000000690020000000080100002074030063000000876000520000000900000003705
3000502000000040800602003000504010034070000000068095045007006000000060100020050005
0040090006020008010000200000503000600000029080070000000007300800406001000900503005
0000050000400008060000020047004060006000009000108000005000000200800740030370500085
4200000095009000000000803000500070300000000101600050000040062008005300060001009005
0907030282000009560000000000000000020364000000000905000600000009010260700000050405
8000300000405200000000069000000650000000402004008000070300094200602000000104070695
6000000900000070340070060003000480005007000200040000009150000480002003004000000105
0007060020028000009700004500030040284000000300000310073090700000051002000000000005
0720063006000800013000050000008500240530000002000700004070300500000000000004627005
5092060730000030001040709000000007006030000000000400500900000000003005000070650495
0024000907000091800300050000600040003092000401000000038000006000900020000070004205
4010000000000309046000000100000000508000002035240600070000040600000263050003500025
0035000009006000800400030510920000000500600000002700000600004000009040200070109005
0500006013089000070060000000005603000003000400608000097900040050040002005000020005
0500000360200000000940500100002009000008300004000000500020000400080260037063400005
0700901004980605006020000000030000078005300205000809000000000000500403000002050905
0300000000008000702400950300900000000700805063006001000000020059000003208000307005
7000006000000024800000400795000030070008001000090500000003068000460000002080009005
7425800000000640000500000000800004390000090050002000000080705000000458000070206005
0000700000000039104020005005200903000300684000080000003005000000460072350000000065
0007000028000406070500020030400000350039000000091000080000004001000850004050970005
0042600080210000400000046005000000000300080000006007050027304000050000020090400305
0002007600000000055000048004030802008025060030600000090000003000300050020060430005
0400020500000800000000470008000590070000000600503060020020000090050037040608000305
0901407000000000020003000800000900477300620000007000050040082100000100000790000005
2001000600000020080068537000070300800304070000000600209080000500000000000400080065
3004870000000200000500004009000302040000005702045000307100090080200000030006000005
3804000004006000000060025005009000000130400000000600700502800010003096000000000455
7400050200090010402007000000300000090105003040000000800930000000050006004600200935
0200000500060010004300500003874000200402305000006000700040000360039004002000000005
4600002000090050003000080000000000000000203040706305000009007307040010096000000805
0800049000035700040000000000000000000040008060603205002700380000000002010500410705
8007000000200080000003500080300000600580700100070900200000000013652400000020000055
0020000805730000040040700000000000002000000070080149500000060090968504000000400025
7000000002000600300030006524009000038067000050000000400904080070000320000020000085
0000070500060028008054901000170000000000030026000045905002000000007050800040607005
0832000702057000600006030000080407000600005003700000209468000020000000090009000505
0000097000008300600006000027000000300069040000020035004000003006090800400503000765
0380420000009002040050030000047000007003100500200000000700000035000000000000098605
0364020900000803000000000002000900000000006500040009710000060003050004000470001605
0000872000080420630000000807004006200240095000050604004090003520000200002060030405
0000090050000043000570280010080070000602000000400006200000000009040530000834029005
0000000000300009000025100680007060824000500002000300000000403000061002500900600005
0651004800080300000010040000000007000203000060807000457000000000000009030006420705
1005030090000000000700002000002508000000000000054000010040000830830700150510000045
0230000400050006000160300050000009705000090020800040000600405000000002030008000945
0070000006004235009006000000900680007230056000000000300500000003000400021000000855
0600090000170040005406800030040203000000000060308007002000400000005001007000300505
0000000003000052000090804070020400309000620000000500800100000050000003408250090065
0008000004006007020850000030000460000467298350300000040000005003002000762070000005
0000024504030000000009003070090056000002300002070000003405008000500600010007030005
0490010000600000348000067000000000070000002000002480060050070430200390800000000005
0018050300000000208007029500000000005000000436703000050000738000900480000500000605
4005010000000007000900834010200405705000000031060000008000096000604000000000003825
6509030000000003050000620000040080201000000000892000000004000838906007407008390005
0000006000782030090249007010075300000000000000090082700038000100800020000400000905
0010000506342000005007000000000450300060004000000200060000003040600709808700005015
0000040007000504000052000060060029000000300000430000810704058030000600200300005075
6072000304050700008000500200000049003000200400040050020500003000900000060003078005
0600000080000602900050017039000708000500090478070100000090000000014000700400030005
0006000090240305000080000000000940080002003009008000000060002800500200300100054005
4006000003000204000070509060900000000000050028300620000000702900503800400000000005
0030006400703000900029000000305080700004702500001000000090500000047800200500000345
0600980520000040000900020348040090050030000080000070200000400000027000030000100605
0040000600080005040000020070076000030029000004005730200000050300004307058050000065
6000800022003000600700000000078000010020030000406107300000300400089410070207080005
9000050001000000400073000000820010970059000230004000060000203005900800002030040005
0607300040004097020000000000509083003006000070200000064003000000075904000002000735
0000005000004801002006300707300000020050010000000040900002600030097000000080402005
9000000000504000206005008340000310604036059000900000001000060000000030520002040005
0600500004090000100073060200207000500030008000080420090000380900800042006000000005
0000500360004009000000624002050000700003060023005000040037050000500080000600040105
0000400000208000700649372588000140003050000076000000002005000060060803000504000005
0000000000003700904002007030030028500005006000290000000054800000046090302060001005
0300200070000000010046000200007002000003065784000000002000700000035000620070014505
4050300027300000000690005400760001000002570080200900040000000000080200300000604005
0040300927000000000065000000070000000200059005007090640400020008000600300000035085
1000000000046000000820037900005090000000001500080000400700020000604309200300000715
2403000070000060090070000000000948000302000005000000400080026040020000006740500105
0020000000000080706000008311003009500400060000070900000005436200000290008000000005
0000198037904000000000000000000302000030076005290000700600800104003000050002000005
0000080690106000000054000700020804504000000320001040060049700200500008000000030005
0060500800070005030032040009040862000000000000500200090000420500708003003007000405
0070003680000000000040870020203000060080900003004005000000006502000090407050460005
0000040000008904306000200090000790000030500004000806028002600700050000060600001505
0570600034007506800000020000000000320000905601004000000200000000000004000085003075
5007000040000000000000867300300020070450091000203009000000030001000200500090000065
0850000020400020000003000700090700005000643000070305000006157000000000908000400605
3817090006000300020070000000300800000000006007000020008004000214000950800053000005
1458000000000000007080234005003600000000050202390400000079503100020006009000000055
0000000000060810000029500700000002000050004808200930001080000000640005000008401035
0000200006040030080050090004000000201000063003672000400090006000000900300004005025
0250030700000090006905080027000058039002000403000000054000000060008000005300007205
8529604303600408004000000000000060007000009600000300000308000260000010706803000005
0100030080040020030000084600082000005700090040390000000005100000500071209000007005
0010003900003000006042000087000400030006004000000907203009050020650001000200000405
3090002505060000000000010600800600000000045904020000030908003400080190007000308005
4001000000000637040070000000040006020300290005003000790000000007056020402000740855
0900008200304050060600200000000082001807006007003900000050000000160000730002004005
0700049000280036500300920002000080008400053600000600000000000860090005000503000025
5400730022006450390000904000000200000080003003000500040000320900205067030064000005
0000802040930000000020436090200360700050009000000900080000058000060000012800000005
4005800310103745000000000000090000000060920000206034000000300042000403000507000605
0000200000020900035060032000000000002040300707000000160100685000003704006400520075
0000000000005074005000003000028000340640050008000300100904030020506800002060000805
0300000256004300008000000000000200060030070000095000800000000002806400500070000495
6024009000000004160000000009000060000000805070740050390000000400030000004087013055
5100000000040030090000006079018003606503000000000070000000300900060492030400020505
0006020000000000090204050600405000100000000036372400009003260000720000408000000505
0090126000605809200009000037000000950000002600200068000982500000006400020000007005
6000230700000090008720000000004000600803050040500000000000000090040000202307080455
0070038020097000000000400097000206006000050000500090000083000645000000200040013075
0000400032090000404608305000000000600000001000705860040000004050063020800057000105
6000000902094065000000300100000040230073900000405000003002000504500003000820009005
5072000004600000083908005008006100000040900000050003000060004070000010350005000165
0000004200084053003007006000020005800032000060000460000470002000300027090600008055
0200000050456378029030000400000500002090000340000010090300004000013045605040000005
9004078065008004000000000000001007040020000030640000003000006010000040370070325005
9000070000306000004005300000800000000000704000702460100428900000004005803000000605
8600000007500300024020000703000050040000097060703400050000500000042000076000804905
0000090400000500200690000002005600000000130050400000007000000109146700080030040065
3002000078000000000009400607000006000480350000000005000000000131000904500006200705
5092000000400000026300047503000625800000000000008030000104000000000052400070003055
0204000830602050043400000002500000080001900070030000000920008007000000300050706005
0060000008000045000090200000003000005007001000080053090609300500230700460004007305
5000900000000000270000060058050000900009001060403200007205000800060000010008634005
0000600408000300000000700250460050020000805600086020000003070000604200933100000005
0000000030000072000060500004000003000700100060200004790690730002800090000004020005
7000800950000000000540230060008600200000009500080026040700000002034500005400308005
0000170600070000350690000000027506048760005000000060007040052000308040000003000005
0734000800240900000003000500020430000001090426000000000090208002000007010000006005
6047039258030200000200000000000020000004305000000952047600400102000000000050008005
0004000004006320000960000000050080300003040053000072040080007005007038002030000005
0007258400050030003000097000020506300000060500600000070080020009275000000000000795
0400507000050048006000090050089000000000000200530280790090600303000070007200015005
0032000085800000000200903000003004000000000161508000307000000800060510004009030005
2400396000382000000090700000059007140000070000940000000000050000026040800008005605
3190478500040000090000000100902700040400000000000037800000800466070205080000000005
0008300095000008020000000050240000670080045003000020400007000000012600006500900005
0006041000800000003002806900000400007000020055900070481008000700000064020030000005
0006003780300820000000030000003007500050000407000541009400700002069084003000000025
6005739084000010000000800000002600000400070309700300050070000043000008002800403075
0008000006040020000930008000080090000005700001003465000600000900001000030370006015
0000080760000050005604010030040500002003040000800060006000003010009036040000400005
3190000467040009030000300000500200040700000000300000100060010080030475605076030005
0000207000000009408000092360026400003060000000000025005000030204070000500007603105
0000004010060700500051080000070000000030060254605070097020430000000000005007100005
0020907000400000087000009050000804034000060026051008000085602040000200000070040005
0000050025800040009030000070700209006000080000000530000900305200050000630040800005
0002400003020000067000000005060700204000000350070039000500600000290000700030018005
0650000403045002062000005300004000056030000000020076090000007600200480000063000245
0600310940900070008000006005000290071000000000204000060520000600000750030030041005
6704830000405008000000000605090006200300000000000200802080000054000903000008500465
0306000700010200040000002001907000000002000500703000080090076400080600003000450005
0204000904000100060806030003701000500005800030090400020000000000460090700000005005
4800300007620000000006402000300070100168000300000600040000000050030000005003000865
0300800790000930000051000020760100004000000360003070000080000000270080900009000215
9603000000000002003870265000000300700080040060030070000000028502004009000500000005
0740902008600000000020080000001000000590806202460008300050000400206097000000203005
7000000000400000601630907045060000000072005000203040006000020090540100300006004005
0005000460100000007090600253070090010000205000007300001063000005000000008006050075
0000010006980302000024900700840500200000000002050400000068040390503008000000070005
0300200007000850020007000000000004000006000070002549630430000095800306000090020805
0030000802500063040003007063090806000000000000450002000000924308300450020006000005
4009000000002309000050040000500100080400065009027004062000001700000020000600900055
0000000000000005321004006000670010030207060008300409000008203003000000500060040275
2000607800000509009002700000047063000900030050320056000000000040008000603000925005
0067200500000397600000004030700052000000000970200400003001008005000003000000820795
5007003800000000000080064000000010060300007008420000300060000530000002000040276905
0005200000000000000500031009064000000000709407000356082600080000010003044702008005
0800030000400025002015007400500901070000040023000000006000004000053000200040250605
0029400000095030000500060400010000940008050000070000026002003080904000203000800005
0000000000000045620060053004000200070905764080700036205009000762000000006000502005
0000400009085200004003000002019008050090006000000800000054060000070000043062500705
0400908000270000006083020509504000300062300000300000290000000040000263000009500085
0903004004002908630004007000010046800000000005046302000000005203075200000000403005
8305000610002000506523000092009500005600000000000008000750090020000080004000700305
0000000001060002050030000690050107300400960000000200080080030905200000800002600005
0000000003400170066000900000020764000000300900609400070307000251000030780000500005
2008390000804000700000100040030000090100600805000000000600500100000040008091703005
0025000400070410500308000007090004000000008000203080950000050000030009200000070045
0800400003200900400057060008000002500900500005604700306003040200000050090039601005
0000090000280000000300046004507062900900000060000850300000000500850003000026538045
0004020004000002000000500800008000207000000006801070300009060009200034000432050765
1002000609000005020700403000900000108000004000004050030000310000056000302000000905
5036700200000000000205340000600030000008401050070204000004000060060000021040000035
0501008040070005008006000000050000370090306000000004200080000065007002004305290005
4020180000004900000000003000075000026000030080340600072030000007400020009000075005
0000000302607010005300040000804000007420680909000006000000200000000470680750900105
0700802050000040002000000700510006030005400017000000000000005001060004004000210905
0020000600000004008000430500000090030070140000000000000562003002000900060800501405
3250000000900300480080000259003000700004050360000600004016090000800002000030000005
0000074009000103260450000000001006001040080930070000000290005000000490000035002005
5000307000900005240000000000008002474000000300000748069040016703000600052000000005
0040000007800300040000090620000600503000040000405080232038700050000002080050200705
2006000000300026000058000900907204000004030063000800000009700209400000000570000085
0007408000040260000000500060000000090004006701706005030205000008000032545000600305
0400078350000004000300000272690040000000006000006500903000600090000327045200400005
0200030000087000943000090021000000000901000000005076090034000055020000630000002005
0025080000093000000000003080602000300000000893000490000500000060000354014008009035
7040580000000000070900000656000409030807020000300000000069002081000000008000700465
0003460090301000070000900060020000900500010003000000720902005604000000000207800045
0072000030307090100600010020000530009500400200000000060020000000800000400000075605
0907002000030800090010400000000920040000309000500000302309050860000200000004000105
0007402000430005600080000000026004500840000001003000070000800028090000005000073005
0090020805309000400000300001060000040070239000004000000020500060000800006050003025
0000607030089000420170400600007900040000000000014005702846000000005010000050000005
9000200040500061000000040004005082070703000002000000007400609000300090000050030765
0000010500000060040200507007600000005009070100001300000070103600146700900500800015
0500000009030050000049100000080030923096008010008006700000063800000500070003000045
4803000500530002490200100002900040000000500000008006006020703003005000020080000705
9003002060004009002000000080040020005000403070301000000000850007806000050059008005
0000020030007300002000000560050800008040001000029000070293400050400200305100000405
0060000008400000300720000040609008030004300090100006400950000020300500006001005005
4080030002300806407000000000000004700050200000700500305023000080600050000039702005
0692300000014006003000604015200007300340000000000400050008002000400700506000230005
3406000050092070080000000000040208000008900502500036008009000600005803040200000005
0030000010600700000000500740003000820000205005008643000090000000206000000040800305
4050000731039000500000001000300800050010900060000520400000003000406000002000040005
0900080423700000000061030080003600040000000200500070000002000030400010900070050005
0000048000000157000903006406000702040500003008000020000004005067008000000020000035
2004300800067000003700050096002004000090000000000036000830009014000800600000200005
0830000000001200070000000030006070000000000004002000612697000000000007000045063805
3506000006000109300140005700400000070090003000000050200030801000000070501003500005
9500000600005604000000700080830000070064100000000000000003002000907205400000080305
0000000000975000010032000600604170030700006009400602000000080500063004000020500005
0068020008009400000090374080000208092004000039007051000000040000810006400030000005
2048930600000000100000008000000070014609003000004000700050000800037040006415300005
0000060000005300740004006000400800052000003009052000060007009800930200500200050005
0074002302000900000003015006000000003000700900090604070068400000047096030000000005
2030500008000700065009030200200005707000000000000420300003000000400670000080000095
6000840000000010040896000000000006000030054920000000300000902000075020403600007095
0290000056000003008000600479730000080500700020000007000045000000380200042003000505
0008005000130050406000007020020400060005019040000062000004093000000300000942000005
0050963000000000000600050100000820000380400000400078320765000904000000700204035005
0300524000097000100008090300002053400200006000070900000050030600010000040600005005
0800300070072050030200605400000000000500027002063009000000803003000240000400000525
0154093003000670020000000004600000000071060030503000090000025008009004260000300005
0003700020400005300006040000000900009007008030500006000000302790100050080030000005
1003750090000800062090060000000000017000000036000209800000180309000004000500030005
8030759600000380200000090006050071300000000000005060800510004080000000020890000505
0000007000000003060000050049003700515702409030200060003000006007500930000000100085
0930040280070000004000200000352004000020000000000600050049003021005009000506000405
0000000108051367047030000000005009001000740000506000000407051600003000706300400205
8040000200006003006970004507600805003000529000500000000002000034000002005060308405
2700056000080000000030900000006074300000302050370080000840000500050700200600403005
0602000000000070508030000000400002006300000085904020030860000000005600019100804005
3070026000006000040000000008901700200004509000300690000403000001008007900000000325
0000800042000390000070000000300000400020076500408000090040002370000250000030700065
0006200000908000052000003000283500603004000000007002300070800000005004006002030805
0000040904908003000030000270009000002304000080040002000020060303002050040800095005
0003400002305000000057000038040003623000000000024030850000780090706000080100050365
0500000000409002000830026000010050070008600010007000306980400000000000000072035005
2004090000000000050730084020050079030600000200301000000000500000046030710000102005
0020080466500020000000000070060000802006004900300540000004036003000000009410060055
0001400090000000003700002080053840006000520002000600300070000800308006004060300205
0060240977500080004800003008000000030000057000002000580304020009000004700040602005
0030002080000085000250900000040100009080307205007000000000030000004000094062800505
6000457009200800600000000204698700008000009000500004000004000000901000307020000005
0000096320000000000206000040024005007000050030051307000000600001030900265400100075
0407090060013060700080400000050008400090000670000000058004000000035000082000030005
0200060006038450020009105000000700007060002800040000005000040000600807900082000045
0804000500200000700000050038070290400060002000000030000002000000930005074000068305
2007039006400092009870040000300410050000080000080007000026903000900000000053000005
0000870000040050070020306000052007300000010004000005080300000107000500600003004005
0000000000063520007306094000000070003050008020240000030000432060005001080000000305
0000030800010000908000004060436058797090000006000020400900000600062409070040090205
0768042000000070040000030000000900003080720050020000430000000007500408602006000005
0640300570000000000000100300004030000450070008030002060060805000500000613002004005
0000700009030005065000000020004000000000020903087500000840609002005047000050008205
2008009060400062088000090000000900405902030000000508036500000200000700857030004005
0000400006230009000082000000000050000300960207400000802073040500000004000900003705
8000000505060004001400009800009000006090007432300080007000420000005090200000000085
4020000030070090000000800000000000923009480006001004000060702300084020600000100085
0003000040000902707000000653000200000090400202006097000050000409000130006000040395
0050340002005900060090800000008002006080200007300604080560000070000000030003500105
0706900030000000004002300008900000000005000400000003250460500007020030600007004305
0000601040003700004009000800700200000200504680000030200670002003004000060007300055
4000090008307000100001004507000240900400600020600003000700010840020000050000000005
0000070040070286030000092000080000090040300000300500082060003000000820060500408205
0010083070003000020600000040800006000104050080900300450250000007000260000000500005
7040000020000000055630207000008010704070095000080700260051000000003004000410800305
7006500020020000000000004000600000201700008409035000000000450004009002030580100605
0000360004900020000267405000300206000500000000803054070059070000400000300000630005
5837010040700040600060001004000700080300004000026000000000900000148065000000000205
0201000040450300000000040008005200900020080006070002380890000760000090520006003005
0000020007000096051030000400704203000000600900000300020052004609200000080040030005
0500642300607800004000006088000000010006104000000300003470000160020009000000070405
0160040007503600900000000000004070264608300050020004000005400003200080006472000305
0090100701000400028000379000060000004000500200800020305207000046000040000000900015
8235000644000200000090000020053000000104000700000700080007024003000007000600405005
5007000036090007003000000200010800650309600080000070000900700800000423000060001005
0000305005804000004260100082406000003070004020000070000000706030000000070080010505
0020800050001030070600950000030006000002003102700000000209704580400002005000000005
5600000000009020000400863020000092050053009809060080403040000060100400000000200005
0302658006050000020070003000000520300600000090084000009003402600020000030400000005
0203000000030400085600001000702004003800000910000080000000300060000508078490260005
0000000000502000090086045300064080000005000010000034005000200400700000002043050765
0000405000009000002700000000000010080367040000000050470000080605072004003090500005
0006094000000200000010058023000000040000602309601000000000700006000543000420000005
0200000000700003008030000060000050000008067000503428090940600033000000047609040055
0000300800008000404000900050800000007030062001007000000009400610000004300200070005
8003000423900000000400920000000060005700000806000003741600490034300800000000000055
0502000000200010008000640000000009003000508076084000000800105000020036907030000005
0063400003400000605020000000009002050070020300097000002000900540100507807000000935
0650302040004000060300200800470030602081070000000000027000040080245000000000000435
6000000233700265900000500000000370005000000070600403089030000010000007000240090005
0000020400089000300060038000300000200050840030010705000020106000400000000000000505
9070003000000036008000700920040050002600304050094000060000500000230060000000200305
2070000000400000000382750900090006070005000208009070007830009000003600700010003055
0004013590000000015200000003060900000043008600000000000000080000900005040420600735
1003000050000000000000007360408500000500400079080000010200000007000050005304200805
0020000003004000000700020000000092840040300002070509000800200066000050230000800455
0000019008205006070007000020000800000070098004003000909600050080500602000040000505
0000903040000070006050040070007890000904000030000020009000000060020007508576000105
0530080000000000008701400060087004030100000500054000020090000004000002002600090705
0800000000000070903060405000000002600107030005400000030043009200000096002300700405
0030000612080300400005000000020740360050008000600000090008000705300070006000200045
0004700008001506201300000700800000600090043020036200009003001050028000000000050005
0200007000002634500030000100073208640040050000008043000600300020387020000000400005
2000000760000304080600000190000500320040200000200067000850100000007609000703050005
0524000000000007000000230000600402030082060540000500602403975805090040300030000005
0004308003107000500000600000000000004000000250390104006000030900000573062000400705
5007018902070000000000040000005000020000003009500004000002080607030402000063005005
0090408000080050000060307000000200000520003009006070003000090500850020090001000205
0000360000040000237080050000000000703500080000000904000000003000000705142000536005
0045003000920000700000320400100000056480000300050006007003002040000600090000040805
0506034090024000006000000000000000630000100000040001900000675103005400060068019005
5000000080008600031400000000705023000000400000130900023009004500002000900050060005
0000638700670010950800950048700000202030080000000000060500000000003500000000849005
9000000000003005790006400300302000058009001000020080900254000000000030003800006205
0020000900006150000608000000080049200700020009005380000004000053000000804002500305
0874000300130009000500000200003000070000000000015206400740062000007030006000400095
0030005208000000000000027600000080000000003014700250001059060000041008000000000405
0000000040020000085003040010060100207408000002004075030000000000000506003007020005
0803000000000020034000700000000008700400380190601000302008000950050001003000560805
0005000007032405985007300060000050006001000540000076020500203690009030273200000005
2905004000000200000000062070000405600100780000030010003004000000007300505010000745
0603004290502003000004000602006400700000000009400000000790600004100706506200000405
6031000000000090300800004700590017000100000000000450200005603000700000002000800095
5003000040010508600000093512006000000005249000700000803002005400000000009000050235
0810000070000000039000058401079000006000009000407280000350600020000003000020000505
0006000000300000002401700008020900600008005107600000000500360020080056040700280505
0003002000042050000027940360060000000000800005080060240100506000600029070000000005
0000050028064200000050300000875100000000000489027400000043500070700000240980700605
0001000040730802000500408000000000006004000057005260002040000360000007499000300025
3510000006000004000702006030364028070000800000007000400470069000000050080208000005
0008740200705600000000200000009305604000000020002000308300000702003504006004000005
0258000000000600400000527005000000200000000947306090000040000020000800000801700035
9060000030800050007020040002030700500000400200605200080000073063008000000000002045
7203006000530800000002745000000000020300000062007460090000000000000020809760530005
0040000000060053000502000000000000000080246370036702500870005000300908000004000025
0053000041040068530000000000402300900030540800020900007000000050260000410000006005
0700080000624700308000000500000053700000000090070800400053200004080500010000070005
7469000000301006000000000005106003400030000009040030020900005000058200003000140095
3800905060005000200060000000790023000006400000000070040350004000401000000100002805
5002400060800000004300901000200600106000043000000320500643000003000804000700250005
0000008001000763403600059000000000350000020000043000700039004008000000097006000005
0370009040600050200080000004508000070020300000090400050430005620060000030000010005
5000000408430000000200000030000020007508003900020007549005800200000290080600340005
0000000000603921000008700090300007022000000040870003606000800000010409380020090005
9000064200800000100340000050007000500060300027000620000000458700200000000600180005
7200000900007000030053000082005306040002000300640005000000009004070003005008020065
0000000000140708000005000390000000002604090000000302507020000006301509000000060045
0000400060000205400008050020002070007035010008000040200900000000500001074020060305
0004700000000000340070001900306580000592000002003078000030000064000390800000000015
0090000058260500400042060300000053002900000706000400820000100000009008000370004005
6030270050003000020700009004087000000000805000200090470000040207000003042600380505
0000200085400000100093000000340000500009307000208040000000090070060008020000003005
0500700000400320050000086000690007030000000000305604200200105400050400010030000705
0000800009830600000040000635008300000060200050020000701000075000000560203000000045
6000000009208070430009000805020030047004000080000000900360809004050000000000200655
0100804000700302000060020905030000000040000820009430001000508032000005000000900405
0900000003009004005040200890000030602030700408000500020000000950007000009678000005
0200509003000742000080300005000403200006000000020006000000000097040081009030205005
0000300020350000808000297000600500300000000200900048000002000040094600051000900005
0009060000860000000000240004000003200300000977004006005400032000000008000020900455
0003040005006709020000000800070600002004800900400030067600000050020908000000001605
0007000080300007000006030008690351000700010000100600056500043000900000200239000075
9000040000420750000000000007306285940050036700000000003508027000000003000070401005
0701000080400030002000070000060004050003700005000000200306905000002006040540000095
0020009050000400008007601030040000200500300000600100040003000001300540080000060005
5000000907200090540000007020100004003800200060903500000600300000006009008500002605
0000000025100040063060057000200090000085010900000003080490000500038002000600500005
0040000009010060085020300600090800020065720000000003000000048270080100400600005005
0170000000300470009000630548000340000000200000708054020600700052000080000400002865
0050004900000000037040908000000020000060001000305000000470506090607000802904600305
0000204000970800065030000003000050000048000050600000270000900009062003000500037005
0060000000520000000000008460902000600006000380800040099000200000040950100007063045
0000300017900054028000000004106000000500426800000800506007035400000000000000002005
0051094600005700300010000076000050020072000053000000040007000905008030060000200005
0040900000001030500000000002003080005000090079800070250009056303000000007064012005
0070530080630005200200900300700603400008009000060070000000000000310700000000342705
0000030001000000090704060008000205000000008004690503700300000062000004000060040505
0000802000090035085004000007020000000600000020000040300000200503018006000409600075
0000040004000107080600000102700409800060020070940680020002000090300800000410093005
0000040003890000000050200000000000000108050090003908400000006952006000000400703015
0600052000008000064000010090300040700000800002001000833200000000503074007004006005
0956000700000000000302000056100000005000006000070040034000060300008002007520034805
0300004024007050000000000050090008030200300000850072000500000166038400000000700005
8700001000000000740040095009000070001300007064000509030000200090053002000000400005
1000005900030046004000200810000000000085000033000082400040690200270050000000000355
0100006050045730000000020002070053400050002000000060800000000020034007509500300045
0006140030200900400002701503804600000000050000590803000000000820000004600010025005
0000000400000096070340180008092700005000048000700000100000030000080075004950000025
0000090000420000000835000090000108050000080040050002300600030000504601000040007905
0060520045003000020300070500100407000502003900600000000090000800050032000008600035
0000000000005360006041070030050200003000700062070000800486009000020030450000007005
0000100302000006940640005000001060000030407005090000030200050000069004703000000005
0530900724000079060900405000000000000300208000003800150108000245400000030000010005
0040000000000030900205000000030409560000100076007000030720504000600010800300040095
8400900020007006000300000000070010085040600000600000040200405030002000000053700205
0600050400000800000300060019710030040060500200000700008000000000503407800000023005
5020300060300600000000080000062000907900000004000500370000037000000200648000460025
8530000000000500090060030004300090000000040100700018001040006000009200400004000325
0080000000060105007000020430003001000030590045740000000000009061094030050650000105
0510000006070408200000034005003029000000600300890000000100200600000940080008000005
3000000000050061000805900000000010000006000002060400080528000004037290800000050735
1093050070000079007500000200009300004000000000700001006004000000005600388000020455
1000060000000030046900000020700000050030500900060080400290850000072003080010000005
0000000050004036003600070020081000500050600000090003000023460005400200000700000265
9010060000700200640000003000050000004025000080060070000300041000200500090001000375
4605000000200000083080001040010000000004020030000095208000000306000008000050040075
7600058000000700209000367000000500006000000040046230800060004300230040000000095025
0007000302000350000052000940060000007500010000040000080006003806300000410023400605
0746805009000050006009307000070000100900004003400000785000006000093000000002400805
0250003003000092000040500090000104604600050000070080000020005000304008060080700325
0500034000400890000000000356000002045090280000006000107000000000010006400041308005
0000080010040650002000008540056810904000000300020000003000900000092001700000003005
0000020089100300500000000002090084000040091000030506000000070025002907000300058005
3500020000003006800800040000000000020050800032765030100017000000400007565000000005
0901060730407000500000500002000300004000051007590400008009000340600049000000000865
0061870000000000073000000020400090706000300008070002000000430080500204300020000005
0097500400000000500002900000020703607009000000100058070000020014000300900038000005
5000000000600000000010008030800024600000300200400957000070000000000800004906002705
0190000053840000000560070030020000008070532000000000060004300200000098044680000305
0000408000020070030000005000007030406000900717410800590079200000200080004000050805
0000000000054200370000080156029004000300005000506800900000000600070020009403702005
0000020000300000100200100740010087000000300800900640500090000370450206003000098005
0000060006703400052405900005008000900000005234000000000320050000600204000001003705
6000000500370290402086509304000003000600000040005001007000300903000760000052000005
0007025000000050900030900000000000430104092000070000008960541000010000000020006895
0000080020270000488040000000024005004000039000000620030600500300001060053000970005
4075032605000000000080900300200500000000000008009006400048000012034000000000200095
3000004020086700007003000000000361000000050005804002606030000200000000800402035065
2000000030000080004390060070000000006010540000740600057000000000405070900080296005
0000040000450073000600019400837004000000400000026000000060301000000007080042090055
0000805320000000070809000460003000208040603005060000040602080002000009000000750635
0057600411004000000080000205002300000406003100000405008020500060000000070000010805
3000005002509003040400700004000060020090001450008000000030000000600014008007906505
6130040000000000000586009005000300800020060000601004000400090280000000002850703695
0003864000002000008300096700005000007000040000037900000000000404008107900050003605
4090000000070000606500497320010000800009060000000002065064700007000310000006003055
4000200005000000022018540006500000200080024600000009000000430960090605730000090005
0804100300047000060000007002000953000058040200090000800705800000510300090000000005
0906002000405038000004100050568010030000050000239040005000003000090000202300080505
0003001000200000060000900834920806008000000010070068240400003002000030400857000005
0000420690600300000040500004000870002030006005794000083000000000000003520008000405
0008000030090067000000500690000200007500000002003080060005040080000002700082304005
0000620000280900400090000300500700840000100033400000020300040200040060000005300675
0500009000900047000780034200307000000146003005000400900000005000050100046400900025
0000483000806270000000007000000005090104300700090500309000000026500020002300800405
0000004760061040500200000306400000000090600020000023005000039002340570000700000005
0000000000236070005608204006000040050000010000000807002000000694503000020090000305
5340020080020800000004002009402000000600050300000340073290600000001036000050000005
0500420000060800500000002010098700030025034000070600000000300000346205070750080305
9501006000000000000300800570006200000840005020600580340030600950200050000000004705
0060000947020000000000032003002009068405690000200000000830000050008000320650020405
0830000407003008005000002300100000050007026000070009006002090003900080004000060205
0010560020047305005070023000000002050000000080030400003150000000490000700000080005
7000534902030010600000000000500300006000003400080000003000000000200000070062485005
3000000809520000000070000100803020057300050400007003090006090004000006000900280005
0002460100020007003008004007400286030050030700000000009000700000030008000000050645
0800000010000070000043605700000090009002000380000800240020700405004000000070300005
0020000097002050308500000000000004205000000706003025000009001000060170002105300075
0600030020000000057400000004000092000736820000900000503005000000041000931000070405
5690847000205000000040070000000600940000305001030006004009080500000000200900500005
0000000600009020050600832400030270500520300000000000803040780000075000316000000005
7000010300046800000050200000000000489060000000074000530020000006583007900000500005
0000000700000005609002060030743290006208040000090000000300000082004000900000056105
0060053020004000902009060007050000003001000740000008600090000070000702300700630055
5090003000000030500002609804705000000580000200003070000000060300000000420157200005
5020048006340000020000000000200090503008650100052000080000004009030000000604520935
3500600017600000002040800000700000040020796000054030000069003000000320000430502705
0062004000400000030253006800715090000820000000007000300570020600009080070600000005
4300010000680041000050000080090400206000000450700003000000350000030009000500270005
0000417000060008000470001000000090000050003406000020100300940800027000500705600005
0530204000260000090000456000750003200000500702400030080600000403005842007002000005
0700040000003200000009000069002000300020000800400530000208000703000654204500000085
0030400820500000000065000070007300000480000060020000493000506005000600700040000105
2000030000058000000700040000084020060070000530090300040009100070030051080900060005
0020040600000009005840020000000073000700000000200600009005430070007000500000084035
0370000900285030004000000000020060086003007007902004000008406020000205000000090005
5001920000000006003007000400023040000000070090740050000038000200800000930000005005
0000000312050000000400008000009067036000050005000340900090706007002000400300002005
0000000700000205000050703095000039003010008000000540001200870000004000200086000305
0810070007060040200205000301600000090000090708000000000908300000009002045080060005
0001630400000000000000507100030040720000000800200090052000000005000028070190000305
0000423000090500000000030060007050699000000007004080050000000006205700300300040805
0000000560270060008000071003900002000020830000000609019030000000605008200000000045
0200000053904001600080000907000004580000030068001000006000000002038700000500000205
9080000450605807230000260000007000005009000800000300023001000000400075000060930005
0509230080000400300000000099003002700000700000400050000070009030020000006390805405
0000090000065080020080205000050301070001006300000000000603000402000000050309840065
0030050280000000000500600040060305020400060800700200007004008000000031061000080095
2090500043000001000000700095002360000200000450000000306704000000005000070040000235
0040056200000100900000480000409800010090000000020030700000200060736042004000000005
2007050000108004000000600006200300005000000280900000600050017000030070020700403505
9000000054000308000007009600004802000001600088000006030000100300580090000270000005
0200490009000000000000850320180040000600001057000000003009000061806530000000075005
0009000008300500600004008000500002063000000000020400970200050000900060415000300025
2000000000007061500403020000020005000000003468700300000001008000200009030300500005
0090700600000059043060020007300000020900000000507008000200600400000036200074000035
1740500009003000200060940006200000800000052635000000404025000000000034000104260505
0302570000000000100540000000000000540090401000010650200006040000050300020860010475
8000000700074000590040008000080000237000000002030090600509370080000450003000825005
0360507000100030000056000000000000700804170005073000200520408000000025030008001005
0000000000657098010040300070000506000016000407060040080000702000802000000000005345
0040000090000000006200053000010800000370020040500700600800600500000004070400019865
0000061000010030050009500200000300002007000600050803076900084700100000007000000305
0000000605020670000600385200080700000790008050043000028000000002054000300060020045
0070020950000800020000000630060200000004000060010592000501000700900400804000000005
0839000000005007900000600804006008000002300000071000400600000015900000000010050045
0004200700000000009006001800600000092000007434009000003040060000080004970070092005
7000020600200030000000400808420590000000000006008000070070000203000900482504603005
0000940707210050900050000000600203000500064202000580000000000570800000026730000005
0600100700000030007020000909002000800000000003540070002800610000000300050030052405
0400000870000080055080904000000091000000500007354000000008050030013600000000008205
0300102000070000000800000068000095720402000830000001090000080046250000000006007005
3006008020040000000080003006007100090005490700070000082000000050951006000000024005
7000600050090420300300010766000700400800000900000006004000063000000200000030080025
0030760005070040360000030000600009000800093509002000000000020700005000000080300625
8000025305607804000020000000763050004000000900000060027230400000002009070000000105
8070000000007000020100380006002040000000700000500008045720006400030000000600031055
0000000520603247009305000000002400370080002400006900004200005000000000200000300645
0300700154000000000004003006080000040100050760000208007000010630052000900000060005
6010075890500000027080000000600009040000700580020050104003180000000008000300400905
6002900000000300720000850602045000090300000070000000050700000080000063004580000205
0007000000805200011000040079400800060750000006000005030000029000500000200064070055
0700068005400000030000050203000402600000000000986000000003006900000200000570000485
0000004000530000928020406000000700000003007099870200060000000203204000050490070015
0000400033060825008040301600600080000400000005032000040000007902000506000003070205
0006003700730006020000705400104507000000000340000000900020000000405000038079100005
0000750000400006000090080000080000010002005090060300400709010000000002104000060385
0009008000020060304070009600000307009400670207000204803200050480002000005003040005
0300000700000000002005090000002000808000400050500800630060030010200060394008100065
1507030026002000000300800000900000200030500600614098058000004000000020700003050005
0000000040401980570900501630500700000000060001005090300040000000000800023627050005
2074000006007000803400050000010060509000003000040000620062000000200500004593087005
8702090360000000001006000000060350004300000809000024000200006057000003000400830075
0650000009000030000031060070003090250040000000305170460009000735980000000000002005
2607000003000005000801350000000030020000400630345007000000020870108700000000002005
8006420702030000007000080003009200404000003020000000650020560000700040005047030005
0000000087000300000090000400004000030067000190203006005080100026475020010000008005
0090000020200000000000024300500631900000000007000000086002008000045009002307086405
9036000000000720001600000300005000000084060590090012000000000080050080000200004075
9028000000003467090040000006000035004050000000300010480430081001000000700080300005
0000300480300000002040500305900008700209000030000040000000007560400700103026000005
0005000900300800000420007080270584360003000000000045000800000000002090706700409025
0080000000309002070503006000806029005020000030400050000000845060160093400000030005
6040090000200000030006401000802700060300000520000500000003648000090204008000000005
0058430007900060300000010052300000470070000105002000000080050700003009000000600025
6203800000006450000002000000500204030060097008004000050030000000007002309020605005
0000006006000030240008090000400800075029070000064000392040000000000700000300900515
0080009200000028000204000000000100050065091030030064003000206000006000000800543905
0620074000075200900000060005000300700400009650709000000000000001900500000300482005
6000002000000008607300500000000000002030009800004000130100380040000020000060940705
7000450000000060000100000908400000250000030400020000070900100006500040380030500005
0040300000000040309300500020056090000900030207002000001500700000080000000003208405
0900003600020004003007400100003092000000000000032080500046500007850000300200000005
4562000100010600000000030000000490025000060400007100006040078007030001060000000205
3000590700040000000706040200090600000024000030600020400080052340500007600400200005
0102050065060070008004000000603000904000003000000000083090002002700364000000000095
7005040200030075000000200000300060020800407001000036900000900000093820750000009605
0000800720970405300000650003004200000010080000000000090040000000600704005090003005
0000000001090050807500083908002004000035000000700600004000007000000800200809270305
0000000000067000308004092000070300005002403006030080000010000060000004004703008505
0006080020000000000900700030050010090040030087020000003005000201083094050002000305
3005070000000007100000030204069000851004050000090003007000000009000260040023000075
0300002050000400000482503000530000101000080060800900023005000000000096000050024005
4200006005007040000000025000000000000802000610740080300019000807900000040008030505
0940000060060500100030040000200300780000700044080002033407060920000000000000010405
4030008006000300105000200000003580700060403010000000800420050363007600400000000075
1030480004600000387806100000000000009070000042000607016200005000000020008003700205
2010340700040000090008003000670008300200000000005000000060010070000605200700000005
0400500230500000000007200804020057900080000000000403000008000410600000000810079005
0045800070690000000200030060000040000700009020080007107008320000000000004020903055
6000037420000020030000000000000480177000000000409000603700208050010700000800650005
0000052400703206500006400000027360040400500307000000000542930700080000002300005005
0000040006000090040030008000025000067000130504007000000009000100900826000000310005
0000073082300000900000000004008000000002900000060000506000009000740260305024000065
8000020407100609000030000080007038000000004600006000000079062000000480300600200095
0000070042009005000006008900030090400600800200000400366003000014701000000200000005
6004070008003050000000000039000025003050000004006509205000794600000040022090300505
0040000020000650000900100506080004000207040600000035009708002030000700008300000905
0000009400040070002000000005000800910004000303002000076007002047006040050000350005
5032000747009040009000002500000800004020000603004008002305000400700430920006003005
0007800007093460850080000005931000000804000700000002000400020300070090000050300025
0200060406002900010003000000300280000000300050004003000005000760090470305700000045
0000000030400050001930045000240300060000520077006000000380470020520000400000000005